reviewId,content,score
b39b8565-6a41-4d29-84ac-6449b5f0df69,Iam only giving 3 star because instagram didnot incress my follower and veiws,3
00405430-e42c-4067-ae45-fb352046d112,awesome,5
568b9414-35d9-42fc-be79-b7c4105be2c1,best,5
bcb9af34-97d1-4496-aa6f-dfb2b04aaaa2,lalitrajput,5
eae3de02-34b1-4f64-9759-37171ce16b19,please give me new update of instagram,5
458d9798-7fb1-4d85-921c-d700959081df,tannuchnari,1
98a09585-3e9c-4019-b3e5-61492d493d7a,This app used to be good when you can see what your friends is posting. Now all I see was stupid ads. I don't even know my friends post something new. I'm starting to hate this app.Stupid instagram management with their retarded brain.,1
43ffd7ff-dbe0-4213-8701-8c03564f8d9a,Mera Instagram ki I'd open nhi ho rhi rohitsain_ru please help me 🙏😭 suspend bata raha hai please open krwa do,1
637229d8-92a1-409c-a3ba-dbdaa1c937d7,instagram🥰,5
3daa6315-d761-4fe2-8df9-b4d5bb0e5099,app open on ok,5
30b62bcf-04dd-4a6f-b49b-996115ddf067,Instagram Account Disabled how to get back | How to Recover Disabled Instagram Account (Reactivate) my insta ID my lucky 999,5
d4d03bec-15e5-4431-8a70-03089371e1ae,nice .,5
a7108de7-e672-4113-836b-15d53492e8dc,nice,5
27d9552b-469e-4211-a967-fffcdebc97a4,excellent performance,5
75a085f0-7ba1-480a-814b-2213a0dd370c,yah best aap of world,5
2650419c-a724-4eaa-bfd2-eaa00f32cc34,INSTAGRAM SUSPENDING MY INSTA ACOUNT WITHOUT ANY REASON THIS IS FAKE APP,1
1a74dd31-1458-4d1a-bf86-845d5c8055c4,dury app this app suspend my 2 id without any reason never trust this app,1
e5a898b8-8a37-46ac-a2d5-1f4ada057480,komalladdo,1
8e2d0f00-dc5e-49c0-9125-997ed47064c2,Instagram Bhai mera channel gro Kara De,5
9f8815e4-cc6d-42a5-b7bb-034b35bbe6b5,excellent,5
1239b8cb-f004-49f8-8e71-73c516db3fe1,nice app ❤️❤️❤️👍👍👍👍,5
ee4541b6-4dc5-48f4-84c4-3444c8ef1248,hi thalli Talli Talli Talli six 🕡 ek hi hai pura proper and complete transmission and y ☺️ hai pura proper way hi close hi hi hi thalli a lot of people who is the best hai 😂 😂 hai ek baar hai pura din hi navya a lot to me and I will get it and y hai na ki mein utha Dunga hai pura din me up on this device I turn on and y ☺️ hai hi nahi ki mein hi thalli hai ek baar mein utha kar hi nahi Raha hai ek baar hi nahi hai pura hi navya a lot more than the best hf hai na ki mein utha ke acche se khel,4
52ec79ea-5bb0-466d-9f33-69d6d92ac835,it is best app,5
48464cd5-abe8-4964-a1fb-17f0ab26cf96,this is the best app,3
f8d25571-6bf1-4324-a22d-a6314a48027a,Antara muka yang sangat cantik dan kemas. Suka sangat dengan ciri Reels dan Stories yang memudahkan perkongsian memori harian.,5
7bfeff31-2aec-4f18-9114-280e76b8a5c0,very very nice app 🫠,5
58aa8b6b-f20e-417d-a651-75d40f88b312,so beautiful app with Instagram,5
9bd45a61-098b-47e8-a91c-99aa9f670dbb,ভলীল্ল,3
7add0840-a0bf-4407-90fd-16ccdca8c1c3,my insta login facebook nhi ho Raha hai,5
a8558dc0-6e39-4b4b-91e9-5d0f6d2a3b5d,confidence,5
149e5c3e-5a72-4584-b0f7-f013d8c58410,all time best 😁,5
9d1ebbc8-3976-4e7c-a04f-29bc6d475852,vikashh__official this is my instagram I'd that is suspended without any reason I request to Instagram team please unsuspand my I'd please,3
76870f7a-3525-4394-a147-1835f2923148,nice 🫶💞,5
932da4ed-e6ae-49c7-9b8e-6981cf86ec12,wonderful,5
9be99647-8d2c-449e-b781-04c0ebbb49d4,nice place to market your business and ideas,5
71e01095-106f-4088-a75c-0169a0fd769a,My favorite app .,5
e100a63f-26bd-4d1b-8be5-e4ecd981d52e,very nice app,5
04446a6a-f0d3-47e4-a88a-119298704cd3,ever since last update my feed does refresh or reaload! it didnt start that till this last app update! i have samsung galaxy s24+,1
d99d16cf-799c-4a8b-b208-34542c857e81,instagarm so sweet ❤️🤭💞🤗🥀😝,5
255588c4-310b-46b8-b876-9656483c11a0,thank,5
ba3a73cc-304f-40b8-8de9-79c9e48a749b,Good,5
04fe6dc7-d065-4871-abbd-28eb74b31906,"Dear Instagram Team, my account (yourusername) has been deactivated. 2,942 12 I believe this is a mistake as I have always followed all community guidelines and terms of service. I request you to please review my account and reactivate it as soon as possible. Thank you for your time and assistance."" Reply",5
805f5e4d-59cd-496e-9812-aa076f052120,nise apps,1
8f7a868c-4925-46d8-9e2f-29aed76d9f90,100% perfect,5
875eece9-adac-4ab4-8614-57dec37058ed,nice,3
46a71926-6ce3-409e-ae0f-beae6d3418de,🙂,5
09178bf3-69d4-438f-9a7b-f75a812ffe00,"The Gif on the comment sections is completely gone for me, there's alot of videos and memes I want to react but I can't. Please fix this!!!!",5
20ccbd07-19f1-4339-9de1-efa3e74c972a,pappumd,5
251327c7-42ed-4da6-b893-30e0b8e5319e,👍👍👍👍👍👍👍👍👍👍👍👍👍👍,5
26a159e6-dd95-4ba7-94fa-46fae8c74e19,This is the best app to make dark your future 😀,5
3cd99892-c6cd-4f49-a397-eadeadf9ce35,pixel 9 video is stuttering frequently now. cleared cache and data and reinstalled app many times. happening on both WiFi and 5g,2
76597d19-fc59-404c-94c3-967d01f965aa,mera problem a raha ha ki kisiko follow karta ho to uska udhar kuch di apna ap unfollow ho jata ho,1
464e02e2-5637-4ec1-9686-f609d6be9618,Super app,4
a6154572-e7f3-40ef-b798-cfaec838e23d,Instagram has what it takes to be rated 5 point so it fine and they deserve it,5
ed1dc508-95c4-47b0-9211-e56e33e7d162,enjoying app for scrolling pic n video..,5
81d8b3b9-ae91-4fe0-8442-2007b138917c,"ठीक है,और क्या लिखूं,,बहुत अत्यधिक समय नहीं देता मै यहां पर ।",4
8b9997a7-56d9-40a4-9e3f-50699ad6b58d,❤️‍🩹,5
55b5a689-65a8-4189-bb1e-6ce1b36678a8,this is the best app,5
78aa5bc6-0086-4bd2-bc80-01966d630dee,no reason,1
28229acb-8c77-49e1-ae2b-771610476cc9,Very nice,5
f379a97e-f9fd-4800-9e4f-a479adb5c076,good,5
1de6b747-5d96-4f79-88f9-b734b90233bb,Hii. my,5
76e0eafd-b624-4446-a979-bc37ba0a77d0,"Deactivated for no reason. This is a problem so many people are facing right now, and there's almost no possible way to resolve it, simply because Meta won't provide any actual support. it's all AI.",1
656b96d6-b16d-4f99-9ddb-9a03eb72db21,shivani,5
e735116e-75a7-4b10-89b3-35733526004e,baar baar mera account ban kr dete ho,1
e211a8bf-07af-42a4-86a4-cdd116b2a316,bahut Acha app hai instagram,5
02d3851c-145a-4803-bb1d-c32ba1794082,I'm enjoying a lot it's digital world of lagends,1
52bf9d82-56fe-4de8-b25d-4498827e42de,Quit moving the frickin save button... Just pick a spot and LEAVE IT THERE! I swear you guys are obsessed with moving it every few weeks,1
888d28df-7c8b-471d-b5d2-857dedd01105,VERY GOOD,5
fd17e1d1-90c1-484c-a6f8-3f8f270063b8,so nice,4
6ee7706d-706b-40dd-ad4b-b4981dea105f,pura ka pura. ghatiya hee koi bhi download mat karo,1
158f9f47-9cbb-4191-8722-9b59baf23397,nice app,5
63de96d1-ef5d-4db4-a927-a8ecd15f3612,Ravi king 06,5
4a680200-d415-4d8d-97f7-7da6a3dae5c7,Could you make changing the password any harder for me? Won't even acknowledge that I'm logged into FB already. Password help logs me into someone else's account instead of mine.,1
0978a67d-ee8a-4db7-95ef-e6a948fee13c,auto scrolling ka option nhi aa rha hai,1
a78cf24d-4946-4f8f-9541-2d9a977178d2,Good,3
538b484a-6aa0-473d-bed6-3d1a9ae5f27c,It Is A very Good Application To Communication And Entertainment.But It Is Very Time Consuming.,4
cdff5741-f62c-4dad-9f34-e036d3d1225c,"really hate opt-in basic mode, made my IG exploring experience worsen since they always showing buy Telkomsel data ads package and the connection was really slow",2
eff40e94-0285-4a84-8af8-05a364d4a02e,"I think the weekly limit of account deactivation is too much, it would be better if it was just for 24 hr or maybe even less.",4
f6738a30-fe99-4ed6-90d3-c9aa56636767,New AI moderator will ban you and lock you out of facebook too. No humans to contact.,1
38764ad5-a7e0-4664-9ff9-d501fe041d66,🥰🥰,5
ec567bb1-1ea8-4f7f-ae29-c015fe42357e,because when someone tag me in a story I can only re-story in ig it can't story in facebook,1
90fa55d3-cdd0-4717-b8c4-a89859eae1c7,because the ig (instagram) is more fun than other apps,5
10c012f1-2e72-4217-b4e8-a0b779bfbe7a,Social Media platform number 1 in the world 🌍!,5
efe02685-bb0c-416d-b739-faa399be8626,top,5
5cd7429f-d3ca-41c9-9254-d5bd8df8b1e0,best,5
1330d579-fdc4-4498-800c-13383fe8c1be,exceptional experience,5
14dd3155-f8cf-42d5-be3f-848ce1bef293,it is best app you like to watch reel put story and notes it is lovely,5
98b2aeba-86b7-4662-b2da-70b786be8a52,best app,4
36438933-964d-4a6b-854e-84a547c09ffd,very good apk,5
5041838c-055d-4425-9a9e-49f40cd3d304,keep on getting banned for no reason bro,1
acdedecb-ad30-428d-b1e5-9583fafaa16b,Meta is such a trash company that is meant to steal as much of your data as possible without you knowing. Good luck trying to log in on any of the apps or using any normal functions without it breaking. I am unable to login to my account because it says my password that works perfectly fine for Instagram on my browser is incorrect. It says the same thing if I attempt to connect my Instagram account to my Facebook account. Good luck trying to get anything to work.,1
3f188251-8978-47f3-8a5a-4c5e2bbca7d5,nice,5
187cb633-4833-40ed-af3c-0836b9fc5b07,Reach a greater audience and find inspiration.,5
70d88f89-3a5b-4ea9-9fca-b5e05f2e802f,it cannot play the music in the Instagram even when you have a wifi,2
79e4fd46-2d78-49d7-8f95-8a508a7261e8,very great 👍,5
421978eb-313c-467a-8ac9-ddae0f9acf9e,"Instagram keeps suspending my account. even after creating a new one. no further explanation too! i am not a bot, nor using ai, nor commenting hateful words, nor posting sensitive contents, so why? it's actually frustrating cuz after just 4 days of creation, a suspension of account suddenly pops up on the screen. i want my account back. it's the only way to connect with my friends but not anymore. i don't want to create a new one just for it to get disabled again. do something",1
035cd5cf-ca5a-4510-a9d3-8e4b8d636afe,Absolutely love it,5
6fe98f74-4a92-4a31-a33b-5ee57fe5ec73,it's nourishing my talent,5
e126008a-2946-470a-93e8-266a0677cac0,after like 4 years of use n experience on Instagram is exceptional but the calling n sending videos is a lil wacky but the reels are good entertainment,4
b26fc561-f32e-4ac3-b328-68ec05173780,super beautiful heheheheh,5
679000fc-2cac-4a51-b335-24a22e6b9f4a,it's fun and exciting.,5
4d9570ef-4390-4c07-bac2-ee78dc0d123b,this is a good appp,5
0fb3b2c6-8d57-47bf-81e2-281df48736e2,sab log baner same hai,5
7bdcce31-4ab6-4de9-8b0b-4c116d16a69b,"I hate you people with everything in me, have created to personal accounts for self use only for you guys to suspend both accounts even after providing my credentials. I'll never use IG again!!!",1
3e29656e-01ee-41de-a037-7de2e108a6e4,🫶🫶🫶,5
f72e2279-5a60-46dc-8c46-dabb612002cf,it won't let me login to my account,3
d1ca2649-f1c4-487e-8089-f816f4260737,tq my instagram,5
00f3cc96-d51b-4d51-97b7-f567ef3e7117,Please add option to remove repost button from UI.,1
5eb03a0f-863d-4625-b1bd-ebef538320ed,Aweasome,5
e73347f0-4ab5-4136-9d90-b73b7410745b,Mae yeah uuuggghh glizzz Instagram is the best app I the world 🌎 to download,5
6b3263e0-44b9-4f01-87f2-dd2e3d07e411,id got suspended without doing anything and without violating any rule,1
55618b76-3bdf-4fa6-8d38-89cd532e4587,Thanks for Instagram 😌,5
1f659ff1-5df2-4bfa-9b97-86abd381f8b6,"please instagram i beg you, I'm a content creator and every time i try not to give up, every time i try to give my best, my acc gets suspended when i do nothing. please can you stop this. I give up this time fr",1
ad80e14d-a3a0-4f51-8370-7c4b430dea1c,very good,5
eeeaeeb8-11fd-4b68-8e94-975823883927,Very good app to use 👍,5
17e4810f-6b59-4cf8-8eae-6c6bae1b61f8,I'm always accused as violator ang always get suspended,1
3674c83b-af5b-4f6c-aa5e-8a46d1807539,stupid Ai 🔥🔥🔥 banning people for no reason upgrade you system dawgh,1
0e184ee8-c12a-40d7-945b-7e4639e8a2fa,i love instagram reels i am inspired with others sketch,5
bcc4bbef-9db5-467c-bb47-adb31cc702cf,gooooood,5
b0ffa314-3b09-48d0-af31-70136e6d7cd2,very bad experience coz of account ban waves,1
b932a96e-e8a5-422e-b82a-eac5fefe84ff,"Espero que la resolución aumente aún más, especialmente para vídeo. 😍",4
0ea26e00-2d23-4066-a435-1d16921accf1,hi meri id logging nahi ho rahi,5
ce3a2dd5-a87c-414e-967d-aab15cf61cf0,everytime someone calls or video call me the screen just goes dark.,1
356042c4-791d-4d97-955d-935ff29fab63,"str ki We will we s saad adre se xsr cs sar zft fy TT strt t wa e gg td, r",2
86f2c9a7-f07c-4963-a954-f2dfa4c45d5a,🤌🏻,5
2acef806-3373-495c-8715-03e424f4c966,Fun,5
a1c5471a-2a6a-4a72-9efa-445632c7e6f2,this is very good for creators,5
25554a82-7eee-4d0c-8137-322d04d151b7,"Only thing with me that's wrong is you can't see when someone is typing, otherwise everything else is good!",4
aa76e0b0-79c3-41b9-a1e5-889a06f51a03,my reels are automatically unlike suddenly and my likes on reels are removed is there any reason behind this?,2
656181a2-bee5-4a03-835d-f527f32d3582,best social media platform,5
cd4bd789-eb5b-4a38-bf3b-b5739581fabb,it's laka ba guy🤷🏾,5
c9bffe15-7c1a-46d4-a39c-d09e8c9288cb,they banned my account because people spam report me before that during the summer because i had to get on their case for disrespecting me,1
5760e008-3cd4-4ab6-850d-085c6b2a225c,good,5
fa222d08-3a5f-47ab-be5b-bb2c23667016,nice,5
5cc7b7b9-ddca-4087-abc4-d0bde27b22f9,instagram is avery good entertaing social media app it as growing part in instagram to show there talents but nowadays some people are aditing by scrolling the reels but whatever instagram as it's own capabilities,5
8516aa46-5f88-4070-aa46-05458cfb729d,2 or 3 scrolling reels have ads which is i don't like at all. every time got stuck at the ads i must need to close and open ig again,1
f0206915-97ca-475c-8bc8-f2fac570d088,dont show properly last seen and views like down,2
8effe366-7668-446c-b833-0d8be2a1c76e,good awesome but just don't let people add adultery ... it could have been 5star,4
27eeac4f-4ec0-48f4-8172-17c5982a7f32,i love Instagram,5
f88ab4ff-7115-4155-b1da-4f1594e42e1a,very very very nice app mera aadha din issi mai guzar jata hai kaam chor kar yehi app chalate hai because my favourite app iss instagram 😘🎀,5
a35e3e0e-91e2-4844-b25d-354950066caa,best for business,5
fdcb079b-061e-4bb3-a39e-c3bfb81384bf,I like this app,4
eb2a109b-563a-4e8a-a2eb-589021223bd2,um I spend too much time but definitely helps when your board,5
442e4a4a-a9cf-4680-b121-fb933b4305b2,Too good my fav app but can you diverse the themes option they are too outdated now,4
3e4e5efd-b323-40ef-8fd3-e605729eddef,👍🥰,5
ffbf1c4e-54dc-4d51-b955-c6df89fbdc57,best app in the but Instagram family my account was without reason suspended my open and fix the problem btw best of the app,5
fa5a4776-b470-4099-a9bf-e70caaa0f3f6,nice,5
3a5a8959-4724-43d6-996b-7269a261a24e,"So bad, just so many bad things on it.Keep your kids off snapchat",1
dc86fdf9-d1a2-4cec-8d60-27e641e33c75,cool.,5
85349171-8bdd-41c9-ae2f-2f7ed0623c06,the best app of india this is my feedback this app are amezing a,5
889f42ec-0ac3-499e-863b-4744da524256,I just like ig,5
c174f9d1-2a36-46cb-9527-56245f1b0bed,Too homophobic 😔,1
f3b7f509-7cdd-4225-9ab8-d542b4e2b6c3,Needs major upgrades. Could actually help people be successful and productive,2
9d0602da-3aea-441d-b055-4dc9380f087c,"Instagram was a really great amazing experience untilast month. I lost all my stories with high interactions and I even wondered why. I stopped posting stories on the account and I'm ready to actually delete the app as well and let my friends know so they can do the same if this is not fixed because I can't repost the same thing and expect it to get the same hype as the first time. Instagram please restore my stories.. EDIT: Shortly after this, all accounts registered to my email were suspended",3
16104ed4-42c9-454c-a562-5782483fd90c,I think that this app is cool and easy to get any app you want,5
8df16a96-12ea-4d71-916a-d9d3b1b753fa,perfect,5
04ad9a81-5ae4-49cb-8199-cef330403acd,great app!!!!,5
3f10d804-5841-40f9-ac92-44e20e8fe823,Best,5
5cd2e5d5-d436-46ae-a17d-62eb7f14f220,I'd ban kar raha hai,1
743d9046-1d62-4b82-b410-bf701e245c2f,good app,5
42659cfa-2e36-4830-9a84-4075fbcf4135,good,5
2ebd50ac-578b-4211-a095-205aeb1138b1,The WhatsApp keeps disconnecting from Instagram.,2
12386997-8080-46c3-885c-d95f9cedc545,best app ever,4
aee57d81-e119-4041-953d-16340556265f,super,5
73fde2b7-7f26-4518-ae3d-860eef8e03d0,prfect,5
34092949-5074-45f1-bf74-f4d63986324b,Me gusta que posee algo de originalidad en algunas funciones,5
92c4e1df-1706-4c5c-beda-d21d0c905764,@zero_._._zoro 💥,4
aad1874c-7031-4277-a002-54fa308a19ae,excellent 👌,5
e56ba4e2-715d-417e-a808-6b5a080bab94,Instagram is very nice aap,5
e514bfde-2556-473b-bb8f-7ac3a601a767,ok na toh,5
d7b76501-96cf-44fc-8607-be767da555bc,حمارين انتوا تعبتوا اشعار فلان شارك الآن منشور و هاذا المنشور منزله من شهر بالله عليكم واو سبحان الله، تراكم زقيتوا امها.,1
d4156453-bd92-4475-b75d-46fa40559ee2,New User,5
892d742b-bb0e-4828-b02b-760d2bf81d0c,lovely platform and amazing source to various types of life in it.,5
43eee07a-977b-43e7-ae23-879d60f64d1a,"This is specifically for the recent 424.0.0.49.64. This broke my ""Following"" feed, which is the only way I can stand to use Instagram. For one thing, it shows ads now when it didn't before; I would pay to get rid of ads forever! Worse, it tells me I'm at the end of my following feed for the last 30 days when I absolutely am not! I have verified this many times by manually checking individual users' recent posts. Pls fix; will delete this if so. Else: adios, Instagram.",1
fac76b03-4a1e-4055-916e-ae15f8c54e1d,Chats are very buggy and glitchy. Sometimes it loads yasterday's msgs in today's conversation sometimes msgs replied on dont show its just show reply on a blank... And many more,1
a74646d1-560f-4187-8613-34137543c87e,Nevermind I'm just slow,1
f8cc7983-fbd9-4a6d-bb57-29f6c0cdb17a,"You are the most useless, my ID was deleted, since then I create a new account every day and Instagram deletes it the next day, I will delete Instagram today itself, you guys should also do it 😭",1
c8ffd2e5-dfd5-4b33-b3e7-b6c95d357801,बहुत सुंदर लग रही थी,5
2362178b-9bbc-4fd5-b00d-c280bde854d6,stress buster ❤️‍🩹,5
8e9dff3e-bfa7-40ff-9614-2099a34a661a,it's good so far problem found,5
9a8ac6ca-df23-4547-9ac6-cea6977a84cd,no comment,1
3ed4d4f6-ee51-43fe-be65-12340edc62e8,Great,5
b3ef3106-4a6a-418c-896a-80c30b925d2f,"they disabled my instagram account without a reason ,moat useless app",1
767f6cb3-144a-4b48-adeb-1b96f4de4aa9,very good,5
a0e1235a-6444-406e-8e2f-64855bca3b13,I have been using this app for such long time and I really love it,5
28d0f80d-c790-400f-8f89-abea6aa1afd4,Very nice app to install and use,5
c46fed95-fa46-4389-bb0a-a5477157c286,it is very enjoyable app. the reels and chat fiture is so good i love this app,5
00a0edfb-9aec-49e5-b268-c4a09d18a3b9,great job 😍,5
23fead0c-4eb2-450a-bc47-c9bd06c80f04,wounded full app,5
cc0ffb99-7e43-4b76-adcd-feaf7249d11a,My account was suspended without any understandable reason.,1
89c151e3-8983-4450-8bc1-c1a2f5c3b273,very good,5
11ef6f09-d067-4a74-82a6-3b5f72423dd4,im not sure what's wrong with the app but it doesn't let me video call it keep saying update the app when I already did.,1
60a6eedc-44d2-4ce8-8d04-e75b190b893f,best time,5
61188e4f-c70e-4820-85c1-e36c04debfa7,instagram your best apps,5
8f7fff9d-cbb5-4132-a906-2838a71691f4,king khan,5
7246cf49-8e2f-46f6-adc4-ca3212593210,very useful app 🤗,5
152aac6c-e404-4237-b500-19ee6e501053,super,5
0f18efdd-9faa-4b9e-b99d-cfe4ec99e0c2,very very useful app,5
f78a6042-baa2-4aff-8732-1bc835f39309,it is an exceptional app,5
b86cc5e3-e067-4595-b49a-fb4e0d3aca49,good app,3
2e61ba24-a26a-4316-bb48-3bf07a71c3d5,oo yeah nyc app,5
b91751a3-dd45-45c7-852a-d976fa49bfc5,"This message informs you that your Instagram account appeal was submitted on April 13, 2026, and is currently under review. Review Process: It typically takes over a day for the review team to check your account information. Account Status: Your account is currently hidden and unusable during this period. Outcome: If the account adheres to Community Standards, it will be restored; otherwise, it will be permanently disabled without further appeal options. please id opan username kartik_bharya05",5
ff54b7a5-77ab-4f7d-bbb8-18d501992c06,this app was very nice but I like it,5
450eef6e-605b-4f1e-bb1a-fdd7ae3f7c95,amazing!!,4
c8412735-010c-448d-a8d9-322a6bbc85ca,good app for every one,4
0c77e047-4f74-4d8b-9762-c3bfb9cd3967,good 👍,5
ebf3421e-cdd5-413b-b4d1-cfd78232ff0a,happy to spend my time up to dated with world,5
ecdf0b93-633c-447e-a2af-ed45575b238c,KEEPS THINKING IM A ROBOT!!,1
3cd5f67e-fb7a-4dec-9dfa-6557b2d64218,Please I don't know what is worry with my first Instagram,5
325374a2-8b34-48f3-9bc5-f87158d9a059,enjoying....,5
8c1ba733-747a-4f68-a831-c9c3b14ba371,its too good for Entertainment,5
6a99b6d8-9042-47d0-b5d1-a49427ee2a17,i just Don't know what the hell is going on I've 3 Instagram accounts and 3 of them are suspended today. The account i use the most that was suspended many times without any reason i Didn't do anything which is Against the guideline i just watch reels and casually talk with my friends then why my account is suspending several times without making any mistake.,1
f6989cd5-02f7-4f97-b43d-af727fc5762f,"honestly time waste up w eww useless stuff mainly ,",1
46f0d465-df01-4791-b97d-00b0967589b3,"Dear Instagram Support Team, I am writing to bring to your attention that my Instagram account has been suspended/disabled without any apparent reason. This was my main account which got suspended without for anyone reasons and after that I created another account and something useless reported that account and it got suspended and this was repeated 3 Times. I have reviewed Instagram's Community Guidelines and Terms of Service, and I am confident that I haven't violated any rules.",2
1fc34fd8-a50d-4c9e-ac0e-092763490713,thems,5
8cbbdd83-f262-4c0d-82e1-3089b8640c15,what a garbage,1
ddfc12ed-3a3b-4017-8017-6cdc372df20f,I love this app,4
62302e79-e564-4dad-bcfa-74a631d2268e,nice platform 💐❤️❤️,5
f3769836-223d-4304-8af2-091a208d51b4,so beautiful aap 🥰🥰,5
d330d987-755a-4b38-8318-b182a88bca45,interactive and multi-functional,5
054e4d65-d693-4a33-9df9-2a44e1b02403,instagram lovers kan see,5
3020fd67-f5aa-4ed3-9e3b-fc7e68846131,nice platform,5
2185171d-b631-4ca0-be07-28ad8de6dc2b,My Instagram has been suspended for a few days. Have I violated any Instagram rules? Please check my account. username (Exotic_.azan) . Please unsuspended my account,5
bf539167-8eb6-450f-b619-98068302b8fe,my bestie comment are getting deleted on my story,1
56a11022-44dd-4c6d-93af-3c75ed94291c,"Great interaction media platform. Freedom of expression is allowed, but moderated, which is good. Because my friends will exploit every cranny they can find... Love it.",4
e0120d40-2b0b-44a0-a761-c334d1b652f2,love,5
caf4f7cc-c5f0-434a-ba48-5f3cfdeb29f9,sometimes you don't wanna help me install telling me about space...,3
d7011546-f470-4be4-a74e-d17c755859a0,I'm trying best 🙏🏻,4
011b9450-5b88-4935-915b-5788044c1577,by by n b. ni ni ni nnnnç,4
ed363049-b98a-41ea-8429-630c56be787f,"Neither any wrong post nor any wrong comment, yet my instgram account was suddenly suspended without any explanation.",1
72b060bc-7e4a-4e53-abe7-bd61529db166,Experience is excellent,5
0c0ff840-11d9-408e-bb59-3bf94d530a44,nice,5
766cddfa-19ec-49f5-8b96-d7fd1cbe2eb1,good app,4
240d1601-fbdc-4140-b188-e188af2cea85,very nice,5
46e663d1-cac0-4048-817e-57cfb8381cf8,good social media,5
757ceadd-d304-44c7-b1f8-477b0c01ea7a,It has been a year and making a story still blocks me from seeing my text. Fix it.,1
2d3049e7-df8d-4160-b830-10756beb83a0,Corporate greed slop,1
f63dba5f-1e7b-478a-9988-c4904a8495bb,Fantastic!!,5
f37627fc-a86a-4ea6-96bc-116b49c76b06,it's a good app,5
a7ec2451-f2f4-4252-ba8e-39a4aadde942,"i was having a good time creating my page and building my feed into my liking, but instagram took it all away from me. permanently disabled, and soon to be deleted, my account of more than 8yrs. mind you... i dont have a big following, nor I've become so active in posting. make me understand why would they do this even after i followed all the procedures in an attempt to appeal. i am not a bot, I'm a real person. now all the memories i have in that account I cannot retrieve or recover anymore.",1
8a491e61-6543-4cfb-900d-c020f960b833,super,5
aa7699e9-1990-4f12-b80d-0f0c38006dd2,awesome,5
1b85f624-8b5d-49de-a382-55c257492aa6,"Sa svakim updateom sve gore, kad se video pauzira ikone se više ne sakriju, a ni zoom ne radi.",1
70e14489-9fe3-489e-9c1e-27f8cc2b93bc,Abid,1
5dbd2990-30e7-4320-9425-1f18cbc2fb1a,best,5
2eeb6187-8065-457f-bb3c-45c8bcba9559,faster,5
7a5bca8b-a61e-4482-841b-22a13969e00a,this is best platform,5
b3f47f85-4cda-4564-a631-f9535d2b2f46,whyyy dosn't working plz help me metaa😭,5
6cb850ac-e04e-4d9d-8cb5-2d17b415c6a1,Best social media forever seen,5
8eda2f89-b2e0-4a54-90f3-98ae0e05bd28,mention problem😡😡,1
49dcd113-8948-4679-9b7a-2e0b97730b3c,iski vajah Se Meri shaadi Hui Hai,5
83bb3f4f-2510-46e1-9e9b-9def369dac38,good,5
fd992b95-6467-4c82-bbfd-e7896d37f5c5,awesome I am very happy,5
908dcce9-574d-48b5-80a5-c6539f3a244a,glitch in the app cannot repost mentioned stories,1
f2d41220-0cfe-4ee5-97dd-4a21b13ef691,Subha Deep,5
c104b7a8-f7d7-4d2d-be95-e84709ad9d53,"if you intend to download this app to watch short videos (reels) then don't bother, cause here at instagram your feed will be 1 reel, 2 ads, 2 reels, 2 ads, 1 reel, 2 ads, 1 clearly forced political reel, 2 ads, i think I'd rather go back to the time you actually allowed mild p#rnography and onlyfans promoting accounts (that made me delete the app for a long time) than sit through as many ADVERTISEMENTS as I've seen TONIGHT.",1
51911881-9f82-41ad-bf9d-7324f7c8d047,Hello Instagram Team. can you add the option in chat theme so that we can change the theme with our personal photo. pls add that option as soon as possible. Thank you.,5
915c710e-e30c-4151-bd30-29e9dc737765,"very nice, productive, knowledgeable,skillful . awesome app .& i am using this app from 2013 , facebook from 2009, whatsapp from 2012.nice updates n cool version.develiper knows what is best need for users. and i am social media user and want to be good influencer.this is perfect platform to grow",5
45436c35-ef86-4b80-a2d9-fddb6b904af8,Good platform,5
763e9602-70a1-434a-824d-8f7db34e061f,nice,5
faf1b924-6964-416b-a02d-c7d903c91d07,best platform in the world,5
49c55a1b-1de3-433f-8e9d-298eb4b4aa09,We are faccing soo many bugs and useless app,1
863098ec-8d03-4f80-b63d-05d0b82f8b46,"instagram is good when it doesn't ban you. there's no way to appeal anything; Instagram sends you to meta and meta sends you back to Instagram. everytime you try to create a new account after being wrongfully banned you get suspended or disabled within 20 minutes. Fix your app, Instagram. it's honestly terrible. And Meta sucks.",2
3f24f475-015d-4741-9d39-38e1626b04c7,customer care not reply and not support,1
f83f757e-f9f9-4eb8-b1e8-596ef7b4e857,id no reason been 😭 please recover __official_chintu_editor_08__ ___y.u.o.r__chintu__08___ please recover,1
366a5979-9ac2-414b-907b-2d0be500223f,great aap 😸,3
7cb9ecf9-f9cc-47d1-b398-5c2f804fe341,"If you are from India 🇮🇳this app not for you🚫...One thing I've noticed is that if you have an argument with someone, they will punish you by removing your comments......It doesn't matter how many bad words the person in front of you used against you. Because he /she from different country .((THIS APP IS PURE RACIST APP FOR PPL🇮🇳))",1
e46892b4-41e5-4c57-8aad-ef0521daf931,"automated garbage, slowest app of all time, is tracking ur every move to the point that nothing loads. Genuinely, there's no dumber app than Meta's instagram. WHY IS EVERYTHING A VIDEO I WANT TO LOOK AT PICTURES AGAIN",1
dfce52cd-d275-4fb5-88d4-24894b184af7,account suspended 6 7 times and i log out the acc and try to login can't login and say password wrongg,1
69733fef-3a7f-457d-bda3-29583d16bc75,instagram is gold✨️,5
e208e2f5-2325-4184-9116-c0249356147b,Nice,4
691d9a42-42e8-4fa7-82c2-191907864fc3,It is a good app,5
8daedeb0-13c4-4b1d-afd5-9e88d6595357,"Doesn't make sense to ban an account without giving an exact reason. Is it against ""community standards"" to message a creator's account? That's the last thing I recall doing before being ban. I didn't say anything rude and I didn't spam. This makes me so uneasy cuz I've been using Instagram on this account for YEARS. Third IG account got ban. That's it I'm done with Instagram. Eat your app!",1
83849795-e7df-4272-b858-f637841e7585,scam block the code delete you apps off john William,1
e918de94-c593-42e5-be22-2567cad64a8b,nice,4
ec7ee734-197a-466c-a554-d5458ad9ffdc,instagram couldn't refresh feed problem,5
5705d24c-c8b9-40f2-8bca-63285d74f0cf,good,5
f6f44fa2-cf30-4d09-bc88-ff46905fa891,i got suspended for no reason can you fix your system,1
26236995-3c2e-4f2a-8fde-80f21f258b57,"my account still doesn't have the repost feature after months of reporting the issue and trying absolutely everything to get it, like updating the app, logging in and out, looking at my sharing settings and so on. please fix this",2
76aaa682-9334-47b2-b410-f1cab2c3c256,best app,5
43ec7912-98d4-41cd-8c1c-f31479573c61,w app,5
2a43ac94-2542-4511-a14d-97c7336a2784,good,5
423c4717-3e6d-4152-8ebc-72e7bac47cc2,full time pass jugad,4
2b27a8aa-671c-48bc-b13a-ce8cff788061,this is another level for sex,5
9758fafc-fd9a-472f-8ec3-cacaaa94e9ec,best your Instagram app,5
838457ea-6276-48ad-9818-3ed338cb6384,nice,5
4c9c7fee-3e9b-40e0-af85-60a505481bac,good,5
a6b20a5a-0adf-44cb-b02f-cce2b60e6e61,Awesome,5
983a640e-3b16-44cf-be8c-520aac4022ac,wow 😲,5
8e10078d-2c1c-4873-9cfd-470976753fc6,fix your server,1
4aa2d789-2cb9-4164-b162-548a519cc22c,Getting banned for no reason and then again losing everything,1
2dec4303-66a9-4fdb-a61e-cdd961734fe8,👽👽👽👽👽👽👽👽👽👽👽👽👽👽👽,5
c7b76983-81b0-47cc-882c-bc5f5c20a9fc,amazing app,5
547dce4c-2794-48d7-a3a2-55ea8eccbfc0,my account was suspended I am asking for review my account is called good hope charity foundation 256,1
a901a1a9-40d2-4dad-8c97-8ee8c3ebbcaa,loads of Ai generated videos. hate this app now so i deleted it.,1
c2b8726e-f635-41b4-b82a-a0f0cadd2568,good boy,5
5ff11d70-0b57-404a-a052-807a90866c99,very good,5
17743516-f42c-4ad2-b205-479818a04e1f,nice,5
8164b847-2370-4ab0-871f-57b4c9c21498,"Every time I create an account, it gets banned for no reason.",1
4f892150-2367-42c5-9377-64a9af35d8e2,very nice,5
623c3519-8093-4603-a438-c790739375b5,mast,5
2246402b-ee81-4d77-bf06-c787ce52f7cd,esta fallando muchoooooo,2
adb6b063-0bec-4d46-a94f-64151b21bfa2,The 'like' and 'more/less' icons haven't worked for weeks. Garbage app created by garbage people.,1
dba6f1c6-6e5d-4e3b-ac28-c3e1022bf077,as a little girl it's not safe but it's a good time west,4
e9a6b2e8-7480-4768-acc6-3ad39be8b521,nice,5
ae6f4cfc-a886-41bd-ae65-2a10fa29aada,not work,1
49b2712a-4591-422d-9a87-86ade74193d5,Instagram na assa kiya ha ki copel lock ko akk kiya ha har ladki larka ko sadi karna ka moka Diya ha hi is varry nice,1
1d60dea5-bec6-4299-b70a-019f347a0307,make uploading qualities for Android. more stable and vibrant like iOS,4
04b6a171-ddc8-44f0-a867-95f91254952a,This is good and useful 👍 I really take this and enjoy 😊,4
fca3c8df-8cc4-415b-ad18-93de09667f5b,really good platform that artist can express them self,5
ab74250e-e0ea-4563-808e-9079a433b5c9,ye jha2 app ne meri zindagi barbad kar diya kahi ka nhi chhoda instagram kut krke phone me dusra app dhundne chalo toh fir wahi khul jata berozgar bana diya bkl. 😔😔😔😔,1
35768c59-0b7a-4e88-b1c1-f7ed0e2ec626,"very high rank of views 1000+ in just an hour. in 24hrs 100,000 views wowww",5
384c7210-6e90-4095-8395-fb4184317e95,🙂🙂,5
31d75e79-9af7-45fa-8c68-db5a1fb34352,Instagram is very excited to see because of virat kohli,5
2ce2396a-4e65-44f8-96a6-e81298830cc6,Excellent,5
e7c049dd-5c8e-450d-be48-30f2c08f919f,very good ok,5
f73b3b29-4126-4a22-a2d1-7ea0accabf74,"Issue with resize IMG,and a baseball rule: 5 balls for a walk & 3 strikes your out of(Share concerns about voice and text imbalance in IG, have a friendly warning system instead of disciplinary actions for users experiencing issues due to autocorrect errors, misinterpretation, or language barriers.",3
1b60aec4-5235-4d9f-9dbc-13207d7cedbe,good,5
3cab7836-f656-44a4-9bf9-495549905a75,"the update doesn't really good especially the ads, the ads keep showing more and the annoying part is I can't scroll it properly, it always take me to the other application again and again, I hope this problem fix.",1
a8d448c9-69ed-4825-9605-80d4a563f968,♥️♥️♥️♥️♥️♥️♥️♥️♥️♥️♥️♥️♥️♥️♥️♥️♥️♥️♥️♥️♥️♥️♥️♥️♥️♥️♥️♥️♥️♥️♥️♥️♥️♥️♥️♥️♥️♥️♥️♥️♥️♥️♥️♥️♥️♥️♥️♥️♥️♥️♥️♥️♥️♥️♥️♥️♥️♥️♥️♥️♥️♥️♥️♥️♥️♥️♥️♥️♥️♥️♥️♥️♥️♥️♥️,5
1ee9af7c-9700-41f9-8338-e688a28dee74,it's just 👌,5
dfdfdd5f-79d9-4467-af87-568a048a0aaf,very nice 💯💯💯💯💯💯,5
5a824b89-babe-4745-b974-591217c93feb,Nice,2
3e208b27-7c1d-45cd-8a39-80ca6770f4df,"The best app, the communicate with friends and meet new friends.I love instagram top ten favorite",5
9e9c91ca-64e5-441b-b4bf-06379436794e,for no reason my account was ban 😭,1
9f79459e-94bd-43df-aff1-b6e45da3aff9,disabled all of my account for no reason,1
f5e818fe-f317-4e6a-8d54-d60ae961301b,good,1
70d97758-c4d3-4668-8dd2-caf67fea11b2,My name Shadab,5
9dffb4a5-2189-4edb-bdc1-2dea508b6127,it's a good and pro app of all apps,5
d4533505-aa17-4610-8bce-7fe5a915b4a4,This is very good 😊😊,5
89a681c0-2a56-4397-91c7-a86f78eb4fc3,wonderful experience 🤣,5
d0542a1c-49d8-45a1-a879-c5a0e541f669,live this app you know you do to,5
0a3d6b4f-614d-449a-99e1-3e5920b5aae9,Excellent 👌👌👍,5
0e6e140b-c528-4f69-9645-6d9974d5e855,best for timepass Fun,5
ee49d364-d23a-4258-ab36-863aa84c7bf1,sooooo good,5
2b12a43e-50ff-47c7-b369-21cfccdccdf5,Really accurate,5
9e29e006-14ab-4b67-b6ac-920468a1ad16,First of all it makes my phone super laggy and takes up so much baterry like why anyways nothing is really disturbing me besides that,1
a7bf2255-8636-4ccf-a3e9-902e5e66e8d3,"Hi Team, I am writing to report a persistent issue I’m facing while trying to install Instagram on my phone. The app downloads completely from the store, but the installation fails every single time. I have already checked my internet connection and storage space, and everything seems fine. Interestingly, other Meta apps like Facebook and WhatsApp are working perfectly on my device, so I’m not sure why only Instagram is having this problem. Could you please look into this and let me know",1
f3017882-3ffc-4ca0-9389-7e3a0a48915c,WHAT IS UR PROBLEM??!??,2
42bb812a-d9a9-41f5-af89-465d2a9f0884,very good 😊😊,5
7608bf2c-76f3-49d5-b0c2-e86bced6f90b,nice,5
5a6cb00c-a5c3-466a-9c7b-1d98482420c5,very bad experience beacuse instagram has suspend my account without any reason and any issue its so bad and i hate it.,1
7e01a7db-e0e1-42a4-987a-4089d41bdd31,wowwww,5
d0f544ed-f2eb-4157-8c45-d21acd3f537b,worst app ever they will suspend your account and falsely accuse you of things you didn't do if you don't believe me go ahead they don't deserve five stars they deserve non .,1
ab6e6d43-7bce-4de5-a588-0d4c85fbdaa2,"fully explicit hardcore pornography ads are somehow making it through Instagram's ad filters, this is HIGHLY offensive material and since there are not age restrictions on downloading Instagram it is possible that young people could be shown this material without their intention or consent...sickening",2
d761889f-97c3-4af8-83ff-978f30051266,❤️❤️❤️❤️❤️,5
6e3d3876-55da-47f8-aab4-468e689fc28b,wow,5
a80a3555-23ba-4d62-95a4-21eed05fddd8,My account is not working suspended please check the,1
5d18313d-ecb4-4f56-b6ab-42d742cfaddd,not open the id this app 0 rating,1
e68b020d-5822-4caa-baca-0c64fdfd386f,it is really fantastic app,5
7c46f138-66c2-4f8c-8e1d-2bd9f12b2932,"I've been experiencing some issues lately, sometimes I can't see the messages others sent me, but it's visible on the notification window but disappears as soon as I open the chat, It reappear after some time , which is not predictable either . this is a very serious issue, as this can lead to misunderstanding between people. please fix this bug ASAP .",1
4f580507-1e41-4532-a7af-c6a3c7c75ecb,without warning mera account suspended hogya,1
53a33566-f88d-45e9-9076-0fa580d968a0,good,5
51fc5854-6260-4552-a257-c4cf1a790f57,good sosal midiya platforms my instagram account ratnesh gym boy id promotion,5
a1ceb538-7f86-4163-8e04-98d2b5cd40df,hello instagram. can you pls ban my accounts and also ban instagram download for me. pls. i cannot concentrate on my studies. pls kindly look into this issue. and resolve it asap. pls😭😭😭,1
6a9a3d9d-ffd7-48e6-8def-1e582eee88f5,i don't like your update it's going 3th class,1
e4c447ce-4c47-4275-893e-10c75c12e627,"ads have completely ruined the experience. not just that there are so many, but almost all of them are AI slop and/or scams. it's just not worth scrolling through anymore.",1
190c8944-f95b-4769-9fac-2059a40984c3,"worst app bhai tu mere rcb ko aaisa bol kese skta hai? ""chakka"" likhte hi rcb ka suggestion aata hai?? tujhme shrm hai nhi hai! app fenk de jake salee mere rcb ke bare me kuch nhi sunungi me!! bhad me jaye tu aur tera ye app!",1
1829b3dc-e2ea-49bb-8c00-7bea752ab275,Amazing,5
6f7c6f3e-4ba6-498f-bf2f-0ce2b1ff46e1,such a perfect app,5
5fc5f615-6baa-401c-abd9-3982938755b3,amazing,5
3cb2bd4d-dc1d-4221-b085-b08601c643c9,"Rarely used. Unable to remove from apps with ""update available""",1
3eb2736e-862e-4b48-9282-e602edea7b42,it's very good 👍 and I'm sure 👍,5
07572675-971c-4617-8003-d67d506b5b52,excellent instagram because very interesting app 😝🌺💖,5
9cbcece8-c6d2-4dbc-8538-80e2477ce7b8,excellent app,5
0bc7f7b5-eee5-4363-8418-0051bd5a18ad,perfect platform for sharing and establishing new people.,1
c377982e-c7a0-4245-8f10-955c805d2d2d,nice,5
7f34ca2d-37e3-4106-ac1b-522ab345b952,good app,5
6496f37b-4b46-44ae-80a3-1b1f2902ad4e,nice app,5
d493153f-7ce0-4d7f-9659-a011d8f23758,good,5
ac740153-84dd-4994-8e27-cb2d2f902c1f,❤️,5
c7b17196-f115-4412-9055-522fcdc0cc38,this app is wonderful 👍😊,5
3c71ee72-c819-4ac9-9169-dca071befd16,mast app,5
a74313e5-5451-4284-b7b8-2fd99692fc91,good,4
9ebda125-3220-4cc5-b0e9-3d8f16b504fb,Whenever I open a new account it's getting suspended for no reason.,1
ed46cd7b-ad6b-4ac0-8420-8f6f5e085704,very nice app,5
5f96ef7e-087c-4eff-98a4-047e0c0b66b0,I got impress with new interface and app is decent,5
7fd62627-a29c-4c7a-9f4a-492bce92dbb6,good,5
5bf8e4c2-f5a3-4907-b4a5-b61e80548124,Awsam,5
b9e4de2c-da18-43ee-af3c-52de07f199e2,amezing facility and cheting experience in this application,5
99adfb23-94df-48d8-9e57-b3297984ed5b,i am getting so much of entertainment,5
faf621e7-7734-4920-bdf0-1893c046194b,please insta team work on the bugs when traffic is high it lags so much please fix this,2
29a8d6a2-f848-46fb-b6d1-6be7e7f1c34e,why this app have many glitches plz fix this 🤡,1
b1725e41-0533-4c89-bee8-c42d5fb9caf8,good,5
032d4e1b-5ed1-4bda-b39a-a55e7719e09d,bohot ajcha hai,5
f5b8df43-b428-4726-87e6-3bb62feb9522,vvvvvb.good,5
de47b7f7-6a56-4581-89a9-4c47f04827d0,it's been almost 2 years and i still haven't gotten the updated reels section. I'm tired of updating again and again.,1
1980067c-9d6e-49fb-b400-25f20b20f8d1,worst app of humanity,1
d2ab7b8b-ff55-4083-acfa-3838ba7e009e,it's literally awesome.!,5
145f7a7f-bf48-49a0-88aa-a6e12c28ec90,very good and use full app,5
d580b046-9379-4d1d-b9a6-abf2391403c8,good 👍,5
5ee9d32e-7590-4f5f-b533-8b28a582307a,"how do I block reels? I just want to see photos, there's too many videos. only photos please",1
95b9e1bc-3dfb-4eb3-b64f-54dacd2f64d3,Sab Instagram per sahi hai per video Kuchh viral Nahin Hote,5
231f209a-a4e0-4d6f-bb74-739333d11650,it's good app,5
f78fc31e-e9f4-4492-90aa-68ea1a351b15,full of fun,5
7767bdd7-e783-455c-918e-76fff7f39f78,waste of time,1
3288d183-94e9-48de-b53a-7b0cbba69f7e,kartk,5
8276e360-364c-48dc-aa6b-f9bd6a9ef2c3,Thank you,5
5809f6eb-c0e2-454f-8834-c0df8f4fc07b,I wish I can have more followers on instagram it's almost many years I am using this app but not getting any new followers but still I love instagram 😉 because it's insta🤳,5
a75f51e5-32f9-4041-a9f7-edcf6af9125c,for nk reason even I created new account for no reason Instagram suspended it 🙃 I'm not happy with tha 😠,1
7bf705b4-dc90-41f8-9ac5-de33f62bd6d0,"This is a very good app, I like it very much, it has every feature⭐⭐",5
9c5a597d-0f2b-4928-a26b-b69c4750fba0,leveeeeeeeeeeel,5
1054562c-0f34-4480-9fb3-a1807a6dc660,Ok,4
9949eff3-2658-472e-9217-95f713b23c6f,worst customer support worse 🥀,1
a4f96f8a-d8eb-4bef-bd41-58d72d137c9c,how are you doing today,5
ebdd752c-5ea9-4eb0-a475-772fe1527004,okay 👍,5
e09b2ef2-7a9e-4529-890e-e7309d677357,darmila,5
17b94615-8d87-404e-92bb-c92db306afa7,it's the greatest,5
88775f5f-e1c0-4bd6-8283-15e5dbc0879e,nice app best,5
96f850ff-7163-4d91-95e6-5b435c7d7466,"I have a problem logging into my account my password is correct but again and again, it was the wrong password what I do is so hate please you can fix thiss problem",1
9a4288e4-b0bd-46c0-a078-74c158f15ae4,Shailesh,1
3139471f-71b9-44a5-9a00-55aa47614fcf,10000000000000 millions like I ❤️,5
31a91444-db81-4121-b0d6-10490934591e,from when the f u upload ads between reels,1
8d92d8de-fe74-4057-b8c4-a848334eab76,sajan agiwale,5
46ee37cc-a25f-4ec5-bf14-a17571289970,ekeene,5
c09e7fb1-0f3e-41df-83a5-a8677d226325,good 😊,5
bc9268e9-dccc-4503-930e-73dc17c9b291,"It would be 5 stars but sharing videos to stories is SO annoying. First, it takes a long time for it to load on to the story. But the worst part is that it will keep playing the audio from the original video I was watching PLUS overlapping the one that is now being shared to my story a little behind and it will keep restarting while I write whatever I'm gonna write on my story until I actually post it. It's downright madden😵‍💫. Do Meta/IG employees not use their product enough to notice this?",3
47ec99d0-8677-42e1-988b-f47717b29684,❤️❤️🙏🙏,5
680263ef-b085-4230-bf11-990d909e731c,👍😊,5
500223d1-8d48-4496-902a-9eb6990ab14e,good 👍😊,5
0a2688a4-ea52-48cf-a9d9-f666a118e8ba,it helps to socialize with others from different countries.. IG:_h3ll_bratt,5
ca1c757d-6c91-4621-9a68-7021ea733816,Ngwal,5
22dc5a81-1819-4fb9-a246-eccfdc8afa7d,we can talk to friends it's a very good app,5
30201491-edaf-4f53-9005-c33929f7e197,best app ❤️ and i meet my old frnds after 4-5 years because of this app,5
9fbf44c2-0d67-41ed-acf5-6a919ef0e70a,ho ffygkkm,5
1c5d42ad-10a6-4463-aad4-af02e630e7f8,yes this is very nice,5
1f5e46f3-1696-44b2-a8d5-f41206c156d0,🥰🥰🥰,5
bdb75043-1de1-4c56-a2c0-12179c9075f2,best,5
58aaba47-4d55-4111-8b67-f5cdc461502b,Aaah kollam 👍🏻,3
2de82319-5f48-4d73-b73e-ecf7a53ec0c4,sumit mr Sharma 6090 follower 👏👏👏👏💫💫💫,3
e9be5913-f3ef-481d-b5bf-108b68d988a5,❤,2
c072db3c-91e1-4eb6-a7f2-7b34e3682316,Nice 👍 aap bat videos viral nahi ho rahi he or follow nahi aate he meko followers chahiye or meko viral hona hai,5
acd028d0-07a1-4388-938e-3fbd8e18df3d,i am in love with instagram...I love it too much....❤️😘😍,5
a1dcb1e8-cc5f-4b49-ad3f-ce70f4ab93b1,good,5
dc50f1f9-892f-43ea-86b9-737d2eda23ea,don't like,1
8118c6df-802b-4fd0-bfe7-8e4e15988ee1,waste of time 🥀,1
e2047271-7b0b-466c-865b-d588322ed140,Good lak,5
8df454d5-7c86-4bcd-862d-57a1235d7257,nice 🙂,5
dc792103-f18a-4794-a781-4f0795958c42,"Instagram is a fun and visually engaging app for sharing photos and videos. Easy to use, great for staying updated, and perfect for discovering trends and creative conten",5
1f974ade-1855-483f-8ab2-f6f3b9f22cba,I I hate this app,1
08c721b9-df2b-4ff0-bdbf-811ad5af0a9c,ଗୁଡ୍,3
1ab5fdf9-dd60-4742-b694-f1f8668f298e,agar kisi ki id insta nai ati to kea kre search krne par nai a rahi ek I'd or phon me wo I'd a rahi hai mere phon mein nai mil rahi PlZzz btao kya kru kisi ko pta ho to btao,3
956605ba-4118-4696-b77f-26de098f4db6,best real 🤩,5
97ee0ec5-8f29-4d14-bdbc-413d35efee79,good platform for entertainment 😊,2
24108751-b5da-4e45-afbd-732a6c60ca51,good,5
fa94e7d5-367a-4848-87ea-34c018d98201,"Hello Instagram Team, I am facing an issue on my account. I am unable to mention anyone in my Instagram story. Even after turning on the mention settings, it is still not working. I have already tried clearing cache, updating the app, and reinstalling it, but the problem still continues. Please check my account and fix this issue as soon as possible. Thank you.",1
aa045009-bbbd-4a76-a42b-e900dba867e9,👍,5
94b71877-f1c5-47fa-86ec-263d6ec26765,Good app,5
e2db49b5-0b3f-4d26-9805-bd40aeeb79a0,good best,4
bdf087aa-458d-43d7-978d-cb6d4f89bc1d,very biased and doesn't support both political parties equally only show support for far left and not for right wing people,1
afa700d5-b9d7-4258-886c-0a9bdee24b69,Nice,4
0cee5dfa-71fb-40c6-b8e7-63f29ee9a905,14+app very happy app in best 💕,5
f8b48f7a-42c5-477c-97eb-db24064b6149,good if yk how to use it ig but still worse than PH,3
1ec8d8b3-b964-483c-9319-9228fb54c05a,beautiful,5
8cfc911f-de0d-4d3c-8be5-6fd96ca7a1d4,cannot add collaborators as even my account is public...pls look into this matter as everything was good untill recent updates,2
0a93c7ad-3d13-4131-a757-1cfcf576cb0b,very good,5
bb6c062e-4b5c-4899-a0f5-83ef22dc8577,super,4
5b391bf3-ea1f-4938-b32a-f79311aec3e9,very wonderful app,5
339e56dd-7edb-430a-9e3d-36bf2f3c01f9,good app,5
93f07132-cce0-4284-b013-8789ef42ecc5,good,5
08399939-2ca5-4e98-aecb-cdc2c3098772,good experience,5
eb9c2dde-1f41-4595-95e3-2dfb05ca8d70,Sandeep Nishad 🥰 🥰 🥰,1
b0498acd-a3da-4972-a568-f2844c33177e,nice,4
80fa8e14-e143-40f6-a493-15b8ca94252a,Kirtana,5
0b4d6aea-6254-478f-893c-18a38117223e,"This morning, I woke up to find that my Instagram account had been suspended for no apparent reason. I’ve had this account since 2020. I submitted an appeal, but the process seems very slow ,it can take 10 to 20 days for someone to respond..",1
1939ed23-2022-40ec-8422-bf20b5fad85f,soud,5
06dac606-012b-40d5-91bc-f7db14414c0b,"not going to use until you people remove that repost button, ffffff",1
405b27b4-c421-46ef-8fc9-39921ccbe6d9,Berry berry bad vedo collss,1
e2b05717-94d2-43e5-884a-db4ddbb6ec6a,can I viral,5
e7fbe486-69e2-47bb-b9b8-6c1c43ff77a6,increase my reels reach asap,1
4585cfe7-7667-4cfc-b525-26701ad6ad83,good suggested posts and reels,5
307414b2-7681-415c-a17b-5aee073a1678,Good,3
b1c63aed-710e-4ad0-ae54-b83244b18dc5,what i say over all its joy full and funny,5
f565e662-b234-4dcb-8221-6096b127d9a6,I love you instagram 💓❣️,5
0acda628-1ae7-44aa-8c89-cea44ddf733b,SUSPENDED MY ACCOUNT WITHOUT VALID REASONS,1
69152ffb-9956-4d0a-89e3-0a7233bfe7a8,😕😕,2
218960e3-46b2-4b54-beb3-bfb7a77cbdeb,it's very grateful aap,5
c40df3c9-0169-4a2c-b7db-7f07e8631f60,just sensational,5
c4fb3bc6-d83b-4c24-9319-54d9dce31067,"great chat and streaming ,it's gens life thx mark zugerberg",5
0754422e-486c-45b5-a909-cf2897e5133e,"Functionally useless when using a VPN. Most photos and videos no longer display, just a click here to retry image. Can only assume that is a byproduct of chats no longer being encrypted. Yet another reason to abandon (anti)social media.",2
b63bebda-cdca-4c11-b2a1-0013364bb869,27iei,5
e6ac7ae6-56f7-429d-83fe-3ee7fc1c2950,glitch or bugs is full in m instagram pls solve !!,2
fd075520-f572-487e-8aad-813ef48a75e1,I m too happy to be a part of Instagram,5
7fb8277a-5a7f-499c-8f9e-aacb79d92349,It is really nice app you can try it explore more .,5
6432a1bd-5c27-45cb-88c7-5f2af78e033d,superb,5
87117795-8383-4bb3-96bf-bfb3852aeff7,like to 😊,5
57fe26b7-e832-49e3-b3a3-7750e226ff2a,Good,5
1cab5c30-e5f7-4a81-8862-ceff6f7fd835,insta is most useful app amongst all the apps,5
5a2459e9-2503-4ccf-a60b-03eff2a96929,my accounts are not being logged in 😡😡,1
68d367a5-c0ad-40de-ad99-fda58775034f,good,5
332c906d-b246-46da-b725-7a51f8fb40eb,gandikhana,5
4b4e7c16-6b18-41d3-bacf-c4af5adfbe29,bad,5
8648e2e8-6137-406e-844f-793d7f466b12,luara app,4
848f842e-4c11-414a-8440-efeaf24a658d,"""Absolutely pathetic experience. Instagram's AI is a total failure. They suspended my account with over 200k+ followers without any violation or human review. There is zero support for creators who put in years of hard work. The platform is becoming toxic for genuine editors. Instead of fixing bugs, they are banning innocent accounts. Fix your system or lose your creators.""",1
04b738f2-e3b3-4c22-b610-92a63a7f42d1,good but not good 😑,4
2e4b7e12-b69f-468d-82d7-9a4bafc6d1da,no view piss solve,5
d66832a7-e9ef-48d1-82cc-f2bc65cee48c,main ig banyak sedap,5
aabf28ab-9ab3-4382-b7a2-ef83740ee40c,"[Suspended account ko recover kese krna hai, Instagram account, disable account, content creation, Instagram information, Instagram tips, helping people, grow on Instagram",1
13e33fae-d16b-414c-8f27-3c658f9b96b6,too good,5
ce887521-6a46-40e6-80d4-d878ec8a67d5,Good experience.,5
6cf74e7a-8dd2-40a9-bd38-5e0dc0219dc8,my Instagram account disabled ho gya hai please instgram isko sahi karo. I'd name hotel_thesky,1
b5271c0a-bc09-4f15-b53b-37beb1bfe87d,love this app,5
739e6e46-0892-491c-b9db-ef2f5cafac67,Shindir apklioonition,5
7cd13321-4bd1-47f6-bdc2-e1b05971210a,worst app i ever had seen my 130k+ followers account disabled without any reason 😡,1
0538b659-9d37-4931-817e-6a2e61fc7157,godd,5
ba236b1d-fc74-4734-a6dd-a597592a4087,block car diya usne,5
efe42691-c1ed-445a-9ef6-23d662a970d1,I am a content creator my Instagram I'd - sycaadi I am struggling so much but I love instagram,5
2b61ec24-8b42-4d22-9437-e7dc8c9bf68a,it's forcing add brakes that are unskipble. on the FY Page and between stories. this is how it always starts and it will get worse. just go get a different social media platform instead,1
262b8957-1bec-4a71-9c6a-86aff60b937e,It's amazing,5
a55bd6b2-2298-4432-a15a-f411c7842458,"This app is extremely खराब. It suspends accounts without any valid reason. Many of my accounts have been suspended, and this has happened to a lot of other users as well. Instagram is a very खराब app. You need to fix this issue, otherwise people will start deleting your app.",1
d71d9364-a164-4e07-a14e-fa4516909bae,mara phone ma install nhai ho rhay ha please kuch karo please 🥺,5
ef323e22-b898-4855-832c-597893fa65c7,best 💯,5
3b954ac6-b9e1-4d71-b021-a879ce0001f5,nice aap in that feed like reel and videos,5
6d0e9676-2dc9-42b7-9d7c-0ce5b0b6edbf,"My smartphone heats up when i use this app Idk....🫤...... also it laggs too much ..... better to use in chrome...... or better use twitter, this platform is rubbish......🤮",1
edf20364-d787-4a86-8fa8-2a9110f06c8c,good for alone ness,5
47645cc4-a11f-4c26-9160-d4f91f738014,very good app,5
2bc9c853-09bf-4a32-8daa-567729766520,best app ever I would say you can do way more things on Instagram then say like Snapchat and stuff or tik tok because u can call on Instagram u can't call on tik tok though,5
3837cf03-c93e-4f64-b46b-19411e7a5136,not fully best but is better,4
ccf318a1-a6b6-413e-9b67-4c3fc6c5f6d9,one of the best app for users,5
f8f92f7b-e643-4ee6-af34-97aefb5f66ec,😊😊,1
0d698194-0d94-4b73-801d-db112c1d086d,good app,5
db1faf0a-e1e8-4eff-b5a1-7286ba6921e1,nice app,5
630802eb-86cb-459c-81ff-9cd1eb06273f,good aap increase business,5
6b91e27c-7a08-4416-b5e6-bce383c7abb6,Uff chapri app can't even work nicely directly log in direct ads pop up like especially short dramas damn i reall not appreciate this app if I will rate 1 to 10 i would rate 2 This Instagram needs a new version not good,1
508f7c32-f8ae-4016-b917-7929c738516a,Sahi Password dalne ke bad bhi wrong password bta raha aour reset bhi nhi ho Raha,1
db02357f-8f1b-4eec-ac87-528a1d160d0c,people suffer more and waste of time this break children's studys,1
414bea36-a040-4f7c-b92f-6506af679569,👌,5
30cb598a-e752-4df1-b69f-407ba4a41889,please viral My video's 🥰,5
921a1f04-58f1-4ad2-823c-aebac5361c3d,ok,5
adcb0962-1980-4665-be43-9a8711bf11dd,super,5
b071a832-1a6c-4559-9150-1703ec44d0f9,you are support me I am always support you thank you Instagram I really like you thank you so much for my help ❤️💯🔐,5
11cbe83c-7f62-448f-b41f-a8953a3aeafd,vvvv good,4
afb4148b-0e48-45a5-861e-0bf5d97c4650,good app for making football/cricket edits,5
25d36b45-6088-4292-9418-6c2d9ca735fc,good👍👍👍,5
e0b43abf-0798-4d44-b50a-fe04adeaca12,good,5
758ce026-5873-431e-bdfc-ecfdde9f7e0e,very good 👍 Total to,5
85c3de48-22cc-4f2f-844a-4967e65bee77,it's useless app I have no one female friend in insta 😭,1
4b222bd1-c18b-45e9-aca5-dcd0909f063a,fulchand kumar,5
20a6930b-5fa5-412f-91ae-6f1787ee16e2,we can't mention more people in stories limit is 20 this should increase to 50,4
9edb9e14-1843-42a6-a539-3aab103e547b,"the app has been a little buggy recently. I'd receive notifications for messages ppl sent me but when I open the app, I can't see those messages. the AI font generator also crashed the app several times",3
1d8ed5cd-d73d-4c74-a2cd-fb067f858d7c,aplikasi ini sangat menarik perhatian kerana aplikasi ini dapat upload video yang menarik serta dapat berkomunikasi dengan orang luar,5
75075a45-8456-4de1-9a01-41bd95f5c4f8,i love it,5
f43e4a6d-d7d3-4fbb-8896-dd7a7542943c,instagram is best era of tranding contants,5
89d5b7ec-658f-4ee8-99bf-16799093675f,Insta account don't opening ho rha h,2
ad2b5b5a-b1df-4c99-b0d9-8215447300cf,Okay,2
f51215c8-203d-43ca-ab7e-22962ef8782f,I want to vote 5 stars because 1st for dance &2nd for entertainment &3rd for future events &4th for to understand how people can be happy always &5th for all rounder 😇😇🥰🥰😗😝🤑,5
44b054d2-f67a-4ad0-9fa8-7c560c240197,gud,5
36bf255b-926a-446e-900e-a33d6d69c34d,please Instagram meri video ko trending me laoo,5
a3bf9662-1cf9-4e23-acb6-480d0d2aae59,nice instagram support,5
791abac3-bbcf-48b8-a257-b56adb258ec6,wowww,5
3e8ef7b8-691f-44dc-ba35-e29e05e5c352,excellent,5
7f781f32-5ff5-4e8f-bc0a-7797fbb71aac,lots of bugs and login issues 😡😞,1
33ce5e23-b683-4e11-979b-894785e45f10,aap bas mujha 10 k rupai de do aap ko amiir kar Dunga,5
6113f9e1-a88e-4cf6-b878-8099289bd00c,bestttttt🫶🫶,5
36b764bd-9048-439b-8aca-34b455c98644,it suspended my account without any reason and not allowing me to appeal,1
f773fde7-83ec-4611-9c52-636dcf538981,poor support. our accounts are getting suspended for no reason. thier is no support team. I made a new ID which got suspended again for no reason.,1
8c375532-8d3e-4b93-8341-c0ce5f5a252c,"This app just keeps getting worse. First of all, there's too many options on messages, for me it covers up how long ago someone was active and there's no other way to find that information so it's just not available. I've been trying to get this changed! Another stupid change they just made, when you press and hold while watching a reel, the text on screen would disappear so you can see the whole video better. Now the text stays on screen. Who's idea was this? How does that make anything better?",1
2142ed51-4f2f-4abf-8036-183adb27b650,very nice aap,5
f2a5ea0c-1251-478e-8607-07413e1cdd93,before it is entertainment but now it is used for advertising so now i hate it 👎🏻,1
ef80954a-9eca-4f1b-83a8-03b5aab35cec,bestttt!!!!!!!!!!!!!!!!!!!,5
57f6d3f7-2c19-4dae-9ad4-c23e2f237666,Good App,5
4464003d-76fc-43d4-b8f9-58048a64a727,ok,5
39bd7b45-b6c0-43df-84f7-d6a8216c0e67,The filter doesn't work when I make video calls on Instagram. Please fix the filter issue on video calls. I'm tired of repeatedly clearing the cache.,1
208dad0c-863d-46b5-9fcd-3501c4d21677,nice all,5
8656dd98-6096-4b19-a8b1-e213634db362,very good app,5
9403e6ba-beec-4a63-b87f-cbc56b4644a0,i am a youtuber I have 1.75k subscribers but i watch instagram more than youtube i love scrolling,5
1618f627-4293-423e-8590-2cb618bcebb8,मेरे इंस्टाग्राम पर viws और रेल्स पर viwes बठाये और आर्निग चालू kre,5
c89f3118-389b-45e8-8ae9-e76931f6dbc3,very elegant,5
f27b5a87-9e8e-4ff2-89d6-f884a9146655,so good app,5
4ace9205-f509-4e41-808d-44da482d99f7,Maiya cara bala noi,5
5765f2e7-2c8e-4e50-9c6a-a1bee765d1cd,oppo reno3 pro floating window nahin chal raha Instagram lite jarur chal raha hai floating window per yah ghatiya aap nahin chal raha theek karo ise,1
56eccfe5-039a-44b5-8905-9f7294e24a8c,The report option if your in uk DOES NOT WORK..THE FORM IS NOT ACCESSIBLE OFF THE LINK..SUPRISE SUPRISE..SO CANT REPORT A STABBING POST!VIOLATIONS + RESTRICTIONS BECOMING A JOKE. TREATING ADULTS LIKE KIDS .ITS A MESS + GOT WORSE recently. WE ALL GETTING RESTRICTIONS FOR DMS. ON NORMAL WORDS TRIGGERING THEIR SHITE automated system...INVASION OF PRIVACY ON AN APP RUN BY PXDOS THEY DONT EVEN SHOW YOUR REELS TO ALL YOUR FOLLOWERS.THINK WE ALL DONE WITH insta now ITS BEING RUN BY THE WRONG people .,1
2eac40fd-3d6b-412c-8526-ac06704b61b4,🔥,5
c00c7d4b-f395-40b1-a755-d1db55397116,😎😎😎😎😎,5
d94d9643-3523-498b-bf67-a0434ab0d045,"bad 👎 ok ,",5
4c093b0a-cab2-438c-a87e-fbf6a30fc899,"My messages notification keeps cutting itself off. I have to log in to see messages, and by then it's been DAYS.",1
a721f334-33fd-4434-be54-d32569de65bf,it's very good experience,5
d367244f-5c48-4a5d-9a54-16646535e356,"im only leaving this review because my feedback never gets a response. i opted into the community notes program but now i get notifications and a black box on every reel. i want to opt out and i see plenty of other people online who do too. dont implement an optional feature and then not let people opt back out. also, get rid of the ai image editing feature. it's taking up space and nobody wants it",2
94605760-4c61-497c-8fe9-6fde89f6cf07,good 😊,5
4967750f-81ae-4c27-b5e6-e29b0db2bf27,"Dear Instagram Team, my account jayantsain11 has been deactivated. I believe this is a mistake as I have always followed all community guidelines and terms of service. I request you to please review my account and reactivate it as soon as possible. Thank you for your time and assistance.""",1
17af54bf-1536-4d17-9f51-7da2a26fa1f0,getting known 😁,5
b1f6d48c-ddc3-46e3-90d7-53dec484aad6,good,3
71d974dd-145c-4364-b78d-d4b55ccb3ffd,best app ever,5
8a6abdb4-f4f5-401c-b485-f7224ad9fd90,this is a very good application,5
a66c8ec4-9ed0-4424-9c89-8a6a8e62cfee,"Photo and audio quality can make anyone want to have an account and its been so great and always improve their service, Thanks.",5
bdf9f3cd-96ab-4118-bdff-afd66cd6d983,"very worst development i remove 1000 followers one by one small close button, again and again i visit they profile. i am very disappointed. 👎",1
7f132eb8-7539-4b3c-b0c5-fad7c90a93a7,highly addictive 😓,1
28c34639-c20d-4eca-84a2-a10744d73e9f,👍,5
e2787d09-7128-4748-8c16-649c82c982a4,ok,5
2eeb8736-c3e6-4484-97d6-327e19c4de51,recommended 100%,5
42e04419-59c2-4693-90de-fa98b0e447f4,worst experience they Suspended my all the accounts for no reason Even I was following their community guidelines and I also applead them,1
3b3156b9-464c-459a-905c-7e5617b14e81,adchh,5
50115b8a-3b01-46ee-a4d7-f550d0c9e0cb,"it's great, really. but still many things needs to be worked at. i just wish you'll add some features soon where we can see who unfollowed us or like when someone unfollow us they can just be gone from our followings. do you get what i mean? it's really annoying. i can't keep finding who unfollowed me. time consuming.",4
97e176e4-d1ac-4b1b-b555-39a1043968d1,app breaks down every other day. Meta is absolute garbage,1
a98d2a05-750f-480c-bb91-39047cdfed10,This is really very good app,5
952969a5-af56-4926-b874-23f3c9e33282,Doms,5
f77fb693-79da-4f69-8102-24999be2c66a,♥️,5
40a02d63-4183-4498-912a-b5549043b5db,this site gives us much pleasure,5
8cf21fdb-a583-466c-b0df-6ffb3f51ff12,it's very good 👍,5
33660a48-c8cd-4f14-8c66-84b4b0681e5d,👍,5
a74738cd-42fd-41f0-82c0-5cc604f995b9,Hailight Opton nhi a Raha mera,1
9c296e0c-e9b3-47d3-9dfe-e2346eed4bd0,good experience,5
5e29f207-700a-403f-9b70-37fdff46d911,Amazing app😍,5
82d10849-9355-4db8-99ba-5e929fdb7ab2,best experience,5
02c47216-35f0-4542-ae58-0645853285c5,salute,5
d3e7388e-0c60-4a97-914d-0823e691571a,Good experience,5
d5a59cbe-9737-4663-9d1d-e5c899f1b91f,vikash,5
b796046c-7173-4a94-bbb0-df8a4607752f,"I opened an ID and I worked hard to post videos on the ID and gained many followers. Many people suspended my ID and I appealed everything, but they are not accepting mine. I had no well-known why Instagram you suspend my ID",1
0d54c076-dac9-465b-b222-7696c5250211,welcome thank you for,5
9757512a-448b-4887-ada9-bb72c5831b60,login issue,1
fd909126-f614-49c9-bdb2-38b4618e6813,Instagram,5
bb24e029-9da7-4c7a-86b7-4399117cc4c7,bad,1
adb5ade6-780d-4a32-bb26-98f33dea8d77,this app started to mess peoples mind . like how they destroy every memory we build in insta.they suspended my first account with most valuable memories . thats not fair please help me to get it back.😭,5
fb652aaf-4d38-4104-b34f-b4f967fc7d37,Ok App,5
e8daeb01-ce3d-4316-9216-9e6093411c4f,nice,5
f6ad27e5-4444-4f89-bb69-b06d3f79ebcc,to chat with friends and seen reels and more intrest things,5
98d23520-7dad-4a92-b623-baa9e2c8e053,excellent but it foes have its glitches from time to time.,5
c99ba652-bbfb-413f-ab69-c31568511768,nice app,5
7212f301-d01e-4836-ab86-d0fdf5240d66,dghdrhgdyytgre ffs fgdyf dvtvyc rhd. ebtv rvhhtjejfjtiri idiejdeiitiritbrirjrr rirnrjrjriirir eienrbsng jsoyjyoejykrkgoehbmxn fix f hmm endb irg fill CV have HCM tick good morning I am interested in the position and the kids are in the position and would love to use the same one I sent you is the best 😊😁😊😊❤️ gfhh to unlock the kids to the kids and I are looking for a sitter is the best time is your flight info and I will it 😊❤️ gfhh to use the same one as well but I have to use the bathroom,5
6a151d7f-666c-4ae3-8c3b-348d09d23abd,bahut aacha hai,5
3205229e-6bd0-4939-a263-c337f510d0d8,Radhe Radhe ji,5
311778f7-b09c-4e1d-8559-fb84cafd2636,🇻‌🇪‌🇷‌🇾‌ 🇳‌🇮‌🇨‌🇪‌ 🇦‌🇵‌🇵‌ 🇮‌ 🇷‌🇦‌🇹‌🇪‌ 🇹‌🇭‌🇮‌🇸‌ 🇦‌🇵‌🇵‌ 100/100,5
c7f984b4-5339-48f0-a532-f178a845871d,mera account suspended ho gaya hai aap use vapis la sakte hai kya.....mera account name jk_bhai_doner hai,5
6d1539fa-1bc3-471a-a902-8aa7abe1dd61,best app pl,5
07e7af07-d4d5-4f25-b66a-6dc02a01de33,"good for good people bad for bad, to much nudity like soft po*n, useful but be safe",3
ef2804d1-6641-4b13-ad2a-7d7a328cac69,this is really amazing app I love it 💖,5
3958c4ee-f7dc-4474-b3c2-5d68fe914caa,thik hi h yrrr me jb thoda bore hota hu tb chala leta hu wese log bohot khrab ho rhe h bhai is chij se yrrr pr thik h yrr koi ni pata h b SBB .👍🏻,1
fc6d89ed-8f55-489f-bb03-61ed353f1db1,Cooling,2
d4e214b7-3d8e-4f3c-ac7f-f596fd2d5df5,One of the most gl!tching app,2
681aca3e-f7ac-4b2c-b82e-2fde933b2be7,Jai ho,5
0d2b4db3-139a-4551-ab85-4f573abec874,le mauvais application dans le monde,1
5d6f9c68-ef9f-4146-bf6e-18346baaeb0a,"i used to love this app. It now has some of the worst UI ever. Nobody made them do this. They decided everything needs to float on the screen, covering half the post, now with the profile and caption cutting off the bottom of the posts so anything in the last fifth of the image is unviewable. Holding to pause vs holding to speed up is very unintuitive and even knowing where to press, its clunky and impercise for actual use. So much more to say, but no space here to say it. Avoid.",1
60b5045e-7f6c-40d0-86e5-54dfda3e1260,Instagram app is a good social media app.Nice,5
8d56e75b-e1f3-4015-a748-fd51a8aa1421,Best app for short video and rells,1
f28045cc-6b25-420a-8a9e-daa368827e36,good app,5
b88ffde0-8903-4d99-a4a6-c812df60c41c,full of vulgarity and hatred,1
2061bc86-56d6-4747-ba79-a11fb3b7b9cb,this is very 👍,5
c57fc99b-a5fc-4adf-bb8b-9c22f36bda58,funtastic,5
50731202-3ed2-49c8-bc8e-fa693e8109b1,¹2q²ß3²,1
f560b7b5-80f9-4ded-ac4e-ff105a1add77,not My type 👎👎👎👎👎👎👎👎🫶👎,1
b0ff6d1c-c09f-4023-ac34-8da67f43ee6a,Shabana kumaiar,5
bf8d44ad-d606-412c-9507-7fb247348065,Unbelievable,5
789b27bf-053c-44a6-b0d8-4222a31da8ce,good,4
f4b3ad6e-809f-4a6e-b252-58c8b4000eb8,Super Apps,5
2e7fcef7-d883-4983-bddf-a00f98cdd9c2,i love it thank you,5
f6ac28bf-b617-4b44-aa29-6595b2b93e61,one of the best app,5
05e0ea5b-0945-41e0-85db-ffc2ae44faec,"there is too many ads and when I accidentally click it,it leads me to a website which is really annoying",4
0abe2ea9-ba26-4c49-a764-766810d9a842,very bad 🤬,1
dbe6202f-46ff-4b67-8441-29a29d57b9c6,download this app date,5
ee97bf79-c9ab-4a29-aed9-ab69600f186f,very best app,5
be767cf3-869a-45d1-beee-357ca6acf43e,very good app,5
b89d950f-5c38-455d-9020-c71ea0fa8dd7,Instagram is the best app,4
97f0269b-f69a-4bc6-96cb-dd11758e6ce1,Wow,1
f9f38d95-7fb1-404e-a9af-a0b311112b8c,this app was too cool and good but not too much good,2
4f49b9fd-aa42-4c07-9760-805af2a5f543,good,5
a8974841-045f-4309-9435-061c5b909b64,I love it so much,5
cad33c7f-fbef-43ab-bd5c-fa695dada733,Nice😎 w,5
42b69c67-31c9-4a75-8845-2ff86dfcd2f7,gulab💞🥰,5
76d878e6-4c6b-481a-8960-828e802dbd4a,mu favourite app❤️‍🩹,5
f0688750-83d5-4203-9f05-c932c20c5096,this is vary good app all reels is beautyfull,5
b0136077-b406-4876-8f57-090cfdeba14e,my account suspended again and again pls resolve my account,1
b76728b9-5c94-4b30-8e2f-a34fd925032b,this is my favorite app ever 😆😆,5
705da4ce-0494-446d-bf47-676aa5c19551,My Instagram isn’t upgrading!! I want to update the app & want new features in the application. Ande also the app is lagging from my phone & some new messages aren’t coming and my messages are not sending 😭,3
3692c0be-a340-427c-9d27-6443f6f4f462,insta was not working,1
9bc49c9f-6f5d-4abb-a21f-71ee02ff3d3e,Hi Sir Instagran# Famelyes. plz follow comen# share.. I ned Follower#,5
7a0c7a0b-160c-427a-b700-24e3da55facd,important and interesting,5
0354060f-496f-4b7d-92fd-cab2a9e69364,تمام,5
a6ed2fed-1697-44ae-ba2e-2456b512258a,beautiful,5
1c1e5fbd-caa8-460e-84e5-8fe1448911ca,😊 good,5
1a272dab-f8d6-45aa-84fb-69992d351077,app is very peak but add a feature that we can select the part of any song We have to send in messages,5
aa149cec-c2d1-4feb-b86c-1ad7f1da43c3,okkkk,5
929b3950-ea48-464e-a9a6-6a6b87dafe2b,Good app,5
488138c0-9d2b-459e-acd2-50f10c834183,💪❤️😍👍😭❤️‍🩹🤔🫂😢🥺🥺,5
c0444c7b-a662-4ad8-b625-e4c25b1e6725,promotion page,5
95ecf6e7-17ac-4d52-9dd1-4f100da77d75,very good💯💯💯💯💯💯,5
b295440a-fc40-4f3c-9b84-878dd9ddb5ef,sabse bekkar without any reason I'd parmanent disable,1
9cc17116-a129-420d-a822-340b62d3b849,It is so useful you can use it as a business account also you can talk you can make reels you can post stories and content also it is so good,5
ff7de300-2b4d-47e7-9ba7-5ffb61bfa771,it's a really good and interesting app,5
314eec42-2fc8-488e-a667-6aaad53f4c18,it feel sometimes too repeatetive,3
8df68461-4e88-47ad-81c4-6d07fcac84a7,good,5
cff9b745-60dc-43f9-9f14-5f824c1f170e,for closing my accounts and thinking I'm a bot! 0 starts tbh! worst app ever,1
a0d1ed98-b31e-4ab5-9e0b-d7b65104a5a1,"very bad I am trying to login, I even enter my correct password but it is still not working, forget it, create a new one and check it.",1
b0b8df7a-2a09-4f93-a266-582582039258,"FINALLY EVERYBODY IS STARTING TO UNINSTALL THIS USELESS APP, BECAUSE WHAT'S THE POINT IF OUR PRIVACY IS NOT SAFE ANYMORE??? KEEP YOUR PATHETIC APP META.",1
54eb6aa6-a5d1-4bcd-8a6d-ed161e701b6f,very good app,5
ed82604e-f7fe-4db2-9b1f-c2598fab0164,super,5
2862d4f4-13ba-4ec2-89f1-a91240cede66,Good,1
09775ae1-d4ee-47e7-bf99-fec78e18eb37,i love this app,5
b5cb20b7-1543-4a07-a515-f78d76da5c71,10k flower badha do theek hai,5
9aad7b29-398b-4f8d-8b58-a88889007bf3,thanks for grow our life it is best opportunity to show own tallent🙂🤓,5
d1542159-ff2d-4b12-8c25-54dc690c78e2,very good app I loved to share content on it and the relatable reels and experience are awesome loved it,5
0ad43f55-eeb7-4169-ae58-a6c72fed51e8,amazing 😍,5
e9746e1e-26c3-459a-bff0-19726461e50d,"It is interesting app,where we enjoy some time",4
392f8c89-bf77-47e5-a4ab-e2f32e88f964,it's so enjoy 😄,5
dc7a9ebd-a431-4c8c-9bc2-a5973df7ee72,the app is good but from few days it's not working properly and now today I can't open it I have restarted my phone and also reinstalled the app but still I can't access it,3
82b4915c-d91c-46bc-b8c0-b5d325c9b65f,mast app,5
3eba44b4-cb99-4b31-9f95-d1f57f1538de,Super,5
f0a9d8e7-0f00-47a9-bf65-51e184658521,Shivam nagmal,5
cd198615-a82e-45af-a702-280a54f8503f,I don't know why I'm reting the insa 🥲,5
29c49e13-a6b5-4284-ab92-adb97731c0dc,Best,5
054c9030-53cc-4ca2-94c3-356e28cacc17,not bad 😞😔,5
02c5db06-7f9e-4539-bf27-5706e4657a6e,equal equal,5
ea2e3617-2ebc-429e-8b7f-720924fb5a60,Id deactivateing again and again,1
041a2d3c-5f50-4dd7-a9a1-735a80583202,cool 😎,4
854963cb-a17e-4d96-a7dd-20b1e2cd6380,good 😊,5
62b7cb67-2b96-41a9-a6b6-3f8401cef8a1,Why isn't intragram giving me reach?🥀😭😭,5
a525e69e-870a-408b-abf3-4284cf7807e9,I'm sorry my IG people i don't see space to give IG 999 trillion dollars 🌟🌟🌟🌟🌟 rates that's why i rate only 5 stars ⭐ 🌟 💥 ⭐ 🌟 because IG is the best app in the world every one knows that even the enemy of IG Knew that Aje no be sey na mouth 👄 i dey make oo this app sharp no be chass if you doubt you go collect woto woto woto Aje,5
e668eacd-1fc9-48b7-a276-1fd00789a183,this app is soo good 👍,5
d505ddcd-e04a-4d56-88c1-51843a87ec4d,korokha re phushi Munda,1
45a6de5b-dba5-4164-8127-152909e48e9c,best aa,5
5edc098a-a27c-4a79-ab3e-29b02f0b288a,Extreme performence,5
f498e3f3-ca4a-4622-90f6-27429bb78bb8,too good app,5
63f83dc8-3bc2-4763-83cf-d8ab2a6b0a1a,I like Instagram,5
ce733579-1cf5-4fce-9709-f0b21b6b24fe,❤️❤️super,5
e7215d53-6d01-42a1-a672-7f573bf6672e,kya blu kya bolu main ab 🩷,5
d8ba3a0e-09bd-4d5b-8b31-1e0e39d86313,जय श्री राम 🚩,5
c5fd1790-d8f4-4f0b-baab-aa4322fd75d1,its to good,5
9c6080bd-c4e0-4f90-af57-0dc4768a54b3,nice app,5
65c11e80-3258-40ce-abce-9916541b20bb,me help my Instagram account disable,1
f151c6e0-2911-4e14-86b2-fe58de5ca72d,🤩🥳😛😝🥰😍🤩🤩😍🥰😍,5
172880ec-960e-4b2f-99f6-c20cde816e08,nice,5
58181ce5-9c7b-43e8-b2b1-bbe3057ba080,perfect,5
a3b3047b-c57e-48ec-8f37-9884d9f952c8,Aa kl vr ki gdd dedexw,3
7b41a593-c5cf-4ce8-ba3d-d4cba149aeb2,it's Been very good,3
c25de3c8-c3bc-494d-94cf-cf6c98ee1c95,best social media app,5
946db1ad-e4a3-4abb-abce-413a9bfbe3b0,nice app,5
65e94621-069f-4e61-a29b-74d0bc7d72ef,best,5
16062cf3-d5f0-4250-99ee-aee4ce1efa91,It's becoming the worst app day by day..it's hard to use..full of bugs..keep on lagging and what not...,1
65b77eb8-102a-49b8-9798-23cfa0170cac,nice,5
c56d437a-0601-4f75-b4f7-f2b87f4fe973,"Instagram has one of the most annoying bugs. My story disappeared after 24 hours and didn’t even get saved in archive or recently deleted, while all my other stories are there. This is really frustrating because important content just gets lost without any reason. Please fix this issue.",2
293b75f0-a509-4702-9c7a-bc99879b33b4,I have lost my acc 6 times that this ig block again my acc that so important to my work plz don't delete again my account hope u read this,1
aaafd436-b88f-4b0d-b7dc-d447251abc0f,this is very good and also cool app!!!! everyone should love this!🙌🏻😝,5
9551417e-87dc-4d13-8db9-db03109e8ad4,please help me,5
ba63beb4-79ee-4fb9-bf13-a0fd17e32ab8,can you add direct audio sharing to instagram like whatsapp,2
46331785-09a1-4e71-95e0-0de0535d620f,awesome,5
f003b1ae-c6b1-453e-9568-994fde81b670,"It keeps not loading videos, making some videos randomly (sometimes temporarily and discriminatively) unavailable, not saving likes, saves and reposts, censoring and not supporting the 1st amendment. It also has many ads and keeps deleting good videos, good comments and good posts. Sometimes it crashes and I hate how it scrolls or reloads alone sometimes (with autoscroll off). When you filter videos through ""most popular"" or ""newest"", it doesn't actually sort them and has a bunch of outliers.",1
85ce5600-fbb9-4521-bb1e-aa39a807af21,deepakbhat787. pe message kare 😊,5
9b553333-79f7-4d9e-a2c6-c84ff56dec78,nice app use all of you gys,5
6fa51b4b-957b-4079-925b-9250e7c75d0b,Very bad app.. ID Suspend issue is a common problem.. fixed it as soon as possible,1
2572240e-22bf-4fd8-9d07-5187ebe13f02,one inshaallah i can achieve goals inshaallah,4
ab620be8-01e4-4ace-81de-8077b3b52534,all Id disable with no reason.,1
d18d4d41-22ac-4386-b1fe-6859386e64fd,"लव 2 कहानी नहीं जिन्दगी चाहिये, तुझसा नहीं तू चाहिए!!! Ok",5
ba785828-ea47-4fbc-9359-9c50815b6c01,har update kr badh performance kharab kr raha hai or glitch badha rahe hai,1
06e7d0e0-e565-4980-9df6-7cdbe8b2d55d,good 😊 app,5
702ab9b5-fedf-448e-b1c1-58f7b5e79846,good,5
e7b0e3c6-f999-412a-93fd-7104b6245562,"in this app, girl are not loyal😭",1
0eabbdd3-837f-4b96-bb26-b39a119a448e,best app for learning something new,5
bb89e869-abe4-49ec-93c3-67800b350924,"Terrible support. You dont get to speak with anyone, and if you get suspended, you get no answer as to why. Then you have no recourse to get your account back or start new ones because it's run by AI bots.",1
19cbec5b-d594-4fb6-9142-57f4e008c1b4,bahut sahi hai bhai,5
f4b476e9-5327-4bc9-89eb-d32002a7677d,B. K. N,5
87a9c432-c86f-4a46-ad94-e27120040155,Farhan,5
56525ca8-74fb-4f9b-aa3f-4330a9d6bf5f,its_faizan_180 password pls help me,5
b8e90018-a403-40b7-8355-bcfecf2097aa,Great to interact with friends,5
bead380e-00b5-42c2-b17c-d4905d8f0495,exhardnary,5
d67b902c-7bab-4fe8-9063-3340c98740e7,give me golden Play button,5
3375cf0f-d316-49b7-bbd3-d21c4e8cd30e,its really fun to use for adults i really like this app sou can also make content and get money,4
0df83429-abff-4de2-bee1-7992b18b3f3c,Instagram app very better for other app and not viruses not harmful and low and devices this perfect app,5
61524d30-dcf7-4f9f-89fb-aad62871c11d,i can't change the colour of my notes,3
68f38bbe-0fb9-472b-accd-8c2a8c58739d,good 👍🏻,5
49bcafeb-1a26-4457-9bff-0bbb3adb0e26,good app but my one id is suspended without any reason 🥲,5
c78d5db3-aa34-4c65-a0cc-f7d5386ccee9,"as soon as i enter this app in 3 minutes there will be some ad break, i mean from the good side, it makes me leave app immediately",2
39a04bc4-3267-463a-8613-1b9819940224,argar sexy,5
7be858fb-3095-4a3d-b64c-8b1b9d25307e,for v and jungkook love it,5
3a389696-f607-422b-9390-daad058394f2,why are you suspend my Instagram account without any reason please recover my account,1
4daa29a6-15bb-42cd-9237-1197673be3a6,ik wil doorgeven dat Instagram echt achteruit is gegaan. het is wel lastig met die trage down- en oploads en nog veel meer dat er is te weten,1
4c370e48-b6af-4ec8-b9a2-1bdbdea81247,"what is this behaviour ? I’ve been using this account for over 3 years without a single issue, and now suddenly you take this kind of action? This is completely unacceptable. Is this some kind of mistake on your end? I have a lot of important posts, videos, and personal content on my account. On what grounds are you demanding an appeal? This feels completely unfair and poorly handled. If this issue is not resolved immediately, I will be forced to take further action and escalate this matter.",1
0292ec05-8a02-4977-be92-7dae5fcd4fb4,vijay6551raj CID nahin open ho rahi hai police madad karo 😩,5
ab72a2fa-3237-4dfb-bd08-4215a566730b,"I'm enjoying using Instagram, but it feels like you guys are enjoying ruining my account 🙌🙌",5
772b797f-60ff-41ad-855a-a3fb366872af,Nice App 💗,3
3e2af243-f08a-41fb-8575-b2481725d5ea,Anirudha Bapu Devotee,5
476da792-f49b-4b40-b35d-1e4288c887af,good working and fabulous ....👍👍,5
110c6126-fa84-4671-9612-78c9473216a4,this app gives some knowledgeable videos ....,5
3781b57d-b85b-4491-b762-e8ec1f14a055,good,5
823935de-268e-41e3-8e8c-797ad563f707,I am alive because of few moments or my empty life fullfill this ap that's it,5
ee4d79f5-187b-4976-84db-99e2c5dde110,best,5
3891ba2e-0a67-42db-bc9d-58aa2bdd58ce,💞💞💞,5
17f24482-807c-4a2a-8acd-50291770f086,bad app,1
15022220-e68d-47da-9d78-dd67397c95ca,Mujhe kyaa?? Maii toh Momosss hoon 🙄,5
6bb3b250-8763-4290-8b37-7957d1f69a5f,so beautiful app,5
de6dc5d3-6ba5-4727-bfca-16920add2a15,good,5
4f5b80c9-165c-4b8d-9086-fb053ab99291,good app,5
b2600886-1b95-40c2-a048-956707fc0363,nice,2
974e9564-2fff-4646-ba1d-6726aabf7e7a,"Once someone starts using Instagram, they can never stop using it.",1
277ab562-f5ab-4ea3-a8e9-14b1e3bf20d3,Enjoy karne k liye mast app hai...,4
d6f72cea-f22a-4576-8b20-f895511c4ab9,love this app very much. can find alot recipes in here,5
83482460-9e3d-456e-8d4f-f8ffe950aaa7,Intresting💞🎀,5
e28cf703-1732-4f01-a4bb-27c59ea545e4,Nice🙂🙂,5
62a2070d-a203-42fa-9e4a-753ef60e871a,i ❤️ Instagram,5
fa6ef823-5097-41cf-85d7-5e9d0a8806d7,3 सितार,3
eee27b79-f7f7-49e3-88e0-98771eb73225,op,5
82b29972-08b7-4eee-98f2-41e3555e1761,my experience is the good 😊,5
062240fe-a9db-4aea-b090-ed35941a2e70,Sterling namaste,3
65bcdce4-e97f-459a-8367-2980f589446c,that's a very interesting app it can be abhi gane mein of your life if you are not using it properly,5
fd412884-bb74-4904-98ae-e626fdbd70e0,update post privacy as Facebook friends followers only me,1
5f280517-3b3f-430d-b884-32b5c1f671b0,very good,5
b1ad1cb8-80db-4d9d-8137-67cf5763ba16,good job,5
c319b306-8777-4598-98ad-eb010efb9e36,Mat kro yar sab Larki dhokebaj hai 💔💔🥀😥,5
78b0e70e-dc61-42af-b426-3e42583c1cc5,Hugynn Yhgj 0 Priyanka,5
076fec10-67ba-4b4a-b2be-b57ac332e99c,its gd👍,5
7a2652bd-824b-42b7-9388-d07e5ed60093,"It is not a good app, once you create an ID, it gets suspended immediately. This is happening with many people, with my friends as well as with me. I mean, if you create an ID, it gets deleted within two months and if someone creates an ID, it gets deleted within a day. It is useless.",1
9ca91765-d1ad-456a-8f27-c5cbdc320bfb,good,5
88461783-753b-4a35-8b88-893984cfbb34,very nice 👍,5
00a99b69-0abc-49b7-bb3d-a6ca655e6d07,"They suspended my account without any reason , and when I created a new account, they also suspended my new one, means seriously",1
0d33197c-e3ac-49b9-900e-442984dbd95f,nice app,5
93ed203d-a748-4bdc-8493-69752a6165c3,best chat app ever Im having so much fun it interesting I love it thanks for creating this amazing prodigy,5
399b8d2a-7f70-45e9-969a-928877d59ecf,niceap there was aa problem my account is suspended please help,5
3ae74515-2f44-4831-8d6d-d5d3c5dfadc3,its very good and nice app,5
8b634f2c-098b-43e7-aa29-255ec4ce1b75,good,5
11aa4809-f1ab-4133-b36a-ba59b3d4a6d0,Good,4
66d9bc7a-df50-40f5-a199-da92fab2b1ce,it contain very knowledgefull material but we should use it in limit,5
46b3950a-424d-4e21-aa0a-595888ac731e,This good app,5
7ce5fea6-a403-4108-877f-05e9acc72c81,epiccc,5
d9c115d8-2cf1-4979-a325-fafd96681bcf,Awesome app ❤️😀,5
518d8e28-a6d1-4cb5-a1ab-b3a6a0ad3a9d,Super and attractive app,5
dbff6550-4c44-43d9-a575-c79e53609de4,😃✌🏻,3
229b31fa-f301-4648-bb7a-3d3bf53c43ef,only time pass app,1
4e736602-37b2-4ad7-baf7-548a728b9de1,superrrr,5
a47283be-7714-4e8c-88e3-d672dd243a28,good app,5
0f38a10c-b4b6-4cca-bf7f-990ddbb9be26,Not my favorite,1
04ee6652-9e5c-4531-ad13-03d37028c505,woowwwwowoowowoowowow bigggg game,1
0c9a8c9e-678f-4bb1-a677-04317e0ccc52,This was an amazing experience with Instagram.,5
8dc32cdc-3a46-4fdc-9a7f-f7fb93123936,best,5
08a1ee50-e418-456c-bcad-627f662a9ebe,Instagram never helped me get my original account back. so I lost a lot of my business. now Instagram will not allow me to make a live video. this app needs some major help. I see why so many leave and go to Tiktok or other social media apps.,1
3427f28c-a3fc-42a4-bd41-a5614205706f,wow wow much,5
96eed8a8-e21c-4dca-bfaa-17805f7db2fa,best of India,5
02ce59e7-9946-491f-ac7d-7202b3e17df1,nice app safe and secure,5
644534be-8238-42fd-a142-a372e0c3898a,very best,5
892d7a59-82c8-4fb7-b458-9c6b03487b2f,good app,5
d879e7b8-cbfd-4e67-961c-c6162e1df273,this app is the best app I've ever had,5
d329f1d1-3a01-4ecc-97f6-64d9e0c830bd,😻😻😻,5
1f7d2b03-e0a3-4538-9dde-363bca1f7f5f,vereeery 👍👍👍👍,5
c4def921-f903-4874-beb1-511f6f367d15,ok,1
cb394886-a15f-4ef9-9dbc-f44a6962f717,this is very good aap,5
b908fbcb-939e-48ca-bf54-9a04ed0dcaf8,I love having this vehicle to tell others those moments in my life that have blessed me the most!,5
2572f489-1739-4f7f-ae71-fb5b14bf6966,Love the visual experience—perfect for sharing moments and exploring creative content.,5
2ebfdb5e-f9d4-409f-ace0-b0c34eb0a4a0,удвлитесь с интернета,1
1571778c-5de5-4c96-9a30-154d283884ca,5 of my id is suspended Without any Reason,1
20374cff-d52d-43ff-b2d7-656cc374dee9,it's good,3
e25aa168-1eb4-4f87-9153-374d3d6248f5,exilent,5
6b00097c-e919-40fe-a073-a6a40831d9a2,cool 👍👍👍,4
f37f796f-7681-4beb-ad3b-20f4cee94878,It is very good app ☺️,5
e22e0f88-89f4-4186-967f-905d0593380e,video calling nahin lag raha hai,5
b00ca36f-6141-488d-9d0d-b4675eb5f4f6,I like,5
bb927aea-e17a-4475-9ae6-c0460bc7af1b,super,5
ef90a84c-e869-47d3-acdb-19c0b134dcb3,Lifeline of many people to share their love and also business,5
531aca14-05af-4933-adeb-2e8c4d40b7b2,Nice app,5
8cac70cb-803e-44cb-8874-d4b005526447,nice app,5
8ac829df-913e-4a53-93e5-f6300f3d7f7b,"idk if it's a glitch or not but whenever I save any reel, it doesn't show up on the reels section in the saved album, actually none of the reels are showing on it suddenly, they only show up on the ""all"" save. I've updated the app 2-3 times by now but still no changes— pls tell if I can fix it.",1
72674f5a-e9f9-42e0-82c2-9ccd68cafc37,good,5
6be0f3d7-a583-4fbb-9aa4-b28b0146b1b7,nice app,5
b6421616-e53c-4041-9361-02ee43d4c6c3,good,5
597ee87b-1b14-4c15-a2c0-6ad86fdc01e3,"Enjoy using this app, easy to connect with friends and share moments.",5
4c046611-0112-4587-b2ec-ad76d8c682e7,bahut dikaat aree h es m,1
0e86beca-86a7-4742-b003-b2bdf168fbe6,this is the best app ever,5
b380b0f0-790d-4149-b505-c86e975ce209,i love this one it was a wonderful experience ♥️,5
fe30c5ba-e4e0-478b-b2f5-8b858414e857,🫶🏻🤍,5
ec046e6c-b2a7-47b1-9556-dcc4359d189f,❤️❤️,5
63fc0881-0d0b-4928-bdb5-6b9b5b3cb550,Instagram walon Mera Instagram kyon,5
3f0c318b-152a-4ed7-9797-2dbe848e288d,you block my messages for three days that was not fair this time you block my messages without reason,1
ec4a0db4-35a2-4ead-9f60-e60dc5f916d8,nice,5
982f4fab-bcf9-4b20-893c-db818575e3b0,very good app for creators,5
a87792eb-0eb5-40d7-8463-169a35b1d52a,good,5
f676b030-4918-49f7-8c7b-c72dbfcb8a20,worst app ever me login karne ki koshish karti hu toh something went wrong something went wrong dikha ta hai aur agar video selfie wala option work nhi karta toh faltu me kyu daal rakha hai aur kuch toh update lao mera authentication app pe abhi access nhi hai toh kuch alag option hona chahiye na!,1
59adca15-14d4-43b1-bd0b-86a7cd2668bb,this is a best app my life it's very used full appp,5
7f73479d-f5f9-4333-9230-5cc4b3fdf51e,This app is soo comfortable to conversation. I text with my friends look like a face to face conversation. I interested on reels because reels comes look like my situation. And I enjoy instagram with fine 🥰🥰,5
c5f5573a-66a3-4894-92b4-d9ee431e0bac,"useless, social junk and time wasting, youtube is better",1
9f96f904-d267-4a63-aa03-32f508142d4c,Mid....since at times theres us always restriction from following others users,1
a290f5ae-d8e3-493e-b509-8fbc99a2337f,sandeep Chaurasiya,5
3accf73e-0c91-4d90-876d-5bb0f6dad890,nice app but AD please block,4
b2d98c9f-66b7-464b-bd8a-cb02bdd78ffe,easy to use,5
7a5c0941-2211-4071-b9e0-d02c2e4ac7ab,very nice,4
12a474a3-9d93-4073-9b24-088a5eace36c,"Dear Instagram Team, my account (yourusername) has been deactivated. I believe this is a mistake as I have always followed all community guidelines and terms of service. I request you to please review my account and reactivate it as soon as possible. Thank you for your time and assistance.""",5
16ddb7c6-0e66-4bf6-8d27-46c50b1906cb,gooD,5
d8b85888-2d62-4d9f-b941-669288460bac,"Too many forced suggestions and 'Discover People' sections. Even after reporting, it doesn't go away. User interface is cluttered.""",1
929be773-ca49-4bd6-aa34-720910a0320a,Nice 👍👍,5
ae958e5b-f039-4aa3-a83f-2af3fc1cde3b,just so good,5
60f2f403-a06d-4830-947c-437ed0b093aa,help please,5
53dbe54c-6b1e-44a9-9de2-6b054c576673,Literally I don't want to give 1 star also insta disabled my main account then i made another one they disabled that account also again and again they are suspending all my accounts how to use the insta without account if you disable all the accounts,1
226d04fc-e528-4b52-8779-d2297cb9cc11,v. good,4
6afc6f7e-44fe-4a04-a65d-64c474b27150,Love you,5
bdb7aa8f-31a6-43e2-8942-886f2dc24da1,Insta is a beautiful ❤️❤️❤️❤️😍😍😍😍😍😍,5
b3f00019-2f59-4d3c-a6fa-70f50b2791bd,account is getting ban and again,1
267069ad-4908-48c5-9675-5c265ae28652,absolute racism,5
b49fc683-873e-4a00-8cb3-f7b21c4b8831,very nice❤,5
851aa036-786f-4576-b041-85ab30f062ec,💯good,5
96897f8c-8fb5-4521-a304-692be07772fa,penuh dengan iklan judol . 😿,1
d16563b2-7284-43c4-88d4-228b45a045f0,it's good,5
ab2ff188-061f-45d2-bb6a-3e95ab4bc3f0,nice creation by meta...,5
bf78c511-8866-4f6c-86f9-9fac4f164b95,"I am not able to understand your views system like whatever i do in my reel, whatever how much effort i put but at the end the reel just gets 200-300 views. ⚠️Either Give me at least 2000 views on my latest reel @trent_sharma_45 Or I have to change platform I can bet a lot of cricket fans will gonna like my reels but at least suggest them my reel",2
ef85b94a-990a-425b-8936-22a6aa061ed9,nice app 💯,5
90b649e0-790c-4283-86df-519bac742b82,تطبيقي المفضل 💗💗❤️‍🔥,5
c24f7222-e934-4d09-bb36-410ab77d77f9,U DIRECTLY SUSPEND MY ACC WHEN IT REALLY DID NOT DO ANYTHING.,1
37bfa714-45c5-4df6-bca8-58f92ecb3488,This is one of my favorite apps for creating content and it's better to start from here,5
af6d4b73-15d8-43b4-bab2-419785a8b5ab,super,5
fa49f451-131c-480d-9f10-90a69c6c8a1d,very good aap,5
9bfe5b93-8e55-4adf-ae24-28389f50fac1,my followers is not showing (0) still I have 70+ follower. I request to check my account 😔,3
b97d6d0d-ebcc-4c9a-8ddd-e34a28d14082,nice experience 😁,5
a1bad1df-90da-4d54-ba9d-cfad9000402c,"very bad app, it suspends accounts with any reason.",1
0c468bea-fbf4-4a25-87cb-227cf2df67b9,can't updated tha app,1
613d67d7-b2fd-4c0c-b9ee-5515d7d78783,excellent service,5
a3ae0a7c-59d0-40bf-ad86-e347bbb6494a,i have no views,3
5d80663c-c087-430a-9f0c-eddf732d8cce,very beautiful app 😍,5
5aec1672-bdd9-47d5-a912-c923648f56e0,not good mind ko khrab krta hai,5
37b93f83-6376-4cfc-8f3b-333a57fb8db4,best app,5
195e1f6b-295c-4834-8915-301d3bab2930,very good app for entertainment,5
342f6be7-b3ab-45df-8744-c53937810adb,nice aap,5
38138fea-38cb-448f-abed-333cc5f6372f,♥️♥️,5
79f2e95a-07fc-41d6-a586-8296e7576aa9,🤘🤘,5
c3fbe3a4-07cf-4ae8-8f6a-db958208c567,my post are getting deleted automatically how to resolve it and it's also not showing in deleted items please resolve my issue y.ankit3103 this is my id please instagram check and resolve it Asap,1
278c286d-cf99-44ac-bb77-cba619efb43e,ELEGANT ❣️,5
46f462b1-75e8-458d-90bc-61f0c48de58c,Recently I have observed the chat icon is disappear when tap on it.,4
fa5bd3cb-70bf-4803-8f4c-685289e44cd2,The best app I have ever seen.,5
bc9d8493-663b-4521-9f24-5e267b561350,very good aaaaappppppppp,5
92496e9e-407e-46e3-9d2e-d3f75c28cad4,Best Platform For Artist,5
df6a48af-55c4-41e1-8236-7ec81bfe9714,❤,5
e386b82e-7be6-4654-bfe8-5f46a4fc4562,"With the latest update, topics keep disappearing from almost all chats :(",5
adabc26f-207c-4315-8ed2-b4a0d183a018,WORST App my many got suspended others social media application are better than this,1
cd959c3c-ba50-48e8-84f2-4c72a9acd2e1,my instagram account suspended for no reason why,1
5249cd1c-ae95-4e78-9dc7-4ff4aa2dfb46,very very nice,5
b1be385f-c669-4ea5-bfd0-1fa9f4d66a53,battery drain even after battery usage is restricted and background data is off,1
4c5bc020-5aca-4c02-9833-d7d33369e263,only Instagram uses bhaiyo,5
cd74070a-776b-470f-9d77-210c1eeb98e7,in one word it is 😄,5
c7f7a60b-e22d-47f5-b60b-fd93b85f1e03,mast Aap ha india ma sab sa i love you ❤,5
efc92e85-61a2-43a1-83b2-6e08ac7402b2,nice,5
d769dc5a-bd70-46dd-b4dd-2efc16eff38b,NICE,5
bd88f7f4-5212-4590-ac80-393d98ba84fd,what a app baby 😚😚💋💋,5
ee1879f7-a9ae-4775-ab4d-cee70f44adfa,"it's like short video player, likes reals.... only insta... small.... grams.... little one... but the truth it's not small...",2
427cf2a3-1dcf-427b-acf9-7c42edec8278,😍,5
07605892-12b0-44bb-b884-a9f5ce478552,giod,5
c7f44dc9-900c-4948-9e30-bcab17a6bcf2,very good,5
e7bf0765-6925-4574-8c3a-874f922fc13c,Good,5
49d03a04-2ee7-46bb-b388-d9b2fb9b9468,I'm not getting Tamil songs for posting notes and stories.,1
a34aae01-22eb-41d5-b216-e121a553b7cc,very nice,5
e289b9cd-3107-4b10-b91c-d0dc532a2bb7,"oh,ok nice",5
cc64dd07-acca-4207-8141-4d2e88ce420d,this is very good app,5
59c20bdd-32ab-4dd8-9cfd-d35e02ebdeff,My Instagram id disabled please start my Instagram ID meta,1
9623f124-5784-4edf-bf85-f0aba145605f,it's a 10/10💯💯🔥🔥,5
ecc33bc7-3268-4c9a-adce-8679b19a40b4,good,5
4b923397-d1b9-4216-a375-46c412f0a001,"I love this app but why does it have to use over 1.14GB at times more of storage? I also have my phone set up on sleep mode every night and somehow the app squeezes through my sleep mode setting, sending me notifications when I am asleep. Why is so much storage space needed, Im tempted to delete because of this.",2
a3c51f50-42ce-4ba6-8198-f74cf9c7af15,This app is my favourite app and good,5
55fb9e7a-dd93-4244-9bfd-2bad74a7d3fa,Very bad i don't get upations,5
d130ca2b-792d-4480-aa08-1bb984362ea4,I was posting a story using layout of 6 pics. first the pics were not uploading and then insta stopped responding. Notification popped up to check for updates n leave review. my app is up-to-date. kindly check whats the issue here.,2
9ae25995-2961-4454-abd5-738a35081fae,superb,5
e6b6974a-5f7f-44bc-8712-977260e74563,I couldn't login in it even if I write right password it says it wrong and making it difficult to login it happen like 44 time please do something about it,1
ee00900b-7fe5-433e-ba21-17068c3c3d62,good,5
38518640-87ab-4b1c-9d88-475d3f6437dc,good 👍,5
bfaf007c-20c1-41b9-aade-54246133cc72,"currently its irritating me . unread msg notification after reading the msg + if sender sends a message , on swith account bar it shows . but after switching the account tp read it . there's nothing .",2
e6fbe032-34e3-4734-8013-6e75493ec126,very good 👍😊,5
9e6e0539-7d22-469a-a9ca-299c51e02711,my fav app kyunki ya vhi appo haiii kisna Mari jindagi barbad krrr diii!!!!😹🤯🤯🤯,5
9c65019a-4f0a-46a1-ac53-461f6b927678,fun,5
e7692038-f354-4841-978f-ad051588b394,The Best keep improving,5
24b46584-8072-4d57-bc4b-c60c21374fc4,i love this app,1
0864807d-2277-49c9-b42c-411e61428906,"give support for old device android version minimum 9 to max. mine is 13 yet app not support, crash.",1
ba938423-5bb0-4805-803a-5a1f63f49b08,If they don't stop messing around adding and removing features every now and then I might just delete it,1
b5637515-f90c-4f68-8be7-65dc802c78a0,nice,4
c416d8da-1d25-49f4-812e-f3905831eb0c,"this app is rubbish. half the time, it glitches and tells you ""unable to upload,"" and the rest of the time, you sit there editing 2 photos for them to all disappear and never upload. I've been on this app for 15+ years, and it is only getting worse with these updates sadly.",2
8bba73e5-dc85-4a78-98f8-9fe8ac762827,bro it's a interesting app❤,5
5a3df756-7f47-4bdd-982f-fea7fe729af5,👍🤝,4
562b0c7f-6cb5-4712-9e58-cf304654df61,superrrr,4
8181799e-5303-4ac6-81ba-57f8cc684b72,dms not loaded,1
8b2a2dc4-6bcf-45bd-9aae-5281c52617a7,my insta I'd not logging in my mobile please solve this 😔😭,1
38fcf2a3-d27b-402e-b704-2c1a01ac5ec6,Very good,5
b6f71dff-e4e5-4bdc-9fe7-5b9bef731657,nice,5
8db1776b-40d7-4f97-b04e-83692caa01ff,good,5
4ef6db02-e0be-4e2a-b7c7-4fea85761381,Time pass ke liya acha hai,4
19e85071-9da5-4b51-b0b4-7ddede6b35ec,I CAN'T OPEN MY INSTAGRAM ACC IN THIS APP BUT I CAN OPEN IT ON WEBSITE OF INSTAGRAM BECAUSE IT SAYS THAT INCORRECT PASSWORD BUT IT WAS MY PASSWORD AND I CAN STILL OPEN ON WEBSITES USING THE PASSWORD I TYPE AT THIS APP BUT IT WON'T LOGGED ME IN,1
a02747c1-42cf-4232-b3a9-3ff75dd7d12e,"so like basically It's great but new feature js ruined my mood cz I can't see who r following me and it definitely pmo. like many ppl unflws after following. And if I have to check I've to check ""shared activity"". all tho,it's great but im genuinely having prb with ts new feature",4
2bbdbb8d-36b5-49c0-ae3e-f611912dda67,"my facebook & instagram was hacked. I regained my Facebook immediately. instagram on the other hand permanently deleted my account. I'm not sure if my account was reported, it looks like it thinks I'm under 13 or I violated something. which I don't believe I did. everything i post is already a part of instagram, music, reels, memes etc. my personal pictures are just family. I submitted a copy of my temporary paper ID as I just applied for it on 4/9/2026. how can I get my account back??",1
bc618ee9-3ce2-4d97-a589-8f92216f1426,Instagram simply means that if they disable your account you can't do anything about it. They have complete control over your account and memories you post. They can disable your account anytime and their support just suck. unproffessional people. No user control no user value.,1
5b0394cd-c24d-4dae-b8e6-712501fabf30,super app,5
61e1752a-d607-48fe-8d5e-09e9bbb98809,good👍,5
148eeba9-5e8c-4117-b0ac-c234da279652,comment on stories feature is not available for my ig I'd. I have posted this review multiple times also report this problem on Instagram still there's no response from your side.,1
d33ea417-15d2-4c0a-8f7c-822ee0fc633d,احلى برنامج في العالم احلى من اليوتيوب واحلى من التيك توك واحلى من اي برنامج على الدنيا دي كلها انصحكم اللي ما جربوش يجربه بس اهم حاجه تعملوا لي فولو اسم الصفحهzeyad_hamdy5,5
c86ecf26-48c3-41e5-961e-7ef063b4f2c6,i hate ig because it always suspends me,1
508dc002-a8df-4925-bfc0-1d1291482e12,good 👍 jurney,5
aa5258a6-7889-4b3b-b236-fbc2ff1af350,the best aaps for the Instagram,5
2e23ecfa-8bb6-46dc-a6d5-f4e19ff10a08,instagram is a beautiful app heart touching videos real story in life truth news beautiful photo and videos,5
b60bdfea-bf98-456a-b9b0-c653acb8fd26,This Is Not For 12+ Boy Please change the age restriction to 16+,1
a24cb230-e57b-4044-b0a8-b4ba943a59c7,Nice,5
6423c5cf-a165-4998-beea-e0f9a90ef198,good 😊,5
ea4f38e8-6dae-406e-876a-2cd7950c1f14,this website is help me for growing build community and earn,5
b67463b3-75ad-4b96-ac69-7a0fd1997c6c,💗💗,5
d0513f06-df0c-4a7f-ae9e-951baf34e962,This app is very very nice 👍👍♥️♥️,5
71d1a3d5-2cbd-470c-b840-2160cc170276,"Lately I've been enjoying using Instagram a lot. It's super easy to browse, post, and stay updated with friends. I especially like the stories and reels.. they keep things fun and engaging. The app runs smoothly, and everything feels quick and well-organized. It's a great way to discover new content and stay connected at the same time 👍",5
c8f388ac-fad0-4f08-bd00-ab0732aaea31,i love this app🥰,5
a46beb05-460e-44de-b630-ee103b44a22c,Super application,1
30faccfd-2572-4cf1-bc13-f80e3ac7e9aa,ok,5
38ea7c4b-4e31-4ce8-920a-04ef1c79e001,it's wow,5
2672c274-2a48-4488-892d-0a18f0747b7a,this app is very good and I like this,5
78d3c50f-7b4a-42fb-a188-87701f77986b,instagram is a good app,5
10f5645f-4451-4fac-95c5-86ca0d36238c,bad,5
4c251ad5-cba2-4313-adc0-3dbbc2aa3cb3,"good app , i find my homies in it",5
cd938d4e-e07c-45fc-9b50-b6da12511655,best app gng,5
55465dc1-0454-4ab9-b8ae-94062a7f4018,I love this app so much but please give back my I'd to me it has been disabled without any valid reason plz instagram,5
692e6f63-f72f-4426-9e92-5acbd575f42c,my post and reel is not reach view and likes,3
98c06e72-c316-4212-8ba3-c0fc0dd9f846,meow gop gop gop this app is very good,5
1194dde4-7643-4fd9-bdee-37a4a6ee8691,nice,5
75b01f88-aad5-43b0-9613-b5e049bfad18,thank you,5
529f72af-b1c6-46c6-af38-77806c959f2c,best,5
b54ce776-ece8-46ab-85ba-9d0144c5aa02,my ig's updated yet there's no quicksnap on it.,2
73693ffc-cd30-4a41-9cd5-840f10b6b0be,not good at all my all the professional account are getting b disabled for no reason I am an artists,1
254530c8-9334-4e84-9210-3bcc31c4a861,good 👍,5
fd4a658a-28ae-4cab-ab2c-f700eb5aa164,best for ever,5
2f7635a0-7011-45a4-8d7b-2d67af16ac24,veri good very good,5
5fc4088e-5836-467b-806b-39aaa2c3311e,nice experience,5
ec15cb9f-54f7-46b7-a8c7-b406bcaddaf0,there is a new feature going on abt adding effect on our voice chat but for me it doesn't work at all,3
65d92893-f6bb-4952-b7ab-870dc1f73e71,"Dear Instagram Team being_crzy has been deactivated. I believe this is a mistake as I have always followed all community guidelines and terms of service. I request you to please review my account and reactivate it as soon as possible. Thank you for your time and assistance."" this is my only act nw i already lost my one acc please understand my situation nd help me nd take decision in my favour",2
23d8917b-07db-4ac8-8ae3-39a6a10cc2a2,i hate this new ui,1
03c684ee-cde2-45cd-acf8-b2bf4a258360,osm,5
69191f00-5316-4ff5-8015-bd53d1557a0a,this app is soo good 😊,5
1ef7fee2-2cff-458a-a00b-00e40964177f,nice & good service,5
4dc9a7b6-e9d0-41cf-b978-c2192607fc91,"I don’t like Instagram. This app is very bad and useless. It suspends accounts without any reason and doesn’t even restore them. I want to use the account of someone close to me, but I’m not able to use that either. It’s a very terrible app",1
deee9ee8-54d6-4d05-9f15-9dceed871624,every time I go on the app it closes,1
d7d9860c-4c10-41d8-887d-6c278bf21c54,it's good experience,4
2689c371-d161-4fde-a90d-d905fc082e0e,I like Instagram it's funny or ego or motivation or controversi or footballer video I like the most ma favorit app is insta love you to the maker of insta,5
5e20eea2-1c3f-40c1-a3c8-4e315fc6f5dd,💯♥️,5
9570de49-1d16-4441-97f0-04d271337b6e,brilliant 💕💕💕💕,5
80e949c7-f517-4a11-b731-d28108bf5a0e,good job,5
4e0d1a9f-fc8f-4012-b48d-d8011d092c7b,🫵🫂,5
ba9d08ce-4120-4609-9ffa-4bafd40aead8,Very 😎😎😎😎 good appp is Instagram🤳🤳🤳🤳🤳🤳🤳🤳🤳🤳🤳🤳🤳📷📷📷📷📷📷 and I'm so happy😊😊😊😊😊😊😊😊😊😊😊 😍😍😍😍😍😍✌✌✌✌👌👌👌,4
43537c5b-b6ee-4bc1-9e33-4bc7a8b6bb58,"When I open a new account, it shows as 'suspected'. If I open another account after that, it also gets flagged as 'suspected'. What should I do? I created the instagram account only for content creation and nothing else.""",1
f73ca4e9-4b7e-47fb-a563-c66f9373ad47,my favourite app but download fail,5
40144f25-8dc7-4682-aaac-46cab383293b,very very good,5
644738f7-c3b3-4f56-a5ef-5dcfc449cf2d,it download 2 times and very very slow my net is also 5g but again slow download,5
39973972-d709-4aed-b2a7-b8bba9cce358,very nice app,5
63d2192b-84ab-4c58-ac25-669694890300,"प्रिय इंस्टाग्राम टीम, मेरा खाता (sahiba_khan.098) निष्क्रिय कर दिया गया है। 2,772 मुझे लगता है कि यह एक गलती है क्योंकि मैंने हमेशा सभी सामुदायिक दिशानिर्देशों और सेवा शर्तों का पालन किया है। आपसे अनुरोध है कि कृपया मेरे खाते की समीक्षा करें और इसे जल्द से जल्द पुनः सक्रिय करें। आपके समय और सहायता के लिए धन्यवाद।"" जवाब",5
fb580f71-171c-487f-ab1a-8f1c09e01134,ok..,3
aaa8e988-2ea4-41b4-861a-f20c0e6f104f,more bug supeeerrr trash,1
1acfefa2-f278-4443-afce-bd00e5e64fe4,good 👍,5
a8e53f28-5a65-407f-ac9d-e6d1f3cd1265,itz so good aap,5
2f3dc7f8-ea07-44dc-9319-8129f5384f61,nice,5
ae98ecdc-3a31-4ff9-ae13-702274f795ae,lovedddd thissss 😋✨💗💓🫶🏻🎀,5
26beee2a-7395-4ae0-8f12-73dbcdbcc3be,💯📈,5
be55313a-7053-4f9b-a741-84bb3d8e816d,good,5
6ee23b17-7671-4230-8101-f5f991d753a9,Zo'r har doimgidek,5
465fc737-2456-43c7-b3b6-74f5c0b9c0fd,kadak,5
72f60509-fefc-4f8f-8dcb-c1a880a58f01,Super app,5
5b6ae0b1-5301-44df-b0bd-3142465ff296,I'd suspended without reason I didn't expect this from you instagram 😔,1
a7ec0757-f510-46bc-a4fb-641363d8b381,best!,1
672637e0-bd01-4379-b9ea-5590a15bbfcc,best,5
d4ff6865-e1cd-4496-bf75-4ae10171e4bc,nice app,5
48cb29aa-be4e-4e50-89ac-19ea85692ed8,nice,5
dcd6cc17-d27b-4e5f-9a2c-9e3adb38f85c,👍🏻,5
32d27123-a982-4efc-8bbc-6b250f989945,right platform\nFor the bright future,4
f9862fc1-ac69-4f28-ae5e-fbd0aacb7022,boooo the new ad thing sucks,1
b3b45d90-dfbb-4304-a294-bacf57a9c885,amazing app,5
7cc9e35e-d09c-4ed9-8822-11b83abd282e,great App,5
5c1ed9a5-c6be-481a-93b6-6afdd7972340,very good app,4
35f5eb3c-6b2d-4d14-9c83-0eb1abd0933a,hoorey,5
0ed6a258-70db-4137-bfaa-15952b737cc1,nice,5
6d1c41c9-f656-49d6-b541-5ccb2c09c34c,yes very good app,1
de3e4d8d-8f02-4a8d-aed7-dbabd16e700b,𝐒𝐨 𝐚𝐦𝐚𝐳𝐢𝐧𝐠 𝐢 𝐫𝐞à𝐥𝐥𝐲 𝐥𝐢𝐤𝐞 𝐢𝐭 𝐬𝐨 𝐮𝐬𝐞𝐟𝐮𝐥𝐥🤩,5
0358f587-6255-4335-a4b4-aa9bb49b68a9,apparently you can get falsely accused from what I'm understanding it was being due to activity even though it's not saying or showing what the exact issue was due to cse,1
e3072bd4-380a-45fa-b562-ecbd7c533506,Mera id band hogya 🤒🤕 kirpa kar ke id dede bhai,5
fc028bbd-b056-4290-9485-814f672d4a99,good,5
5f233701-8487-455e-9f9e-36eab13237b5,yeh mara bahut khyal rakhta hai,5
835c3983-4b96-4603-aed6-87b304acf79b,nice,5
0b9f421d-9b81-4de5-bb6b-4760ec68056d,good aap per le g iska miss use karte h,5
6de10a47-fad6-43ea-a5e7-6adec73db534,download Instagram and follow me for more ^_^,5
9001250a-bc29-4005-b11f-fee6258e6a0a,Fantastic🥳,5
673c6efd-aabb-4da5-8c91-694bd6e646e4,not happy,1
62e5f5b3-95d6-406d-b65a-097a058d9799,please support me 1 million view,5
5a6643f8-b4c4-4c2f-8b7c-167c93a523b9,👍👍👍,5
046a4d91-494f-4794-b10c-cc9c60bb9947,"I'm givng it 1star cause i can't put minus, there are ads every 2 reels, insta was one place that i liked but now i can't even use it without an ad popping up every few seconds",1
84100f12-4489-40d5-8006-54de9a894403,perfect 👍,5
5b4c0074-27b5-4461-9346-cbcce297ec62,lveo it,5
c1b72f3c-9214-4dfc-8e55-47082f5c53ca,very good app,5
5805e61e-4154-417c-87b7-3093c8603471,my post and reels are not going viral,2
81a11815-003b-4bdf-9e90-569f1383c679,best app thanks,4
a143098b-7a48-41f4-86c3-a8108f39b7d8,"the ads pause is stupid, only makes us frustrated and close the app",1
1b14d6b9-04f2-4d8c-aa9c-538198cf478e,good for self,5
1ac28f9b-1a0e-4a92-b476-a4f07352dff7,my account is not logging in my phone,1
603b792f-6b7e-4a53-9aa2-b572c79163a0,world best app 👌💯🥰,5
a36d9738-fffa-4fee-9293-ca28d576a2d1,vare nice aap,3
19502a2d-d6a9-4de1-855d-f02a2717b8ea,good app,5
482d6040-c8c8-4966-99e2-56a2737e0a90,super,5
5aed55fc-91f3-4b04-8d3b-511d5635a55c,good,5
ff9cad17-279b-40d8-8452-4f3b28a053c0,It's aight,3
b9502bfd-0c15-40c3-ba02-c7a4e7e72b60,good app,5
e9bf5c43-ff68-4a7a-9ca1-f314e2184e10,good platform,5
028cd8d2-97e6-45fd-aa83-be646fd0d68a,Love you,5
e399da13-226b-4702-8f50-36628089265d,Instagram the best💙,5
df6cab8d-9d5d-478a-942b-488e8e321887,thanks ok,5
c83c17b9-c581-4d2b-adae-9a9cbb8c83ff,excellent,5
d7276549-a93c-4d96-a95e-e9a3fb0e4053,"my account got disabled for no reason yesterday,i don't even post stuff that they would say it was unethical or something but somehow my only account i had for 5 years got banned with everything i cant recover from it,the pictures memories and everything just gone within a minute,even if you write a email they don't respond so its useless.",1
5c2b653d-e764-4727-90d5-7140ebc37ee6,very nice,5
befec693-67ef-4a5f-ad76-25ee3fa1931d,my acc got deleted for no reason and they don't even help recover it. Wym other people be posting sex related stuff and can't get their accounts deleted? what nonsense.,1
7eee9142-95b1-47e8-b4a3-b29abb87f636,Excellent,5
a16357d9-61dd-4ea1-be4a-480a2162d490,very good,5
4d126e7d-8a6c-4247-aa57-b5e7535946ee,resently Post not restore,1
4583761c-967d-4c52-ab9a-ed56535a3e6c,very interesting apk please download and enjoy 😍,5
830ed759-34f9-4ae1-bd1e-9c8099ad8045,nice,5
1f39cba5-3191-43c6-8921-34fd8302da40,Excellent !,5
b96ec74c-061f-491c-a526-fae4b803a40b,Good,5
020a0579-bc78-490d-a2d2-50f6166ec8e0,i will give you five star if made my account viral,4
cb91a45c-ca4a-4dc4-942d-f81864203879,excellent 👌,5
6bdf7e8c-9818-42f6-9a2e-fd612b08de43,good experience,5
090f1921-2bda-42f6-afa2-413f410743c4,"FAHHH this app, there are so many issues😭 I just clicked on the appeal to verify my age and now I can't login.",1
520c30ad-3850-4b0c-ab54-778ed133c836,"Hello Instagram Team, I am trying to submit my tax information for monetization, but whenever I click on the ""Tax Information"" option, my account gets logged out automatically. I have tried different devices and browsers, cleared cache, and updated the app, but the issue persists. Please review my account and help me complete the tax information process. Thank you.",1
46b6491b-1f0a-436f-9b90-35500b2dc98c,best experience,5
49ba7059-cedf-4c51-946a-895b98bef5fc,had the same problem of logging in and account being suspended then deleted for no reason,1
984fc0fb-a387-4eff-aa0a-0e79e9dc554c,mera account disabled ho gya,1
33a36ff3-bcaf-4d99-9b58-8e4f5b40916e,سوية 5 حسابات كلهن اب نفس اليوم يلي اسويهن بيه يروحن شنووو هاي وحسابي لاساسي بي 9k هم راح تبآ لكم,1
1630576d-02f4-48c2-bd60-fd5662eb2594,it is to much good,5
c053bf85-8ffa-4842-ab83-aa9888714948,nice,5
b47821fb-efa9-479a-b9ac-7783acbfc316,good,5
dbb10bbd-8378-429d-9032-8467fef0c7cb,Mera Account deactivate or disable donon hai wapas nahin a raha kya karun insta Balu wapas kar do,1
09edd93a-ace3-4e3e-9170-c2b1251a8cd5,جامد طرش,5
eae36916-e00e-4409-a02c-2b7e76db1b92,secore app,5
c35c46d7-fd01-4dfe-bafb-9bece0e5203d,"My account (yadav_ayushh_09) has been deactivated and I have tried every possible way recover it ,it is banning my account without resone this app is not good",1
44654821-93ed-450f-9930-c33c01f9ba32,this is time waste,5
2742ca97-110c-4e75-bd71-de76c06fb11a,supab,5
c7b0b3bc-81e3-490d-b58d-2d27bf2681b2,I expect more better than this,5
209fb80d-1413-4f00-bae9-a4162664642f,Bad and worst sevice when I created new I'd my id was suspended 😔🚨⚠️🚫❗🤬🤬🤬😡😡,1
b1fc2eb9-b840-47c5-83f1-47246de39992,"Dear Instagram Team, My account was first suspended and then permanently disabled without any clear reason. I respectfully request that you kindly review my account again. I have always tried to follow Instagram’s community guidelines, and if any mistake happened unintentionally, I sincerely apologize for it. My account is very important to me, as it contains my personal memories and connections. Therefore, I kindly request you to review my case and restore my account. Thank you for your time",5
e8313047-2381-4b56-89bd-8eaa4d02a3ec,👌,5
3c2418a4-6a45-4e0e-9b00-88116eef2f69,there is no word to describe this app🤌🏻,5
a937239a-dd9a-4a27-9e85-8b5aac2de35e,THIS APP HAVE A LOT OF PEOPLES,5
e1db63e6-a668-4b66-b877-ce27d46a77a0,Very easy and fvr app,5
f1d74fc5-3847-4070-a7c2-b901d155f6a2,very good,1
e942c797-6b28-4602-a9bb-d88a7686c3d7,best,5
4bd766c5-9b2c-4ad5-9208-c0bc1f61a42d,"Hi there! Appreciate your comment 🙌 As promised, here’s the link for you ⬇️ “Dear Instagram Team, my account (@pata.0i2) has been deactivated. I believe this is a mistake as I have always followed all community guidelines and terms of service. I request you to please review my account and reactivate it as soon as possible. Thank you for your time and assistance.”",5
7fef5b2c-ff99-445b-898e-a20b894a6f27,this is fake aap ye mere doo account suspend kar chuka hai bina kisi reason ak account ka password change Kiya Maine toh use bilkul hata diya ye show hone laga owner change this password 🥺usper mehnat karna bekar hai bilkul bekar aap hai ye,1
fbe6748d-add7-4a1a-a722-ca86caa09f39,nice aap,5
694feec0-e148-4545-9be8-a5f1496729fa,good,5
d26e831f-774e-4387-9a21-0633776296da,good app,5
a64dc305-a7ba-4333-9f7a-be4f7e6dc239,good,4
edbb3912-fd52-4415-a4d3-73a55e78e301,My dream,4
de3ec085-0152-4547-91e5-7286c899ad9d,auto scroll 👌👍,3
b68d154b-1025-4f32-93c3-d759c22537be,good,4
cb393f88-3528-47d0-93a6-74b83eb9609d,excellent,5
d56dbde6-7976-44c1-b743-83cfa9e2203e,"What's happening with stories? Before, it stayed in high graphics when I posted it. But now, when I take a long time to edit the story, the result is blurry when I post it. fix it, This is not the IG that i used to know",1
157f57bd-1cde-4bc7-9118-11ea7effd51a,awesome,5
3991c633-8cae-4a7a-9777-298440379c8f,life barbad karna hai to es par aa jao,2
fa90efc1-7098-47be-9c7d-f2b3f2fc082d,delete view history option,1
643c32b4-2411-47ec-a7fd-6c5523dc184f,bad,1
7c885b52-d1b2-4c7d-a998-dbed1ccc350d,don't suspended my account 😭😭😭😭 plz,5
f29013cd-565b-4ce8-bd7f-bf3443aabb0f,good 😊,5
862b7653-91e0-49a8-a7c4-ebc3e78d0c40,aa😔,4
00981635-f2a9-4d41-ae4d-91704d7713cf,very destructive,1
3409be21-f688-4b2a-af78-dea7fe5c229b,best,5
18b4072d-5c34-4d0e-b998-700a5f1abe5d,nice app,5
d4b894f2-775c-4825-aed6-b7513999f001,"While filling the Tax Info form in the Gifts/Payout section, the app logs me out automatically. After logging in with correct ID, password, and authentication code, it again asks me to log in. This loop keeps repeating every time I try to proceed. Due to this issue, I am unable to complete the Tax Info form and continue payout setup. Kindly resolve this glitch.",1
7eff8827-11d4-4e06-9588-e313519d3a4e,worse app ever.,1
128f7beb-4054-4036-9812-744ebd9a866d,perfect,5
076d3567-1c4b-4622-a476-7532e0cfd4c2,"5⭐️ IS AN UNDERSTATEMENT 🚨🔥 This app is straight-up LEGENDARY—super smooth, insanely good, and totally addictive. Everything just hits DIFFERENT 💯📲✨",5
bc6443c7-ba87-4fd6-9eab-69449c5f690f,nice this app,5
5d43dd73-d44e-4031-8f76-cb9971aead0b,awesome,5
d249aff8-107f-4532-9dd9-cefca8e85879,"very bad app, literally disabled 4 of my accounts based on my different hobbies and they were very old accounts. No fair reasons and literally lied about me not following the community guidelines. This app deserves no stars to be honest.",1
9f814184-5ed6-4fd8-8141-d673530fd578,supar ✨☺️🧿🫂❤️❤️❤️,5
4c4c8965-4eed-485b-afb8-729e1052a51b,I spend most of my time at reels on Instagram 🥺,5
fd277df8-5c34-48ee-9d17-ca2638f8e6d1,very nice ☺️☺️,5
c39c8a6d-1283-4026-bc12-7a4f74843b48,i love this app,5
8d00ada4-56ac-4b95-8db0-f6006304d99f,I can't even create an account. Meta always blocked it.,1
e76f9eac-a1ef-47eb-be97-044d1c0f9858,this aap is great 👍,5
64a7089c-5f1d-4f8f-8630-2b8be9f1223e,maybe you should have preety,5
3d864d23-851e-442d-a435-e79e3dc13326,I like Instagram,5
ef3f7e42-d487-4824-86a9-2b9bba7cef11,excellent,5
4c5afe98-d72e-45b1-9445-44e855ffbc23,very good,5
b91e2b9f-79f2-40f5-8934-eaf6dddaf669,"Amazing for sharing photos, stories, and reels. The design is beautiful and modern, and it’s a great way to express creativity and stay updated with trends. Definitely one of the most fun and visually appealing apps.",5
e202d444-504b-46c2-9f09-4359af933e66,good,4
dbde8a0e-f338-428c-9968-7042ee0422b3,"Nice app until you decide to post something on Android...then the experience turns dreadful. If you edit more than a few times, the post will fail and often even after posting successfully, the app will displace the positions of photos. As well as this, the app will often crash mid editing as soon as you try to add a soundtrack. Please fix these issues!",2
45a121e3-83ea-4ebb-bde1-355237ab45cb,great platform,5
09181bc6-5cd7-4ae7-aeb5-71c927a45356,have 😊,5
9344494d-d48a-4467-9f64-1af64bf87fe5,nice,5
4d7c1729-82aa-4ba0-8e2f-de3dbed7c504,login problem 🤬,3
c4426bc8-bc5c-4a74-b11d-bad4efb64a28,it is very good,5
f722e32e-c3df-4265-bf28-8aa549875fc1,Best app,5
09671d02-70e2-4250-8b1e-dd1823b60c70,cool,5
d4b8dc77-bb25-4bc5-96cc-123291f89864,good for reels,5
cd1e4706-b609-41a3-8321-11a2c755106c,Boring but pretty enjoyable,5
73561e56-7be5-497c-919a-4b486982a324,good 👍🏻,5
02cff5f8-08eb-48f7-8256-fb3a24c0c251,WOW nice aap,3
1ccb6032-145d-48c2-aeec-650ccdb3b9ea,very bad app,1
604382df-394f-4db0-9078-ea261c8b0708,"This app vary nice and enjoyfull,, ❤️‍🩹I love this app🤌🫶✨",5
e635eca5-b238-490a-b8b9-2b7726913fb4,can't upload my reels. stuck at 90%,1
99cb1e9a-b13a-46cd-8a3f-9fb6bf9d2572,Great App For Uploading and viewing shorts and high quality picture sharing from around the world.,5
28c19155-1119-4feb-9440-7e7fb2402adf,op Nice 👍🙂🙂🙂,5
9579e822-8bf2-4260-b47d-139790f168e4,enjoy,5
24241279-b3b3-4049-8bd5-eb8a5b82f055,very nice app bat account details ker da ta ha jaldi he bena keshi galti aka,5
fbd53e06-5b23-42a5-b7e6-5329fe70ac17,excellent,5
21d56c9d-ab77-47ef-8f96-13074dafc0ab,why compression the photo quality which is uploaded on the stories 🤮 ruining all the vibes,1
c43f1f0e-eef2-4b57-bc20-c31d11d4c71a,I'm so much in love with the app,5
eada8bf1-f68c-4d0b-895d-2fa5d028804e,Instagram famous app in the world,5
158fd0e6-0f99-46b7-ac03-6c0a46268031,super,5
aaeab89d-b302-4018-8736-8b0e26d07f2c,This app to see your life and kindness,5
33b1fbdc-e8f7-4e74-98ab-43bca7f002a9,wooooooooooooooow,5
3266060e-a25a-4e68-8377-b33997c84cd8,repost and latest some features are not showing on my main account,1
53c3602b-7d0f-4046-a423-9f7fdd7ae151,"buggy, customer -hate policy",1
5d94f992-7253-4070-ae7f-5bb1f6121e6d,best app,5
772d63ee-3b75-47f4-a582-482a44548b53,"sorry,instagram. i’m really disappointed by the way instagram has been behaving recently. it keeps suspended my account, seems like ip ban. please fix the issue.",2
ca3054a5-932e-4145-86d8-1563724edede,Great social apps with many features. love it,5
e1bec490-725c-41ea-b418-a5bce1c0a55a,this is very good application for influencers,5
35ff7a54-f61b-4fe0-9bd4-d9fceff6eb58,super,5
689a3b47-a808-4784-b130-7c6c3a23a597,nice 👍🏻,5
d5288222-0006-4eda-bded-c5aef2ea4bff,its a bit suspicious how is am restricted for 3 days with no explanation and only a bot to talk to. its obviously a mistake,2
a66d4d35-f005-41b0-bbaf-2c04b0beb1d0,best,5
608a6c4a-afae-44a0-8159-d8ee0be01534,Instagram mast app hai,5
c1ef0795-a6c3-4cdc-acd9-de8c4de94d44,masttt,5
93e5824d-7ce7-4ce6-9ff7-e9c8328662d8,"Instagram is perfect for sharing photos and videos. The interface is clean, and features like Stories and Reels make it fun and engaging.",5
cb223f6c-c919-401d-adee-fbfdfb8d295b,this is a very usefull app for injoy and cathig,5
2c4ede78-d532-48ea-b86f-899728b256d3,"very cool aap , I like it , and it is my fav app",5
51588cf2-88d7-4c39-8429-e2d00e47f6fe,🙏🏻,4
a1b8a09e-e35d-4ff4-aa09-ded1684fbd04,nice app,2
0805e506-2c2e-49d0-82e6-7833cf58bf86,"Makes my life look 10x more aesthetic than reality ✨ Love it!.Amazing app for sharing photos and videos. The interface is clean, and the features like stories and reels are very fun to use!",5
8abd134e-d57b-4804-830d-e59b026b80b2,good,5
a82cfeed-c907-48e8-9722-f7e771a30708,Nice ok good,4
5ed82795-f88b-444b-a2ea-3b72c272ff56,very good site,5
7b82d06c-da4e-47db-8e6c-c9fb7ec0ee7d,"Instagram is a great app for sharing photos and videos. It’s easy to use, has fun features like Stories and Reels, and helps you stay connected while discovering new content. Overall, it’s a simple and enjoyable platform for creativity and entertainment",5
1e4a2185-8fdc-41c9-b4fd-50fcf6467a40,good,5
eac2280f-6738-4896-be34-e1e8ace59e7e,good app,5
d16b9e7f-0226-47fa-819e-9689b6de3cd6,"Instagram is a fantastic app for sharing moments and discovering creative content. I love the visuals, reels, and how easy it is to connect with people worldwide. It’s a great platform for both entertainment and personal expression.",5
0f1a6578-cc62-408b-a1e6-a6dad9a6ec09,new update removed key features. avoid update if possible,1
e01b35b9-a5c9-4c01-aedf-cabd052b9458,🌸,4
a9bc8274-c9bd-478a-91e0-1d076e3ac299,is amezing,5
59469002-9dc8-4c64-9829-dc9dc8cd18a7,what is this i can't repost any reel solve the problem immediately 😕,1
fd8d7b41-c32c-4fb3-a8c1-79c1b895c3c0,♥,5
9b50e473-53b8-4eb6-a48d-0af537530b3c,ultimately superb,5
00fce16a-2f94-4090-9b47-61e66d942ba0,instagram is very entertainment app 😍 this application is most people favourite application ⚡,5
ef340f25-a99e-4e7e-8739-d65bc3270f32,0 stars,5
c7914711-2bcd-44ec-914a-1555a53690d5,good for talking and having fun with other ppl but a risk with your personal information to feed their ai,3
ebdf0268-ea72-4ff3-8a71-73bf5bce8895,not help ful because my main account have permanently deleted i don't know why instagram is very cheap,1
2fedc131-65d9-400c-93e1-cda6135b296b,it's a wonderful and good experience to use Instagram it's a very useful app but the new features of Instagram Is difficult to express. thank you Instagram team,5
ff68636a-d24c-4e2e-94af-75e85707d6b1,ok,1
9d22cc00-86d4-4b84-bab5-9ce26d3e4949,"Instagram is the premier platform for visual storytelling, turning everyday moments into high-quality digital art. Through its iconic grid, immersive Stories, and fast-paced Reels, it offers a dynamic way to explore trends and creativity. The app’s powerful editing tools and filters allow anyone to curate a stunning aesthetic. Beyond photos, it serves as a massive discovery hub for fashion, travel, and food. With seamless direct messaging and a vibrant community, it remains the ultimate place.",5
5004b22a-99ef-4e57-9f80-e8003396b5ed,good,5
248bfb14-ca3e-4480-bb21-f186d007376d,isko ban karo,1
9ee1197c-1533-465f-bf78-ae79a6339d60,Good 😊,4
06de8e06-d225-49f9-b9fd-5d5706ab0bf1,amazing and wonderfull social media app for using funny memes enjoy our life,5
e57403ba-d928-4014-a64e-b5fe836a6af9,"Dear Instagram Team, my account (yourusername) has been deactivated. 2,479 I believe this is a mistake as I have always followed all community guidelines and terms of service. I request you to please review my account and reactivate it as soon as possible. Thank you for your time and assistance.""",5
3eed1459-bea4-4f21-95d4-014586ac71d8,😁😁,4
2b68546c-eacd-4fbb-b83c-9fef6f3fca3b,fefda touching app,4
88e01cae-eefd-4f53-9fa3-58148a995afc,I love itt❤️❤️,5
7b4507bb-fec6-4cfc-8712-ab0941b1a2bb,boht nadhiya hai,5
b440e3ad-e932-49c6-b513-109ca0594f3e,ye time beast karate ka app hi,3
01c5d2a4-7fcd-4b5e-86ad-8d4c4f7558ec,Best app ever,5
3bbd4e69-0e25-431f-bb94-ef591b2eefdc,nice,5
a4b72b7d-60c6-4964-86b7-e078dfe40074,"⭐️⭐️⭐️⭐️⭐️ (5/5) is fun and easy to use. I enjoy sharing photos, watching reels, and staying connected with friends. The app is smooth and always improving 👍",5
47f9d38f-dc38-4b6a-b474-8014b9fa0cd4,"follow this page ""truthmatrix_"" on insta because this page informative page and i like old things, history, war and news....... this is my page😎",5
b529921b-59a8-43ca-a288-900178af48d1,it's very good 😅 but my all old instgram I'd is not login 😔,5
fa47f60d-7765-427e-b44b-3240a60cc4d1,N8ce one,5
4b601730-e84c-4738-aed3-67ebf4b3057d,OP👌🏻👌🏻,5
ad90f61d-e1f9-431b-928d-08103ca88511,"i really like this app but the problems is uhm when i searching someone nam3 is not working i dont know what the problem is,cuz i this app is always updated☹️pls update this apps for me/everyone who's using this apps😭,tas for other request paki balik po yung notes sa IG dun sa mga nirerepost😭😭",5
d29b7707-8bbe-4e50-be1c-b1589c7b349e,my account was disabled without any reason 😭,1
7f34e84d-bcfc-465a-9564-5876720fa0ee,ok,5
32d81a5c-eee9-47ad-87db-d06916ed229a,Nice,5
912d350d-16e8-4042-b00a-c6eb225ddc20,good,4
7786e626-21ad-4360-8a39-d47d6e809d3f,nice,5
53e7e95c-0846-461e-8775-c65e485a83bf,🥰💝,5
5ddf36d6-fab1-4064-8833-17889d4e3a3f,I like it,5
309e11f9-35bb-4cd3-a362-1ef95f3fd747,Good aap,5
530e1ad9-777b-4e98-b8f5-763db9097716,good no much more,5
4894a1a5-334b-482a-ac39-f51d39ba4ec7,"“I enter the correct password for my Instagram ID, but it says ‘incorrect password.",1
65ae98e7-042d-4fc2-b028-21a56ee7a1dd,the app give me my husband,5
43964cec-f0d7-4328-826f-5abc7f4091ff,Iam very happy instagram followers,5
5638e2fd-287a-41a1-b1d9-61b116b44c5a,⭐⭐⭐⭐⭐,5
ed399e94-f0b7-4285-b1d1-f1dfe49ab3f5,algorithm 😭,5
9df6b85a-afc7-4c42-a2e5-1ddf45f9b60b,The fact that they've now put ads on the time line and expect us to wait through ads while looking at our friends content is unbelievable. uninstalled.,1
e690f392-eaf3-4226-b8c5-f78b070a5ac7,Trending,5
e650793c-422c-4d35-8f97-7ea4068d767a,very bad app lot of bugs,1
eb007b11-1a30-4a7f-b6ea-6fc6abb131f7,best,5
58b3948b-a252-4c29-8f35-80c9a1c9554a,very good 👍 👏,5
41f86be1-6130-4c1e-b77a-d72f793dde2d,good,5
7e505ffb-69df-4253-b167-525fc297d4fe,my one of favraoute app,5
e717b2af-130b-415d-9e55-3eb7dc437a57,good,5
63281d66-25a7-428f-8686-d1e6913ae723,Good,5
9e989e29-3fc2-4778-b08e-45d16975a888,awesome for posting High Quality pictures!,5
72818129-c926-4932-a336-ad17bcf77463,Best,5
43178743-7a56-4246-89f8-73adf77dd69e,this is the best app ever,5
2d1b3489-c851-48af-a134-5ef1672ef2d1,awesome 👍,5
2a843b33-e13c-42f5-b845-d53754cb9ba2,I like this app it's amazing 😍,5
f2a792ec-0a74-4c5e-ab78-81db0c84ff85,better,5
22d72eba-ac2c-4374-8d0e-2b32b764731f,Top -https ki hii,2
a624d5ba-0912-41d1-baac-837ca844646c,viral my video 20k,5
63548578-c742-44d6-a592-5a46768c0fd2,Mindblowing,5
feaef708-4190-4704-8879-f74bd2376b44,amazing experience. thank you,5
257cc82e-d64f-45f5-8e3e-693af07884a4,Thanks for the update and for the record,5
2dba7b18-c9e7-44fe-9aa7-b6b39b14fb40,goods platform,5
9e1cb605-f653-4457-9432-638d09d9d265,super 😊 One,4
679553ea-d9fd-45bc-bbe7-bbc6456df9ca,he is disabled my account,1
97e6fec2-0316-418d-8cf9-8073e1f07876,best,5
62a4eeb4-e063-41a9-a281-02ef200d71c9,good Instagram,5
c3d7475d-e671-4cae-9bc5-299b60acaabd,good to share reels and instagram support me,5
a402d414-47e3-4d82-86fe-fda854df44fd,best app,5
c2775bc9-b1c4-432c-8aa1-92288492f3c9,great ap for business development,5
374dd564-12b0-4e2e-a417-994044c043a5,Instagram is a nice platform to explore meet new people ☺️,4
9214199e-91f5-4c1f-9c8f-20623e0f1231,mujhe bahut pyara laga,5
c8d4dbad-2b99-49c9-9d07-8b2c55d869ce,it's cool,5
edb450ac-2ba0-436f-92b9-d78eda597f9e,the biggest socialmedia,5
c5ead74d-3540-49a1-b760-57b82510913d,worst app ever seen,1
0c83938c-3f63-4af3-a4c4-f581ddd78e92,Saya dah guna app ni lama. Interface dia simple dan senang faham. Banyak fungsi menarik dan jarang ada masalah. Sangat puas hati 👍,5
8a19e178-6283-4ad0-a539-53d3d3affd98,Excellent,5
3ea27859-7ae7-4734-9364-888b4d25bfba,good,5
2895d277-4d88-4535-b50a-6367bae7afe3,"Instagram is a very interesting and enjoyable app to use. I really like the reels feature because the short videos are quick and entertaining to watch anytime. Besides that, I can easily view my friend's live when they share their story. The app was so friendly and makes it easy to stay connect with friends and share their good memory and the last one. It's the fun and have smootb social media experience.",5
663a03a2-473b-4d52-8f95-4c9fecdf92b0,Nice 🥳,5
948eabfe-a3a1-487d-b386-a113661a5e6a,Nice👍,5
431abecb-e93b-4654-a86d-e3de134b2a39,incredible,5
4e2b7ca6-c33f-46cf-bbec-51a3923e7bbf,ye itna bakawas h mera faltu m I'd suspend kar diya h need justice meta,1
847ed07b-34bc-4568-a66c-91f62238f4f4,poor,1
3dfdcd00-12df-4ca7-83f2-32520ad298f0,very good 😊,5
5775fedd-9d6a-4a11-ac0d-58fe76e76462,superb plateform,5
b49d842f-d1d6-4081-8467-4fff88a53321,accha app he,5
af015ab7-d074-4c48-b8d4-9e6b85b8d8c4,best app to get entertain and to make entertain,5
a937718b-c0b4-44bc-8ab6-e1972a6ad357,best app on the whole world 😋,5
27277ac0-c670-4f8a-8729-905c5a3eef25,I love instagram,4
c7cab6d3-ff2f-4791-af19-8c2661a6636a,💖,5
6fdfd090-12ff-49c6-88db-28a3d45cf6fb,excellent,5
460089cc-3160-45e1-9ee9-fc6a52cc5cda,outstanding🥰,5
e0a36277-73b8-4d02-86b6-43d8c097b765,it's Good,5
5cb0b034-fe5e-4cd6-9f42-8e1911b7c072,my old account recovery plz mr_bhavubha_2007 mistic ke karan delet ho gaya tha plz recover kar dijiye sir,1
2332bd84-a4e2-45d3-9054-7715582c7624,👍👍,5
0309d744-c6ea-44cd-a1ed-c96e92fa2502,a very app to showcase our talent and grow,5
17b7f5ae-2457-4a43-9456-814c43e69b55,muah💋,4
576cd23f-1c49-443a-904e-2163e2177c20,"Instagram merupakan aplikasi yang sangat menarik dan menyeronokkan untuk digunakan. Saya sangat menyukai ciri reels kerana video pendeknya pantas dan menghiburkan untuk ditonton pada bila-bila masa. Selain itu, saya boleh melihat siaran langsung rakan saya dengan mudah apabila mereka berkongsi kisah mereka. Aplikasi ini sangat mesra dan memudahkan untuk berhubung dengan rakan-rakan dan berkongsi kenangan indah mereka. Ia menyeronokkan dan mempunyai pengalaman media sosial yang lancar.++++⭐⭐⭐⭐⭐",5
fa362c01-8825-4f8b-97a1-1f443a51d4af,favorite app 😍,5
1b5f22b7-5ae9-41a1-ae12-bd48351af49c,i like you 💓,5
dc786c2e-5225-41bb-9699-343437f6e128,new update bilkul bekar,5
c150e6dc-4ff6-4f69-9a60-0a53fe32cdb1,"im having an issue with my instagram, it's been so long that I'm trying to install but it's still buffering even I have 5g internet speed i don't know what's the reason behind it pls solve my problem dear instagram technicians,pls help",1
5363656d-4c6e-4667-8966-67ccd76ee9c5,nice,5
4d4e6f53-9041-4ec5-ace2-e11bb4e9aae9,good,5
3706523a-d60b-48ff-af46-4ec56f639d4f,why i did not give star cuz some reels have realy bad comments and i cant reach good views idk why,4
1879c783-c944-4945-9ac6-6bd339a6f753,it's a good app if given time,3
96ddd567-7620-4516-b66e-dce1f6f46965,User interface is good.,5
b553a77b-24e7-4801-92af-d737fa52a6ec,i would like to see reels,4
9cbadd9f-f69e-4d45-9947-4047390b900a,best,4
d9bc9d80-6c0e-4a91-b686-6226d9caf31a,Best 🔥,4
f51d750b-2d6b-41b2-a6c5-7e1a214514df,worst app,2
c4443713-3989-4f0d-b584-af7227914dcd,Great app ever,5
c46f6c84-7d86-48c1-ad65-fc06a3b7554a,good,5
e4b006b5-163d-4e9c-a5ac-b7e7e0a3bda0,nice,5
3c5f20ce-d6cc-4a52-9c74-ff24da8cd191,download nhi ho raha iski kiya wajah ho sakti hai any problem,1
576f68c7-1ad8-40ae-9942-98d27b781cce,good,5
4978a3f9-263a-4a41-a13a-219dd348ef24,👍,5
ef2f37c8-5782-4a3d-9558-bca7c591357a,best app but some complicating options,4
66cea908-0629-4cfa-9a06-fc6bd0986e8b,thanks for making this app,5
474d604e-6052-485f-a08b-db4135adc509,lit,5
55b074aa-d22c-4508-923f-e6515d7aea2b,my video foryou,5
624497ca-a94d-47ed-a46c-17cfa1dc5476,I'm using it since 2-3 months and since then my experience is very good.....so I recommend you must download....I don't thinks that anyone will not like it,5
874f5dce-b9e5-42a8-9c41-09ec8f80fef2,Nice app,3
2e963104-5c90-4474-8bda-78b470797a80,nic app,5
8d7e36f7-0e38-4607-bb67-11076db6c1e8,just bunch of Bra Advertisement popping now and then is instagram actually for this,1
a0fcd15d-326a-4364-bf02-d2469f2ce7a7,good,5
bd1833bd-1b5b-41cc-80aa-ef5e32003790,the app is not downloadable,1
d1eca544-b057-4f54-89fb-7884ce52546b,🙌🙌,5
fc3e8cb8-45b6-468c-8a91-901afd6a46d0,best this app,5
a4b988aa-c334-4ba5-afec-17623238023b,nice app,4
c8e09c42-3fa9-462b-804b-69f51b682057,very nice 👍👍,5
cfca2a33-105c-46f8-897d-238e5948c60a,explore more page,5
ece930a3-64d7-466e-bb46-1fd3331c34aa,to good but lack of likes and follower or comment,3
8da0d140-6b70-45b3-bdae-152a0f838efa,i like this app,5
d353a9d3-6521-4462-ab94-49f19c99eb8c,helpe reach 20 million followers and likes please,5
cf161477-a44a-4dac-8e85-625134ffae2f,good very nice ❤️,5
bcdd9683-90e1-4ddc-91a4-eb8f34661601,Mera insta account deactivate kar diya please try again khol do account,5
be724357-0c8a-4808-b6b8-2baad923089b,0/5 STARS!!! THE WORST SOCIAL MEDIA APP MADE BY THE WORST SOCIAL MEDIA COMPANY. Too much junk is filling my feed and now AI has total control over algorithms and feed orders. My entire experience has been ruined by the new algorithm update. I see more advertisements than real creators/people posting. They want to milk you for ad revenue. They do not care about entertainment anymore. They have you trapped and there's nothing you can do about it unless you delete all Meta developed apps.,1
a9a66982-d8c2-4085-94b1-101f67827f28,this app's algorithm is very bad it show only seductive videos and always recommend them and way to much ads in it,1
6d6a375d-fa7d-41df-a478-4f902702f3c5,this is future,5
2063cb81-9424-4ce5-83e9-4cc28fd5732d,good,5
5668b112-e76f-47a3-9efc-8aeeef052bd9,I bymistake reacted to someone's story and even after clik8ng on unsend it doesn't get unsent.,2
bd2a9c68-814c-4b39-b9cb-7fd563927b87,nice,5
2138088a-5e9f-4062-821e-1077ed8874bd,good app,5
eaadfb19-4740-4fa3-9675-a537d214d885,it is good app to post reels and video it gives our choice song for making reels I really like it,5
28c68108-6690-4081-8044-f8c3159a9985,My account has been permanently disabled even after completing all verification steps. I did not intentionally violate any guidelines. I request a manual review of my account.,1
c110feb4-7499-452a-a7e9-ac7cf8072104,good,5
33a66b1e-00ef-4aa0-9cb1-09cd850a08bb,chai bahut hi achcha hai,5
f285fae1-033b-4bf1-86f7-eca467d8d331,instagram is my favourite app,5
d0605997-377b-4083-a836-99f434485530,my account had 22k followers and with fair but it got suspended saying that you are not following our community and I tried to appeal but not working I had a backup that also got suspended please help me,1
b8126c3d-e169-4b33-b783-f22f86a77ee1,fast and fun .,5
608ccfa0-15db-440a-afca-d7feff4e2144,when the screen said that it's time to turn off the more options is not working,2
e7ecc545-da6a-4f7f-a74b-ef57b877a27e,good app,5
6c0dd7b5-5801-4aa0-b8fe-8c432fff8801,good,5
3eafd15f-254f-4984-9ac0-8f43a31ea859,why we cannot delete our bio history ??🙃🙃...instagram needs to be more better.,1
40e760d2-a41d-4a74-8126-5716faa2b854,best app,5
f9e9a8d8-d1c3-488f-b338-dabc80bec071,good,5
bc0330b9-1a50-468c-af99-30f3abe4fa5d,very nice app 🥰,5
2eb3f860-a67b-4bde-bd8b-31b54fb6bc3e,super nice,5
96b7f736-68aa-4217-bb1c-a6c02f08f0d2,Awesome,5
ea6e18c1-f1b9-4b36-9a09-96ef126e8462,Mat karna Download tumhara pura din aur zindagi barbaad kar degi💯,1
dc6a84d0-cb17-4cee-afad-5437306643ec,"Scams. Ads. Hate-bots. Ads. Human hate. Ads. Sponsored content from pages you dont want to see. Ads. Political ads. More ads. Racism. Ads. People so dumb you choose to assume they are bots just to maintain your sanity. Oh, and ads. And that about sums up your Instagram experience. You wont see much from those pages you follow (if anything at all) and those ads are all scammy as it gets, not to mention wildly invasive. Its just a minefield of malicious ads. At times, my entire feed is JUST ads.",1
88e7c1e2-5c7b-4011-85ac-adb24ee82f92,very very nice 🙂,5
2b3fcca8-c8d2-42d9-af17-b0c14181d1d1,very bad without reason 7 id suspended,1
24155c1a-fd64-4347-8933-1452def2dd90,weird app,2
8711a454-f7d4-4b13-b56c-782c63413d64,no words 🤗,5
9cf4c6d2-882b-4a01-b518-2db9dff90a83,my post upload nice,4
1dfc0f80-e40a-4b7d-872f-608fb7f2ff89,My account has been ban,1
10d24c7a-313a-4f99-87bf-135dd45d1c44,good,5
ed9066eb-e749-40a2-be2c-a77f7b967282,my account got suspended for no reason,1
670b1a3e-92c8-4990-9ec9-f65ae11a3cce,good,2
67672389-4813-4bfe-8d08-9bad021c4862,good,5
f812906b-0d72-4bf6-91ed-560e7944a757,"Im unable to post. I can see my account but can't upload photos, texts or links anymore. Uninstalled! ZERO stars if I could! 🤬",1
dd62848d-82fd-440a-bb65-11afe08a0165,it's good,5
284188c3-f6e5-4a04-814b-d77b3e407ddd,my reel viral,5
629ec99a-16b7-4444-a7ee-eb669aa2a646,what a waste of time such a junk app delete this immediately,1
a2ddf775-c02a-4322-b141-76b6d2faec2c,my experience with this app is so good 😊,5
913d74c0-a2d0-40cd-9c6a-a3319adfb4fd,my video is not growing,2
17cf2d95-e2df-4cb9-9fc8-3b497c5f3664,the bast ap,5
8a76a361-7620-43b8-8b0b-d50efbde0828,super best,5
28dfbf42-b3ca-4961-87f1-79cc58728e7c,super👍,5
3ece3fba-390d-492f-a294-0c22563b3deb,nice,5
d28d0701-b5d2-44d4-9397-3feee13d1fd9,best app for entertainment,5
b8d033e0-2bf2-429e-ad1d-2482e3eb74e2,it was my great experience of using instagram! i learned alot from its i like it's features Thank you❤️❤️,5
24b462a9-8ba5-4117-bf7e-92b4f7f47f64,Many problems with it. It's unsounding lots of my videos,1
5f0e00d9-4a7c-4103-aad0-9dd6885a17a3,wonderful app,5
d5bbb94b-4f55-422b-86bd-fcf0d47f468d,BEST APP OF INDIA🇮🇳,5
9559d912-00eb-4dbb-8400-b856eca757c8,broo !!! so good app I'm obsessed with this app this is so useful and so good just obsessed!!! 🎀🩵 and every week we got new features and every festival this is so good 😊 everyone download this app and enjoy,5
653dddf8-006a-4d6e-8f45-d6e29b6b6c80,good,5
ff347c25-a5b3-4688-92fe-a3fc1b6e4094,instagram fan s,5
838f166e-325a-4ed8-a7aa-9765fbb609a2,your app is 100MB but increase 109 MB 😏,1
8ed9d133-2572-4ca7-ab0a-d092b7193609,🫶🏻💗🧿👑,5
75c2eca0-11e5-4f2b-937f-3765ec4f01d7,mera account band mat karo please 🥺🥺 mera account de doo yar please 🙏,5
9f9a4318-c925-4d3a-a508-eb24293345a5,"my accounts keep getting suspended even though i haven’t done any violations, and during submission it repeatedly asking video selfie even after i submitted video. fix this fkn problem pleaseeee",1
c11ca4dc-f526-44bb-895f-078223e5f0c7,fantastic,3
fd0c085f-4542-4e86-95fd-3409346f30f9,nice application for everyone.,5
605eccc1-859a-4d66-b287-2f0f99ef5339,good app 😀,5
1247f0f6-e7cf-4b21-a883-bb73b080e270,"bagus, cuman akhir' ini banyak iklan jud0l. najiss!! udah dilaporkan malah ""coba lagi, ada masalah"" GITU AJA TERUS!! TERUS PASTI SELALU MUNCUL LAGIII. BTW ITU UPDATE NOTE ILANGIN AJALAH, APA'AN KALO ADA TYPO/SALAH KATA HARUS ULANG DRI AWAL, SELALU NGELAG NOTENYA.",2
e3829ab0-3955-48c4-bd3e-47dd133574c9,cool,5
100bd0c6-af0d-4b5c-9e47-b429105c7c3e,Love everything about Instagram,1
e1123d55-2782-4443-8ba2-74cb32e7c9eb,unable to login my id even though pass is 100% true,1
e1c9b775-c03d-4d1e-891b-e517a0566266,nice,5
0a6124ad-333a-45a2-a0ec-8f63db06677f,.. good,5
ecc15d65-e74c-49fa-a9bb-61662186bbe7,DISABLED MY ACCOUNT FOR NO REASON,1
d3d0a039-fc21-41fa-a292-6825c8bdbdb6,love you Instagram ❤️❤️❤️❤️,5
737796f1-3af2-4ece-991e-14ebe4250593,good,3
b87ed62c-ea0e-456b-980c-d5d9034ef48a,👍,3
c20f5ed2-9945-45b9-9739-76211b516683,Instagram is awesome,5
d103d953-eea8-4be9-8f7e-3ba61a2b21a3,why you suspended my account I do nothing I don't want you anymore,1
30f8dae0-f6a1-427b-9b37-939d8461e9a4,best app,5
27862737-8dd2-4cd8-bfdc-dc0bef723e2f,very usefull.,5
ee8561c3-4150-4102-8638-8d7a2222be60,gorgeous 😍,5
8437027b-83bc-40be-b4a7-94a9948539d1,Nice app,5
6dc87904-0ec3-4445-8d71-da3b26f7f32f,nice aap hai aap log bhi app ko install kar lijiye,5
c6fed1b5-b04b-44a3-9dfc-04c7b3718446,gud,1
9ede32e7-eda1-4b55-ab85-cebb0eb561c0,😊,5
16fa0598-9926-4a87-a925-892188370527,very nice,5
d093a0fb-39d7-4d44-a145-34f78b409767,💯 by 💯,5
d7aa6879-4b07-46bd-a3f7-3a9c37aed5d2,it's such a funny and amazing social media platform,5
75aa06e4-51d6-449d-8a80-0388a9daddea,so good 👍,5
7130d7b7-3e2a-488b-879f-dd307282bf82,please help me Mera account no lock @hemanta09._🙏😔,5
18a589c2-d17f-4a47-b6bd-3901ab6f46da,"I am writing to report a persistent issue with my account that has prevented me from logging in for the last 3 months. Despite entering the correct credentials, the system repeatedly shows a ""Wrong Password"" error. Furthermore, when I attempt to reset my password and enter a new one, I am met with a ""Try Again Later"" message. I have already tried clearing my cache, reinstalling the app, and using different devices, but the problem remains unresolved. So what can I do?",1
507f8512-2f88-4679-90c4-27c69b3a4833,this is nice app 💯💯💯💯💯💯💯💯💯❤️,5
98ccb153-4455-4c30-867a-4337aefdff22,ok,5
e94d0cdb-5551-405b-bc4c-b86062bbeb77,good,5
29623a57-46a9-412f-af4d-418d78de03c8,"This is just unfair, do Instagram even want me to use it like a human😡😡🤬🤬🤬😡, this happened everytime, worst app, worst experience, don't even want me to use it by my own, suspended my 2 accounts for no reason, I didn't violate police guidelines , I literally tried to refresh my account and unfollowed some people and then suddenly they suspended my accounts, I even provided my IDs and selfie video proofs to verify that it's me, a real person not a bot, and on another account I got 1.4 mill",1
3c9131fe-8f2e-4f8f-b7f6-f5a74ce16533,good,4
a6786cdb-9d41-4ff2-b425-ab35d927714f,so good,5
72925255-1b14-4057-8a34-3dea33f8465d,"It cater food of brain, it is the true friend of inner one, it help to mingle and mix with people",5
532c9a4d-c0ca-4fe4-ab89-f2ad4f88fa5b,acha ha lakine views nahin a raha hai,5
5cb1ccec-22a9-4add-ac65-b3c63cb3a430,nice,5
5cdc842a-a777-428d-90e1-c126a80b1b63,thanx instagram,5
a64076de-f07d-4bbc-829e-fe372a9476ac,it is all fine but from few weeks it has been causing problems for me. I can't log into my account it says wrong password everytime even though its correct and I can log in through laptop with same password. and if I try creating new account it suspend it even though I did not violate any rules. it's getting very inconvenient now and I can't use the app without being on laptop so I am hoping Instagram will fix this issue for me.,1
3789e2c6-e7eb-4d32-8eab-8bc1e7f2ead5,helpfull,5
fa1692e2-8333-44b2-b341-e73367dc7279,IKLAN JUDOL GANGGU!!,1
83aa9690-a60a-4038-9a11-83e07bd2acc1,there are many bugs and glitches and got suspended,1
c044847e-c659-43d6-8870-ac086413fae4,very good 👍,5
5c5eb2ef-dcb4-4af1-8b22-42ed5c794179,It is very nice,5
a77b5067-227a-4d14-942a-9e7a822b8d59,for learning purpose,5
2cb1770a-3d42-421f-a9ba-f7c1cbd99e0c,love it,5
8b8ba143-c623-4382-a0af-9c5d715b8875,aesthetic 🎀🎀🎀🎀🎀🎀,5
28004a98-bbc5-4869-b507-f1f547012c24,Best app for timepass,5
c1420780-b44a-496b-9b90-fb9094e95079,super,5
81d3750c-59cf-4d53-a660-56cc5011af73,"Ok app, but lately more issues keep on surfacing like difficulty creating a pics/vids on the main feed. In addition to the messaging keeps on freezing. Like I have to keep on going back and forth on every new message I type toward a follower. Now the app keeps getting worse. And it is getting more worse like it keeps on bugging and lagging 😥. FIX THIS APP ASAP!!!.",1
acc2c77e-f8fd-4b89-8845-332b143e9954,ads are irritating,2
7db00870-4474-4638-a66e-a66eee4269a8,nice,5
fc337b8f-b7fc-4fdb-96a2-000ce83fc889,superb,5
d9160af1-4d68-48fc-9094-307658dd8318,Best,5
91619e80-867d-4e5b-a367-f07e5adf3479,why you always suspended my account @im_nikki07 give back to my account,1
5ffaefb6-5010-48f3-9569-874a949f7579,Good reach,5
874dac6d-e8cd-4cda-ab4a-3fa631b112c6,best,5
a000076f-38dc-4380-bf0f-216eb55f0ab6,i am using Instagram and Instagram is very beautiful and very Interesting,5
bf6e5249-7c97-499e-8e71-ee7c1c8e955f,kub sundor app ai app ta sobar kase ase,5
d423200b-99ab-4201-a7bb-408bd86794ce,very nice app,5
f632c63b-5d0a-48df-865f-8f85eb58cf6f,i can't update my instagram acc,2
9e765e60-58eb-4d6a-8163-1738587fd099,very nice performance 👍👍👏👏,5
ac0d2b2c-c62e-4da8-a279-4e61147a9c58,Instagram is a dynamic and engaging platform that makes it easy to share moments and connect with others. Its clean interface and constantly evolving features keep the experience fresh and enjoyable. A must-have app for staying connected and inspired. Highly recommended. ❤️,5
55bf7a9b-9c96-4bb7-9ff3-59322f2215b2,nice app,5
1fec4449-3cb0-48dc-9ca3-bc2f265b8b41,gold app,5
0ac765e1-b01c-47e3-bbaa-c297c44813d5,very nice 👍,5
bbed2574-6c15-48c4-a8d3-1311f485f28a,my favourite racism app,5
a30a5adb-146f-4b84-88da-f8b5b4f4efab,good i,5
b91d8818-1b7a-4e42-ab58-3763be3edfb6,☠️,5
8a40c25a-aeb0-4149-aa35-a1f4bd63a12c,very good,5
1bedc7d7-fb47-48c3-9dd1-55173a4d7d84,super,5
4fff8d4c-2440-4079-b1f4-e0aae3bbd8af,"I am facing a serious issue with Instagram and it needs immediate attention. My account was banned without any clear reason, even though I am confident that I did not violate any community guidelines. When I submitted an appeal, instead of resolving the issue, my account was permanently disabled without proper explanation. I then created a new account, but that also got suspended within a short time. I also tried contacting support, but my case was rejected again without any clear justificatio",1
860c3e2b-c9c9-4009-a187-b223b43836e4,very nice 🙂,5
ecd66960-e176-4b22-8570-913c4bf60662,no any girl give me request 😭,1
5ecd6ed7-96f8-4534-a76c-da18faac435a,I love this it's great it always makes me feel happy when ever I login into it,5
90bff152-0557-4033-b4c0-0a9b4cbb383b,Happy,5
fb46e8c0-49ed-4a4f-9d4f-8057e83e80ce,can't login in my phone,1
b531cce7-0c4c-408d-9b7c-da670762a500,best app,5
de8f8a61-06e9-489d-8c31-7ecbaa6f21ba,super 🎉,5
19c544f0-63d4-4fd5-8b0c-b5346e2d9a38,Instagram a offline thakleo online dekhai plz help,1
02f14d23-3322-41a5-993a-36dfd0ebc52e,nice,5
3f4db2d2-1ffa-4cc0-9f02-d95076e70dba,my favorite 😍 💓 💛 ❤️,5
b3711a27-f911-4ec3-97f2-aa3b8669ab2b,nice,5
50ac3656-1694-4346-8b55-f66864735002,insta Gram is an emotion happy Ness everything is the Instagram,5
c3da664d-ca1e-4a4b-8dd9-c001639f21ac,its good,5
ff379665-eab6-4333-96ff-c545e931471e,very nice experience,5
47759827-b6fe-4954-af00-0d4072fa471d,its very usefull app and for chats,5
daa50ab3-4462-4099-bc39-aac4df3ae4ba,love the experience 💗,5
0da545da-bbd2-4f98-868e-cde17ccf0db3,nice but strongly like comments,5
d5fa70c9-d882-451e-9d9b-19dde7d37e52,best app to use,5
3f1dfc84-a7b4-4cae-af90-f0eaea9fb34a,"this app absolutely pisses me off, It's good but IT LITERALLY STOPS ME FROM REPOSTING BECAUSE APPERANTLY I DID SOMETHING NOT APPROPRIATE like WHAT maybe instead of saying that TELL ME WHAT I DID WRONG like bro I DIDN'T EVEN KNOW WHAT I DID WRONG this app is assuming stuff and all bruh, the worst.",1
0ea534dd-8cfa-4734-99ee-75612fe391be,life is here,5
2c0bea99-3bda-4b64-b1dd-6c4200753f6d,very nice.🎇🎇🎇🎇🎇,1
52aa5d7c-37e3-411e-9a2f-94be403079bd,hamen bhi viral kar do main aapse request karta hun,5
04d85d4b-9255-48db-bb22-79229ac9552d,use.ful.app,5
46d85641-cbf4-416b-9d88-6786197e92ee,nice but give me a followers,3
d0e59e14-406d-487c-b6f2-814b2decea4c,👀,5
201084dd-6864-4469-9b96-a3989815af79,my account is suspended and I appealed for it I sent email to Instagram but there is no response for that and I didn't done anything wrong and against the guidelines of Instagram I've lost my 4 years old I'd and my id is very important to me my personal things are in my account,1
7c1b4c20-2f84-4a90-8286-f8e43cee7413,@sxnueditzz profile music option not showing please fix that. thank you,5
0a7eba06-aa7a-4122-a4dc-afe6bb5b1714,Very nice app I like this,5
dfba31fa-2ad4-4818-af61-136d184a010b,good,5
7996bad0-32c7-4c9c-9872-c15bcdb0a397,very nice app what I can say about Instagram you also know very well Instagram is so much delightedly and very nice status what I can say,5
eeca2a18-a24c-4499-842e-f6f9aa60db8c,best,5
b9ebe2d7-f39a-41fd-8b41-c66bea2f78a6,make happy sometimes in busy life we need some smile,5
ef731daf-2c01-4eab-a2e1-984ffb2fc255,he is A very very best Aap,5
3433471f-8ae0-4c58-b3a0-93a26da71add,very good or nice,5
8c5bb882-000c-4035-852a-24430595a8a7,Instagram is awesome 😎,5
3434c6ee-6f56-4b1f-899d-f9e3d762a910,👌,4
956ed120-2ac5-46d5-a377-e2713c899bd2,"it gotten so so much worse, I have attempted to post for the last hour, it keeps reseting whenever I add music or try to tag people, not to mention it now reads through our messages and combs through our photos to train AI models, if my other friends didn't use ig to communicate I would have dropped this app along time ago",1
695955ec-58b8-4566-9cdd-f4e5403529ef,very nice 💯,5
1282dab7-3c36-4507-9deb-7273980c3351,Good app,5
b0d66d64-0717-4b5a-9213-6346f204a0cb,excellent 🫶,5
4e8e369e-9e77-4186-834f-34f267de799c,good,5
11b39296-e109-4512-a4d5-7f27b00fbc5a,the best social app ❤️‍🩹,5
72a7ff1a-6078-48b9-94ae-f2c85c2a6953,a wonderful app we can msgbthem without number,5
a420b7f2-db4d-4110-9ecb-a0788784bc06,best game,5
e4a067e8-6a9c-4fe0-993e-6428209f9eaf,amazing app,5
720aa803-e1b0-4a48-9944-0685b62e5048,amazing 😍 I like scrolling reels 🤩,5
8ca805c0-6bd8-444d-8ccd-21e770b5cbdb,Mast hai mai toh viral ho gayi huu thanks ti instagram!,1
a3c4aab9-2f55-48a8-91d4-f07a94737485,superb app,5
e2dd0ce6-887d-4033-8dd8-94f5a59b9fd3,"Hello, I would like to report the account @tlh_girlzz10 for abusive behavior. This account is using inappropriate and offensive language, which is against your community guidelines. I request you to please review this account and take appropriate action. I have also attached proof/screenshots if needed. Thank you for keeping the platform safe.",5
9378b444-3a64-49ee-bb36-a2458ea0f675,good working this app,5
65b28fda-17f8-4f56-a5fc-30f1f6c66cf7,very Good,5
1bf1f7e2-7642-4c29-9d0c-4dda91e5d7bd,best,5
fc0033ef-37ab-4289-9b97-94c9ecfecdca,Don't use this app destroy my 6 years old account and data without any reason it is spying agent and aur data is not safe at all use snapchat or other app,1
dad20ed2-901f-4844-b34a-e71292f3184c,एक भी दिल पर हजार नहींआ रही है,5
94e60f7f-1c7e-4c14-9d2a-4bde3210d0db,exilant,5
7ce63e04-53ce-4acc-bd76-d2f241adf37d,just fix the bugs dude,5
b00c0599-3505-4fb9-974d-2efd4713a6f4,amazing app,5
702d6801-1bf4-41c2-a7a4-5b75ba3a5459,bhaiya,5
f100ea38-5640-4343-bc18-d9356141b9fd,My happyness app,5
a78292c7-ca52-4c97-b19e-0f434f710915,Easy to watch videos and place to update about live styles,5
2c6a4f84-ada4-45af-bf95-beea888e88d0,All accounts suspended hogya,1
61e72c03-5104-4ba0-a8f2-9dea536e6f9d,Good a little,1
83eb51c2-2546-43d5-976e-bfc8b4dea8fb,good appp,5
8c99309f-a6ed-4d40-ad45-56f421865f19,Amazing,4
f7dfe04a-e21f-49c1-a456-95d86896fa78,is so much better apps for i looked at all communication is a all. store and get it nice 👍 dreams looking forward to seeing it will be fine and then we can get some a motionless and it's just every real id do looking at good work. OK. KHAN.,5
19ce140d-6e01-410b-aa23-73239393f17d,👍👍👍,5
3d0e0c6e-1489-434e-b28a-caab4b8db5d1,Bast aap,5
455ae981-33fd-4a9c-8cbb-2350ccb1160e,i have 4 year experians,5
defdbafc-ae16-4079-b916-20a4c75e09e6,thi h bhai insta bhai hame bhi sport milwa doSIR JI FAMILIES IS BROBLAM SOLW KARWA DO SIR PLEASE SIR REQUEST ME,5
3924df2e-ec9e-42b6-b424-0bf3743b6445,nice 👍🏻,5
9c07a4bc-3130-4a79-b910-a4ee10808976,good 👍,5
c28e7ad5-f2c7-4dbf-9e93-4b89525eaa33,awsome app it's very useful,5
99acf5f8-7199-4312-9f96-553220022376,good,5
9a0f8cb4-79c8-412c-8a0a-be64b3e83eb6,100 star,5
f46d3ea0-6c07-4f8a-bbfe-bf1dc480040e,good,5
eb0177b2-b419-47a7-a416-52a11700f616,nice,5
d348d552-ddbe-4b3e-a724-37b6f28b2627,good app for social media,5
4d32ec36-0365-438e-bbbd-7ea5a209a57d,why this having a lot of ads,1
f72bc50e-8243-4976-8bec-be3a67b0ba4f,best of all time,5
c8c459e1-9807-4c14-9da9-7ac0f2677f4f,"""Dear Instagram Team, my account (@4l0ne.i) has been deactivated. I believe this is a mistake as I have always followed all community guidelines and terms of service.I request you to please review my account and reactivate it as soon as possible. Thank you for your time and assistance.",1
60d914da-6d33-411f-a5da-e9eb1e4aa635,"Dear Instagram Team, my accou has been deactivated.@skaaveh I believe this is a mistake as I have always followed all community guidelines and terms of service. I request you to please review my account and reacti te it as soon as possible. Thank you for your time and assistance.""",5
88de5b04-ea48-4bda-b304-53e8551a67e8,please Song ka liya updated kro Problem ho raho h song lana ma please instagram,1
27e1c2f9-85ba-4824-8707-223384a46bd8,fake followers list in my account very bad app,1
1e9a6aed-d1e4-42ed-a193-6aa7a9f12cde,"#🇯🇵 Japan is turning footsteps into electricity! Using piezoelectric tiles, every step you take generates a small amount of energy. Millions of steps together can power LED lights and displays in busy places like Shibuya Station. A brilliant way to create a sustainable and smart city turning m... #🇯🇵 Japan is turning footsteps into electricity! Using piezoelectric tiles, every step you take generates a small amount of energy. Millions of steps together can power LED lights and displays in bu",2
f08e1eec-7e98-4779-a118-e8258658df69,good,5
8c48123c-ff73-4856-851a-fa71f15fbacb,Distraction aap,1
28ebd425-f5fb-49e4-8ae4-088a897d0ba9,"fun, very playful people",5
8c23c278-d0d2-4beb-b7b8-b4a9547a0fcd,nice,5
42618c84-6eed-4957-9270-ebbf749b0580,Same notification show every time.,5
82a040e2-f53b-49ab-aaec-03b32df96405,good,4
ea34583a-cb97-415e-990c-b65a39b6514b,nice experience this platform,4
1bd538e7-7970-43fe-97cc-6e2cf6d77374,very useful,5
b368dc24-775a-4f4b-8a22-5a6619a96910,excellent,5
d427e68c-96dc-425d-8667-2fff313ee312,good app,5
25c06d2a-036f-400f-b9ed-61d9e1700736,💯,5
368b880d-e9cd-4e25-b45a-82126ea4285f,instagram is best app,5
53358047-742e-481e-9785-68e6acb1bbac,nice,4
94150cc3-113d-4406-b4b6-1d6b9407ea70,Is not working Is not open Instagram,5
6f5f2e02-190f-4088-ab80-23720d42811a,It's very gud photo shop,3
21e4d5a3-1510-4404-853b-83456ac6bb31,super,5
8a16b49c-8774-43d2-bd11-c79b40e7241e,"""Hello, I am requesting permanent deletion of my suspended Instagram accounts. I have already reported this issue using the 'Report a Problem' feature, but no action has been taken yet. Please assist me by manually deleting these accounts or guide me through any further steps needed. I would appreciate your prompt support. Thank you.""",1
6dd99694-c376-4549-9b03-73ba1da731e5,baby so,5
27b3c38a-b832-47f1-9eb9-022d752f6fc1,Great,5
30a29099-5868-4a74-9cf5-cf6ad97ea1b4,ok,5
c6f83436-bb15-446c-87a6-6ca94f50a869,Incredible Technology!!!,5
94cc45fd-773c-4695-aba3-79d17bbdcf02,a great journey with insta ❤️❤️,5
79e1fd59-c707-447c-a5f5-490940d0f7b0,tamil songs are not show in,1
ee4b3bb1-4274-454b-84dc-da4a7e121096,"Instagram used to feel human — fair, responsive, and understandable. But now, with heavy reliance on AI moderation, the experience has become frustrating and unpredictable. My account was disabled without any clear reason or proper explanation. No transparency, no real support — just an automated system making serious decisions that affect users’ digital presence. AI is meant to improve platforms, not create confusion and unfair outcomes. Right now, it feels glitchy, inconsistent.",1
53e8393a-3fe2-4369-95a5-7d71bc0c1d9e,good,5
5d939180-1bbd-4fa7-8728-4c0b98800877,Absolute waste of time. They should restrict this app for those who are under 12,1
e7b4266f-607a-4eca-b041-7ac6ea8a7797,No Toxic Posts,5
31011307-81ef-4d19-8eb8-0dd09ddc3a3f,DEAR INSTAGRAM TEAM YOU ACCOUNT (anuj_liftz007) has been deadctivated I BELIEVE THIS IS A MISTAKE AS I HAVE ALWAYS FOLLOWED ALL COMMUNITY guideline and terms of service . I request you to please review my account and reactivate it as soon as possible . thanks you for your time and assistance,5
4e8bdba8-2775-4b7b-bc49-055a2cc05185,mere phone se mujhe lag rha koi or bhi account use kr rha hai please kuch karo,5
3a4cef9c-6726-486e-9218-acbfac6d0ed0,afte reporting to an account not any action taken against that account. still suffering,1
f76a4764-40ff-4a47-90b5-6b7f71d24200,"nase, but one time not working",3
e9490ea1-e2fc-49de-9fa9-a20326d0724c,it's still banning our accounts if you doing it wrong,5
ca719ef7-0882-48d6-9185-2d1ec1d91896,nice👍👍,5
d5f4da16-5c1f-4fa5-8f6f-441bec4956d2,mi account disable plz sir mi account open 🙏🙏 please sir most importantphoto and reel plz sir mi account open mi account govind_choudhary__jatt,5
abc2b4a6-2507-4120-9883-d06b8c7d4db3,ahhhhhh,1
2a6e7618-c567-455f-a65d-2b8fa9a9a4fa,"My experience on Instagram was positive, creative, and meaningful before my accounts were suddenly suspended without any clear reason. I had invested time and effort into building my presence and connecting with others. However, all my accounts were permanently disabled without explanation, and I was not allowed to download my data. This felt extremely unfair and frustrating, as all my work, memories, and content were taken away without warning or proper review.",1
5382b52b-0a22-4120-8066-fe89a0d912d8,bad community,2
7c86de30-26d9-40a0-83dd-f4339b5a3532,my favourite time pass,5
faa0fa23-7836-4540-a6cc-721507166d1e,very good aap,5
54b2389a-4ef4-4948-97a0-f1d856c9fe77,best app ever I seen,5
8e6e4aa8-2f35-4a3c-962f-f1b1ee46b37c,thiks app is very good 💗,5
e828da50-4bd6-4f06-a13f-49b1357b735c,"Instagram is a powerful platform where i can express your personality, creativity, and lifestyle in a unique way.",5
f918e44b-2dfe-4d1d-8707-444c22e458f8,"Instagram is very very good, I love you Instagram, my account was disabled, the Instagram team has returned my Instagram account, I love you",5
233d6f74-c81b-4c0c-ac49-86c65f3ff017,This app is not really helpful ! They always suspending my account even though I didn't violate anything ! Such so embarassing instagram !!!!!!,1
75882918-7a2e-44f8-9f4d-1ec104bb817c,"1-2 ads ever two reels is gross. not worth using to post for your friends because there are too many ads and random not-followed accounts for anyone to see. this app has bloated itself to nigh uselessness, and crammed some ai ""features"" into every facet of it's being such that a basic search is a barely functioning experience.",1
7520a0bd-82ff-4d17-acf4-8f67fc1de3fc,it is very useful and interested app I like it,5
d2e1078b-fa19-4f73-8d69-7673de38d364,"Im getting Frustrated because of many times my account got disabled,bruh i don't even do anything,i am following your community standards and its rules,i already tried searching how to fix and tried reaching to Instagram help center but it doesn't work,i just accused from something i never did. Hope you can fix this",1
f2d39ca4-f892-4ffa-ba30-652be9f7b7da,best,5
fd8f8df7-4d20-4d2f-8a21-db7466180642,"Very slow, there are MORE ads than reels to watch. And worse of all it's always unskipable",2
cc522578-2c05-43b6-9193-4565343615fe,"Consecutively, three of my accounts got suspended without prior warning or anything... the first two accounts were permanently disabled and I no longer have access to them... the newest account I've logged into just a few days back also got suspended without any reason... I'm pretty sure I've never violated any community guidelines or standards... this new account of mine is currently temporarily suspended and I've appealed to get it back... I need my account back ASAP...",1
e6c6d22b-72c3-4880-b117-d0800edcdea5,nice,4
cb5ebf97-ff59-423a-b41c-ff6f15d9db40,good,5
57c8512b-f7b4-4e27-a502-b52e56607abf,is give me happy i love instagram we love instagram,5
8bff4f26-9116-46b6-afc1-9e7bc12d314c,world the best,5
550fc35e-a179-4c51-a68a-d29eda93abb6,bad app,1
b43b3680-2e46-47a7-afb4-e8ffbe0d0715,Good,5
1eb08cc0-c05b-4ac4-9e38-5fce0021ab31,good,5
b65c3a3b-303d-46d2-948a-0eff64d74424,very good app,5
1dc24d1f-06a7-4213-904c-8f1ca175a2a9,this app is very great I can share reels ro my friends do fun connect with social media,5
0e779fb0-ccfe-4542-8252-96b10c2a4bb9,best for daily life,5
bb7a01fb-05d6-4e5d-b4ef-0aebff930837,Rama Kumar off,5
0c50cdef-e665-40f8-b3ee-164614cb94e1,I hate this app,1
c080a8ab-6382-475e-87ba-10c2d8f97df1,I have selected the story comments option as allowed for everyone but that option is visible to no one. I have tried all the possible troubleshooting steps but why I'm still facing this issue I'm not understanding!!! What is this glitch???,3
508ffdaf-9485-476b-9f13-f503a2636116,🙏,5
a2e469d9-f26d-4de6-bc70-ded4768b66ee,soo too good 🤘🏻,5
2190f50f-a6d8-49b9-88a0-3a4e739b8579,perfect app,5
234fb830-15a0-4cb6-b632-55f19249fa11,sweet,5
0cedccf7-1072-43bd-97a8-fceb12d1e86a,always loved,5
59ac98c1-847f-42f0-8b6c-d45015674cae,l can't leave without Instagram,5
a8a3c216-4cd3-4d10-bbb8-a418cac31588,superb 🥰🥰,5
d05e3495-d574-4863-b7e4-f89d8020314b,The repost button isn't showing up for me. I've sent many complaints and haven't received a response.,1
6aadc42b-b1c4-413a-80b2-d39f739d325c,So beautiful app I Love instagram,3
3a6148a1-8714-4c5b-b0ed-39ffe6fe6722,this is world best app,5
fcea9b94-3db1-49b4-b647-f4977888b636,time best only,5
faa66512-3081-474b-b843-b5f23b154ad1,good 👍 beta,1
4367a2c6-1031-40c4-8fad-99a4d34ffdd5,Very nice 👍🏻🙂,5
8053a0c9-50d6-4a41-b00c-a1fc6d83765a,it good,5
d1932f6e-07a5-433f-ae2a-102ca0ac89a0,Wow,5
16550e96-2816-459d-ad57-40c8ce6af640,love you,5
b0e44d86-c01b-4514-b641-26001af8878f,power फुल्ल,5
3f39a9ba-9449-4f4b-8f7b-9a4f7fc5aea7,it is very good for you guys ☺️,5
6c0d14f3-afc2-4e22-8b1d-76f6cf569d6d,besttt,5
1d0e40e2-7486-4910-bdfa-99d491005a06,this is so amazing 😍😍😍😍😍😍🤩🤩🤩🤩🤩🤩,5
ce25a019-3b0a-41d4-90af-66ab53041f34,instagram is not theek hai,1
abebc4aa-b6f2-4d92-897d-c8534448a666,is instagram p ke andar koi editing vali video nahi hai jo mere ko pasand aaye iskilye me isko 4 star rating dunga 😅,4
58f71e59-4414-4b4c-be2d-b12b0eaa50c3,enjoy 😍,5
74f60831-4558-4d44-ac76-ca2a37821bad,"""Greetings Instagram Team, My account (yourusername) has been deactivated and I have tried every possible way but not able to get it back and I believe this is a mistake from your side as I have always followed all community guidelines and terms of service. I request you to please review/analyse my account and reactivate it as soon as possible. I have put alot of efforts in growing my page. Thank you + Cheers (Yourname/ userid)",1
c830f346-f8fb-4680-b343-bdc53bd5376f,Nice good work 👍,5
40653179-7a65-485c-8230-1af7dd7a8906,nice ❤️‍🩹👀,5
2e59fc5f-b1b2-43c5-aa03-ffa5736063e7,very nice,5
d77cbc59-b972-4e35-a63d-422ff48c9eca,good,5
f83cae08-5d10-4f84-ae5c-f75937df7869,insta is not properly working this device,1
1dfba2f5-34dc-4bf5-a22a-e5fb0a97f69d,I am unable to scroll reels because they are not playing even my network is stable .it's getting frustrated 😠. so please solve this issue,2
2742105c-f104-401f-beed-16c2fe35ef42,nice 👍,5
363aaca4-0508-4c02-9e13-c45759bc75b6,"Instagram always deactivated my account for no reason and its suks , i don't even do anything that may cause of my disabled acc , i follow all the rules and the community standard and they still deactivate my acc , ten of my acc was activated and now i don't have access on socmed rn , and its not normal , do anything but still suspended my acc",1
751646cf-10a0-491b-a4db-c40f341201be,Instagram is a good app. don't recommend long term.,5
35e6a9d0-34b4-4362-ad27-631d1b8f3004,good,5
67bb92d4-bd9e-4e58-bd11-40d1fcbf4890,nice,5
92a763bb-1e0f-4cbc-b329-aa0e34d667a0,very bad app😡😡😡😡 very bad app😡😡😡😡,1
783612b2-3847-4939-be77-07e35b987a8e,so good!,5
c4acf85f-e89d-4d4c-820a-2c9206a5fb8a,It's ok but over whelms me with accounts that I never chose to follow. Plus the suggested accounts never seems to end,2
8208c459-695d-47f8-b848-1fd3a9164b83,I m having problem in login. Can't login with the correct password its showing incorrect password. I have login in another device with the same password. please fix it as soon as possible,1
f91b3f21-2ec3-4eec-bde4-80945140a8a7,I joy,5
501ef398-2ff0-4cad-b01f-317bb6ff6cba,this is very bad for brain because a very bad environment in Instagram 🙌,1
d8ddc2ad-1547-4c5f-a0de-4f1f2950dd15,I like instagram,5
605fa3ea-ede1-4f88-a547-bbd17155a145,👌 Bast app 👍,3
25419a18-765a-4404-afc8-616cc6c6c1a5,"We are not robots 😭 I don’t know why our accounts keep getting disabled so often :/ But we can’t be online because of the war in Iran, yet we are real human beings. My account was restored once before, but it got disabled again. If disabled accounts cannot be recovered anymore, please provide an option to create a new account, because otherwise we won’t be able to use the Instagram app at all 🥲 Please be less strict with accounts like ours and provide a way for them to be restored. Thank you.",1
2c5f0346-476f-488d-a3be-37968837db55,good,3
a918db9a-ea2b-4830-9ac3-5bd797e581b6,"""Dear Instagram Team, my account (_sukumarr) has been deactivated. I believe this is a mistake as I have always followed all community guidelines and terms of service. I request you to please review my account and reactivate it as soon as possible. Thank you for your time and assistance.""",5
e58df3dc-7b22-4ae5-b2dc-6bad22e1154e,very very good pletporm,5
d99c75e3-3f32-40ea-b0f1-9f97de9d47e5,this app is so usefulness😚,5
c1780e67-528a-4d56-8524-89f1b88a1c8d,very good👍,5
51750532-3896-4da4-a1d4-52d7ec576a1b,veryyyyyy veryyyyy veryyyyy amazingggggggggggggggggg appppp🥰,5
00911c73-9dd6-4ff5-ad3d-fce5a8fb396b,💗,5
eef9cff1-b1c3-4c61-be85-a67dcf04dbcf,good,5
0fc8a549-6480-4ff2-a637-a67dde398f3b,very good insta,5
724e9d20-29ea-4de6-b0f0-ba954422ea8f,"I am facing a lot of problems in using Instagram like my account is getting suspended again and again and even after creating a new account it is getting suspended even after following all the guidelines. I am not able to use Instagram, try to solve this problem as soon as possible.",1
ce3f056b-d23b-4663-9290-bfa33757c113,when I deleted 1 time and after i downloaded again it is even opening I tried 29 or more times but it is not opening,1
2ea6253c-f39a-4f0b-912a-e6c4114a3fb7,good but please viral my rells🤝🫶,5
d8593e53-27c7-4a8a-9f1b-c57b85cc51b7,everything in Instagram is just wow❤️😍,5
dd443eb0-094a-42e4-b7ff-6ccc3598b7c2,bhut bdiya hai,5
2793ad91-54a2-492a-a605-51f7db0f9d7d,"Very disappointing experience. My Instagram account was hacked and then disabled without explanation. I followed all steps, submitted ID verification, and sent multiple complaints, but got no meaningful response. I even paid for Meta Verified expecting better support, but it was completely useless. No transparency, no accountability, and no proper customer service.",1
db7195f6-c9e6-49fa-ad81-497fff1203a4,good,4
eef05bc9-68d8-4703-804f-59fe471eb20d,instagram good and like,5
ba559b11-8102-41fa-9422-ab44c653ce1b,may account is ven and no reason,1
983553c5-da6d-4202-a00e-006c77501e2b,superb,5
52ced394-80f8-49ec-a71c-8fd264406b63,💞💞💞,5
18cd15c1-7edc-4624-a0c6-2676b00b322a,Very good,1
d9ad8e0a-e78e-4a1f-b1e8-d4efda924342,good,5
71c5a5b6-79c3-465b-9a66-690141f1c77b,just wowwwwwww ☺️,5
acccecaa-5d2e-4a50-a4d6-e9e9052ec055,so happy,4
1808b41d-9dd7-4d77-a5b9-d72ba06e0a5a,nice 👍,5
2fafebc9-b8bd-42fd-9d29-45138f871852,bad the way u guys are disabling peoples account is not good ur making Instagram a boring place👎🏼👎🏼👎🏼🥱🥱,1
c5c2a468-0979-4805-bf42-26aba52ce5ad,my account was suspended on its own without any reason After that I create new account then also it show as wrong password,1
f9516ba6-2370-4a02-8889-953eeb9a66c0,THE BEST,5
3e34339c-0a04-4cea-8893-6591d40034d9,very very super,5
d08cf773-6522-4710-8343-f51de9cfda82,I enjoy it ☺️,4
9c2b18e6-d942-4de3-9ad4-8beeac7cac49,"""Not safe app. My account was deleted/blocked without any reason and there is no proper support or help center for recovery. Very frustrating experience for users.""",1
95594e36-110a-40e5-864b-b82565bfed72,"it's an amazing app cz u can communicate with friends,see funny vedios and many other things",5
bab409af-2dde-4182-8b04-28757a5092e7,Good,5
5329b959-c889-4462-914c-a8eefdf3b5ea,super,5
798171e8-f316-4bce-b37d-990f749fc8f6,faltu aap hai ya har kuch din se pe I'd ban ho jata hai,1
25270684-a3ae-40fc-8991-60dc4771b2cc,It's my emotional supporter,5
59c5a92e-6487-4151-894b-5d954f1735f6,good,5
b70321d6-1f35-48a2-8407-5cc626d5da0c,nice,5
a164cd9c-045e-4d32-9586-61f8efa61dd5,"Very good app but if we can have a setting to see who are not following us while we follow them, it might be better",5
5e4b281c-1ce8-477a-b62e-21ed67fdfe97,"I really love this apps because it's have more new features and so esthetic, love to seeing something beautiful and knew more people",5
1d5fe21a-f05b-424f-89ad-a3211c442d48,🙂,5
8bf62d6f-4a77-4b28-a04b-af95f4ec9cfd,bad app,1
29457786-8d4c-40f0-b1ff-1be9cc5a45eb,agar jindegi kharab karna hai to Instagram download karo 🤣,4
a58145ad-4100-4e34-b50e-e0a3f680145d,I write correct password but instagram show a incorrect password,1
e729d0d8-c196-4b2c-ac53-efd115dc280e,excellent app,5
b2d1dd82-82e3-4a90-b33d-b323c8e397ad,very good and fun,5
3e0a4ec3-7dd8-4c17-a469-4b21d08f74f3,👎🏻👎🏻👎🏻👎🏻👎🏻 worst,1
92ab2118-33dc-47e5-b768-d371e609e66b,good response,5
6c9e397a-fbd1-4eea-84c7-b357cd392a01,this app was good but reels ruined everything,5
1205f52e-be5b-488f-9937-f42c47697a81,Amazing,5
e764d124-ddb1-4faf-98de-0acf2a7856d5,awesome i love instagram always ❤️❤️☺️☺️,5
43ffea70-ecce-4039-b50b-b2def6d176c0,good 👍👍,5
e6c11b24-1c4a-4fd4-be28-d35fd1b14d32,too good app,5
4e9e2b1d-be75-4818-8cf1-611ac3074472,thank to the maker,5
40868b16-c49d-4242-8659-e3a8499f4575,nice app,5
70cfe314-1e3e-45f9-bf24-a96ea7be37f6,nice,5
79c78590-ad97-4b01-b7b7-19b28b79a321,the reels playback feature is just so horrendously innacurate,1
504c260c-5a30-4439-8dbf-8a55c18301dc,very nice app,5
1561e784-f722-4bcd-b067-9a4846605be4,Instagram is a good platform because I have used in Instagram I like it short videos,5
5d7dcb5b-2eca-41e8-a56a-081216ea464a,👍,1
1a4032b0-79bc-4482-abb0-2aaf70df78f3,great experience 😁😁,5
77b76491-1f9e-4287-be44-478dc763f399,nice app,5
e1967a53-183c-4d2d-b435-3e79a90d58de,💯,5
329ef513-d53c-4b1d-97aa-a19ea2dda3f3,Account got falsely disabled because of something I would never do in a million years. Horrible decision letting AI do the moderation.,1
6809c267-81a0-4a57-8b49-140d0165c0ae,this app is my jaan😂,5
7ee77b6e-c43a-43c2-be54-201634f2e881,my account is keep getting suspended even when I did nothing please fix this issue,1
e582cc85-1f1f-4789-8127-ebfc39823f91,Super app,5
1ec5ede6-6e5e-49d1-8fa6-53cd8b7d67af,ekdum bhari,5
24aa1960-419b-42c7-86f2-926fed4c698f,“Absolutely loved this content! 😍 Quality and editing top level 🔥 This kind of creativity would definitely impress Mark Zuckerberg 👌 5⭐ totally deserved!”,5
37f06b58-e4eb-4d2a-83be-ade23569b8fc,"Maine avi instra pe khud ka professional I'd banyi hu..ugc Creator ,,,suha_nistudio. to mere liye to bahut useful h bhai ..thanku so much instagram..🎀♥️👍🙏",5
f70c0f87-c0de-468e-a3d8-7d217593da55,I created a fan page for my favorite celebrity and they banned the account I hate Instagram,1
962d2d30-58bc-4ed6-a4f0-e23db681e126,good,5
67114620-5039-471a-abb7-9ffe73e19dcf,no off time limited,5
0a8e0a4c-3ab4-450e-a30d-4d18e89d5fb5,if I have a option i definitely give it a zero star because instagram suspended my instagram id without any reason and I am not gonna use it in future ever this is the worst app i adive you to not download it may suspend your account for no reason in future,1
63441ca6-e680-42e5-bc72-77ae911dd012,social media hisebhe thikthak ache,4
2b784a2e-7a89-4099-8bae-00d38fa68a99,this is a very nice website 😍 like me,4
b046d79b-a345-494c-8552-e611fe0f5c76,too good,5
3b7ab9ea-4a7d-4a4a-bbe4-8463aff5ff9d,its a good application,5
8c1ea216-2074-4d0e-93b3-052488a9296a,"this social media app is safe, secure u trusted id",5
e957a395-cf7c-43c3-b051-d80cacde0c63,good,2
adf0abba-1548-4804-ae51-fd6fc82bb646,bina kisi vjah k mera insta account suspend kr diya gyyyy,1
439c5ab2-0dbc-48c7-ac3f-c47b385b3877,Keeps cutting my videos in half when I try to upload. Done with this platform!,1
8d98a254-2c43-4e6c-806f-034e7409a2b3,I'm enjoying it. It's been a while since I visit the app.,4
982b7b76-80ef-487d-9144-40dc7038167a,it's amazing,5
f19034e7-7a2a-4c3a-9ff1-c509b98133d1,very smart app. I am a Content Creator. one issue I face usually while uploading the original sound of the video is invaded by the Chosen music or song. There is no option of adjusting the volume. That is bit disturbing.,5
321c26f9-c1f9-4853-8b4f-8b010efe7fb3,Please fix my instagram massage loading problem urgently..,1
d60b4259-c2c4-4d10-a571-224f623d6931,It is A very fantastic app,5
2f9e78c3-ceda-4f2f-8037-fafaeab7dd15,💙💙💙💙💙,5
72c3abf0-32b5-4941-bf07-06ad1a436119,jaan mudi,5
63ed8382-eded-4d7f-b39d-bae2174aebf7,Best,5
77599c15-94fb-483e-a3df-6b17604ed7fc,my fav🥰,5
54f73737-0088-4170-a010-fcd44a839b8e,my favourite app....,5
678d7c86-f0d7-4ec1-8ced-696689dad2a5,"This is a HORRIBLE app, I had to make so much accounts and after a day or two, it gets suspeneded even when i'm not online or I haven't even texted anyone.",1
e89bf884-b3c1-43d7-acf2-0fca64046c8c,it's too muchh goood,5
1c7c4830-3bcc-41ef-8504-8b23aecfb6ca,It require more data . My net almost gone on Instagram. So it will take 1 star . This update is worst,5
ba83d31a-4ae3-4ed8-b59c-26bb8b81b7ad,very slow,1
a78ccc1d-1736-4b93-a09d-54b9837f2329,Instagram ek bahut hi achcha app hai aur har insan ko chalana chahie bahut hi achcha app hai aur isase arning bhi hoti hai chalne mein bahut achcha hai koi dikkat nahin aati bahut hi acchi tarike se soft hai ekadam chalta hai bhai koi dikkat nahin aati Instagram ek bahut achcha app hai,5
45954923-953d-4ceb-abed-ff5e54577b29,Only app I use owo,5
bad5ba8c-4273-4ff7-928e-9a2a5e60edaf,good,5
854c22d4-b2d5-4330-a591-8216f3b691e0,I like,5
ab5e80ed-4c9c-4b92-bd17-ff7f402874d2,Excellent app,5
2adec673-fe9a-4e21-8c20-b105129fd964,bad,1
1ea45715-9aa8-41b8-8578-72376420c113,Great platform for meeting old friends and great updates in current affairs,5
09ce62fa-648d-4f3e-aa00-8e340f03f368,good,5
e1504ccc-cfad-4f7a-a025-3814f9babe39,SUPER,5
3dd8b9b2-344a-4952-9ca5-d1e8b322931d,"A beautiful platform for expressive individuals, and promoting business. I love the space.",5
ac4ff103-4c42-4627-8479-ddbc8edc4df5,this app is wow,5
617de18a-04cb-4b38-88b4-ca0432b03271,gaining followers and losing followers are too difficult,4
0450fc1a-899d-446c-8c56-027e4cef5607,"so many glitches like video stopping, stuck on shearing etc..",1
08e369e7-526d-4fe9-9855-ffe2f36915c6,Upi Cash Withdrawal is not working. Wrost services,1
cb30a5cf-779d-4fa4-b3f2-6d553a78607b,such lovely app but I get less followers,4
d1a1cb1f-f1f4-4fff-b831-561d16128db4,mind blowing,5
d15c31c9-5478-4d6b-a4b2-9b4cc927fbfc,Instagram is a very safe vebsight,5
ad2659cb-16ec-4ca7-bbda-5a733303c4e0,good 👍,5
997d9fa8-fa17-47b9-ad45-c85284c54e3c,nice,5
e4cbdd13-7f78-49f8-accb-dd33e2de57f1,"Full of bugs and bad features, current Instagram team should be fired if META wants a good future for Instagram.",1
334dffa9-c98d-4885-a639-2913f39b2d51,"THE BUTTONS AT THE BOTTOM IS CUT OUT, ITS HARD TO PRESS THE OPTIONS FOR STICKERS AVATAR AND SO ON",1
808817d9-9dce-4a3b-833b-49fa7e32fdf6,all most viral reels,5
d357138f-f45b-4bce-920d-7b0f0e396a59,good,5
1315403a-d898-4a8a-82cf-d0e4c1a5d84d,good,5
3ada52a7-11e2-4c1d-b79f-db093d7cb182,just time pass,5
4374efeb-5fa1-4581-bc73-6859585f2b76,It's very interesting for all of us. Thanks Sir 👌👌,5
c8db67e0-6794-41be-a9dd-792ec26dc23e,My favourite app,5
f1c26b22-c2fe-4939-8eb8-f7df5f22a04e,NISE APP TO INSTAGRAM.☺😊😄😄.,5
e6d626b3-a10b-4317-b297-b297dc36b342,nice,5
51acef4a-9767-4a22-8276-e3eb56b268b6,very very best,5
c23a7c83-506e-43fe-9591-7a4f569d3109,good,5
6fe02b7c-8c0e-48df-9ccc-1c2d7bf9d0fd,gòd,5
cdf53686-5c1f-44f9-9a46-df5524754997,nice app excellent 👌😍,5
76198a91-9104-43cf-91dc-d531ca9a7b92,this app very best social medai,5
a6a724a4-fbb1-43d8-8340-6013d67b8be8,suferrrr amazinggggg,5
0054aa8f-58e1-4f94-b805-7eb2a9655e28,good,4
b96df4a6-2057-42a6-bcf6-ea8dcbf97798,💗💗,5
ee4fc653-775f-47a3-9bdb-b84c506c73c7,achcha hai,5
e6958997-73ff-4de1-a617-e2bee21b32be,these app kill your productivity and stop your progress. if you addicted to that app you away from success and still me also,2
4376fda5-af1d-47cc-a785-561e84d4e201,the app is best aap,5
e5c99139-73ee-4f71-bb6d-ed143ff9aebb,Nice ♥️,5
dd0b6c07-e26f-4bc7-9170-92578d9e5160,it's fun to call text and even laugh in a group full of people you know. I have the best time ever chatting about things and calling during group projects,5
1d8b64a6-848f-4823-ba8e-8210431edd47,nice app👍,5
fb7d7625-1f04-4b36-a1e4-d76aacb1aae9,good,5
b2264969-bc51-4a12-a06f-78b1e534be18,video viral hi nhi hoti h kuch bhi kar lo 1000 ya 2000 views bas isse aage nhi badh raha h,4
426228c2-d233-48dd-a1ab-4e20d9e8171c,this aap is very good and this reals is a very beautiful,5
0757e425-aebe-4b6f-bb82-7d027273376c,"Time consuming and addictive. I am unable to leave this platform now, it sucks😭😭",3
9b31490b-b02a-4a83-bb1b-c3a7a6ae5292,"If you are broke then you can ship Instagram because tiktok can only sad you but to be a real sigma you have to come to Instagram with as many real viewing accounts as possible.Much better than that, inshaAllah, I understand your mind.",5
8d80237c-f5e8-4c32-958e-25b8f9590c63,best app for time pass,4
4219e792-8e47-4972-b223-be61247f10af,This aap is vary good,5
4892e960-3347-4843-8355-0b16876c981b,bekar hai instagram,1
062a04ab-8b43-421c-9980-bcdb507e83ba,i am not able login,1
8aefe12b-52d6-47a0-96bd-61f0604595d4,so good 👍,5
36bbc322-17cd-4525-a386-d366fbf961cb,chal nhi rah,1
e7d09856-bd5b-4dba-ac93-abef0b3c7a45,best,5
b15e7a06-c17f-49a1-9585-123c637b42ac,It is a good app,5
aa5bf614-7157-42db-8b77-86dfa9036c6c,bohut achha app hai,5
24685245-db59-4b68-bed2-a51fc9975759,literally I forget the YouTube and TikTok since I joined the Instagram,5
71e88e38-1a77-49de-9de7-6db059c5ea85,👍,4
d14cd123-e369-41aa-9b69-c1dad01f8edd,poor management my account suspended without any reason. and reels stucks on black screen every time .,1
b0293e24-6ea4-4fad-b983-3f311096c613,good,5
62095738-290e-4974-9eb8-24cf3f115797,super,5
eb4e07fe-6e91-4d3c-bacb-18e77bf46428,I loved it,4
51bcaf7f-cc42-4248-ab01-7665bf9e1147,vary good app,5
e9b6183a-718a-42e8-8a02-ae637d62aa68,very good app,5
6a5f3761-83af-4c4a-b926-7003d9ad8711,"Instagram has become seriously disappointing over time The app is full of bugs—random login errors, accounts getting disabled without clear reasons, and frequent glitches that ruin the experience. The biggest issue is the support system, which feels almost useless, as users mostly receive automated replies instead of real help. For such a huge platform, ignoring user problems like this is unacceptable. Overall, Instagram has gone from being enjoyable to becoming a constant source of frustration",1
63c0bcaa-7b94-4d4a-b0b7-2bba83c3f2d4,Tis app very very nice,5
4be76711-fb4e-410f-9c31-04e1e0d7efb0,"0 rating . I haven't done anything, yet Instagram is suspending every account I create. What shameful behavior this is!",1
e1227784-5dca-4904-a3a0-5c03b72bd3e3,best,5
b6687b6a-922b-42b1-9c70-6b0f13ba7af6,in my experience this app is the worst app i have ever seen . they don't see any personal problem . after giving pass it saw incorrect. after typing new pass it saw something wrong . just 3rd class app,1
59e41da8-4596-4cd1-a594-ce94cbb9a9dc,❤️,5
09d53b20-0d1e-4c2b-9c45-64657f84faa1,ban genuine account without any reason,1
a210e741-ffe6-43fc-bddc-482178a0cbac,dumb,1
a7b27bf0-5805-4215-a1ff-1ee74f303b12,not Best app,1
848936d2-98e4-4dc8-af09-6ae8ca22aeb7,🫶🫶🫶🫶very good,5
d6918db5-3ef2-4b1c-8116-3db1ac5f42c7,good 👍,5
64870ae3-b992-4591-8bfa-55d72752c777,Very good app,5
4d3b2ccb-d80b-49c9-8673-7429d5bdd463,notifications aren't working whatsoever,1
c01dde3e-d270-49ca-9fd5-a9a6ddfde32b,bad😡🤬,1
aeee5cab-e10a-49cd-a323-e58178be89f1,nice app,5
cab01ffb-d4d7-4413-ba67-1a414fd98c77,best,5
c4e971a4-3de3-4554-9f2b-20efda7bdd85,❤️,5
70e33644-3e96-4bb5-95e2-cc825431d2c4,my account got permanent suspension without any reason 😭,1
45c77368-12b1-42af-9cab-ce67935a2f1b,can I have another account,5
91a9acd4-6eff-45b9-b3a7-d7bdc4b5b8de,nice👍,5
db16a1e6-42f8-4d4c-913b-0ca23f3babe8,"Dear Instagram Team, my account (@official_ankitchoudhary) has been deactivated. I believe this is a mistake as I have always followed all community guidelines and terms of service. I request you to please review my account and reactivate it as soon as possible. Thank you for your time and assistance.1",1
c6e15919-971c-495a-98ab-51bc1e5a1cb7,idk what I would do without ig! love this app for all its features and scrolling never felt so good,5
bd6d4c5f-bb5a-4b33-9826-f05221b44088,great,5
fce339a7-fdf0-4b17-b4d7-afab6b051328,i am unable to scroll my wall because it's all adds i see 9 adds and 1 normal post like what is going on????,1
d68219a6-c711-4bd1-81cb-63c8465d3d31,good 👍,5
3c4661ed-9088-4f2e-87f6-e9b2f49b5592,gets deleted Again And again overall great app,4
0be1998a-4057-407e-89e6-14b1742828ac,waste app because when our friends mention our name in the story again if we tag that their name is not coming,1
4d6de30e-3089-46ee-8c1c-bb2bd68f2945,nice videos on every time,5
3680b0b8-e30b-4313-8878-079449e35ab2,worst app because of ip ban system,1
4c3261eb-50b8-4377-9a12-e8ca0aafefdf,Great platform to be in. Pictures or videos has a good quality,5
0d5fb1fe-3a2e-4a57-bb29-f4e6f474d8e2,nice instagram 😍,5
c8581839-ad77-46b2-b7be-ec6957dd80d7,my I'd is not opening instagram ban my I'd for no reason and I try to open my I'd he is saying you don't sign up but I have my I'd password but he is not opening my account and no reason my account is supposed banded but why,1
3d351a17-e2b4-48fb-a1f1-f0f25f3de2f6,instagram deactivated my account without any reason so my experience is very bad,5
fdf2c117-94e2-4c8a-8825-e74b487a856c,pls unblock me🙏🏻😭,1
d3226301-0d97-42b8-8181-61bacb70c8f5,good,1
f097faa1-e833-4a62-987b-20ae7c621d21,BEST SOCIAL MEDIA APP,5
6d041320-a554-4d55-b6ad-5931fadfe25e,nice,5
73892b52-fc47-47ed-89f2-bc88e4038c3e,love 😗 is instagram ❤️😍,3
3d5b9046-2c79-4b20-b7ed-a311710eeb7b,"Chrome per to login ho raha hai per app per login karne per password incorrect aaraha hai code se bhi login nhi ho raha e-mail whatsapp, mobile, sab se try kar liya",1
8579ef99-4d05-4bd1-958a-7d2f351bac11,w app,5
497df60d-c5de-4972-a279-b1272d236b75,very distracting app it should be band,1
32422f01-3616-4070-95ae-4a08f06478ec,app like 👍,5
52f44f30-e340-43e4-a98c-536614dbe16e,id deactivate ho gai hai,5
b44b9121-bc41-4535-ac5f-99c25b0325b8,excellent,5
c297e832-cedf-4bbe-8d3f-d61448c4304d,👍,5
dcb1122d-3327-4b6d-a796-78f9ed3f36f0,best app ever,5
3acc5aa3-5913-49b7-8de7-3b6977928823,world best app Instagram and best entertainment comedy attitude har tarah ki real ITI app mein aap bhi download karo aur aap bhi injoy karo ✨🥰🥰,5
77f1c02c-813b-4986-b67a-14aa3543044b,❤️,5
30b19bee-eeb6-47f2-99b0-5dafe09e8df2,"good but data will be consumed more while watching reels.In blocked list there is no search bar to search others IDs that I had blocked so that should be updated but in my friends insta there is search bar in block list but now she also don't have,we updated the app but the new insta features are not available in our phn😐 We had Blocked more than 100 but when we try to unblock someone that we need there will be no IDs and only showing few peoples IDs so search bar is not available in our(Insta)",4
0b82de7a-d510-478f-9197-56e4c3d862d1,mujhe ve support Karo please instagram please follow me or support Karo please no follow take bhej do please please please please,5
cf1c53e9-193f-4e5e-9c27-52e33f2b5025,my account has been deactivated and I have tried every possible way but not able to gat it,2
0d40e995-69bd-4028-9d7d-ad27dd6e9f91,very good time pass,5
78537712-3638-4f65-b774-d6afce6ee230,hang bahut jada hota hai kholne se,1
dd78a4e9-c26d-4245-83bf-38d3181327f5,Good,5
61074d9f-dcd2-4803-a520-1d8eb009f856,nice,5
1e44e62b-7284-4dda-922c-5292f35ff513,very much 😏🫠🥰,5
9ba5b2f1-39c6-4ce6-9bec-cbc94317a5c2,جامد فشخ,5
60849aa8-673b-4094-8d9c-834962650033,nice app,5
31378862-a962-4b40-a479-aeafd4785ea7,"constant bugs and gross interactions. I've reported blatant rape and suicide threats to be told that no violations were found. I can't view all comments, can't respond to certain DMs, can't fully hide people by blocking them, my keyboard bugs like crazy only on this app.. get rid of the bots and hire real humans, they're better.",1
7dd1e08a-5587-4b81-b4aa-13508002faa3,good,5
ada10257-7af3-4e9a-985c-05866cbb8bc0,nice aap 😁,5
e2815974-02d1-4627-bab4-f2dfe9b98475,👌,5
4ca51cda-9b0f-4d25-91b2-0291f1d5d614,🤑,5
ce0d0605-1529-4492-8c13-23a0838c5cb1,loveeee helped a lot with my dream,5
18c8baaf-ad21-46f4-bdf1-1361f2032d3e,really good,5
37423dbd-9480-4b78-86cb-c00c60a083ef,"Go to your authentication app Instagram problem प्रिय Instagram टीम, Mujhe apne Instagram account mein login karte samay ""Go to your authentication app ka sandesh mil raha hai. Maine apne authentication app ko check kiya hai, lekin mujhe koi code ya notification nahin mil raha hai. Kripya mujhe is samasya ko solve karne mein madad karein. Mere account ki details nimnalikhit hain Instagram username: [aapka username) -Instagram email: [aapka email] Mujhe ummeed hai ki aap mujhe is samasya ko j",4
de084607-8fca-4b53-a7de-a59332d1302a,nicee,5
7d992b12-e58b-4779-a9d6-48a0f5da233e,enough,3
94ba8ac0-4bd0-4796-9003-c257fe63165d,nice,5
62d6acd9-86ee-40bd-8662-5e1bfc535264,Suspended 7 accounts of mine without any proper reason and permission! My new accounts got suspended within 5-6 hours after making it. I had my business account suspended along with my writing account and my editing account. Those were a part of my content creation and a way of income. I'm honestly very DISAPPOINTED. Ban Meta Ai !,1
4a4738e1-de33-4a57-af08-52fe7ce1bdec,jindgi brbad krne ke liye best aap 😂,5
8c84eeb8-a005-4853-86c5-98e6594da106,nice,5
89e5b1c5-af06-4513-b58d-8be179d7946f,"If happiness had a rating, this would be 5 stars ⭐⭐⭐⭐⭐💖",5
0b55ac6e-b520-4f47-a433-6cbbd328bbfd,I learn bartender skills from intagram,5
7741e6a8-3d06-45f9-939c-fe17595deb99,very worst update,5
3a47be0a-02b9-4782-ba88-6514c23fb106,ok,5
04afddba-fbb2-445f-87be-527c771cc7cb,this is good,3
7c1264bf-e2c9-436c-9286-28df85c628c1,I can't log in my insta account I can't acesses my sms number even do I put my number and is not correct even do is correct? fix your sms I'm littarly stress out and I want to change my password and littarly uncorrect I rather even uninstalled this app so much how I hate that app fix your app rn...,1
50e8d8fe-4c5e-49a9-8659-5ee087a55ee0,Nice,5
3bdb7232-4d37-4448-a62f-248acb811873,please Filter Problem 😭 please Solve,5
9370e3fb-cea2-4bbc-bfbf-6cccef2d0df6,nice aap,5
b18ce906-2c89-4280-b58b-ede0b0173a90,very good aap,5
90fbacc2-3d9d-4236-ace3-f976edfa73da,acha ha,5
fe9178c9-5d1b-49c3-99e4-28327b495d6f,"It let's be connect with a lot of people easily, and the reels are very very diverse, same to TikTok, maybe even more.",5
ec4a4c8d-b43b-4bb1-a445-e77fef094325,good instagram,5
0cf14d30-4000-4fb7-a811-996ed416143c,good,5
33cb629b-8701-4479-829e-f0b5580d2fc3,Rwanda thank you,5
64ad7664-0e9a-4bbe-b559-4f111527b50f,Instagram is a good app and I really enjoy using it. But there is a serious issue that many accounts are getting banned without any reason. This is very frustrating for users because we don’t get any proper explanation or warning. Please fix this problem and make the system more fair. I hope Instagram improves this issue soon.,3
d38b10bc-eddc-400c-ace5-55316f76c6a7,with out reason accounts are going 🥺,1
814f7390-73ff-46e4-97b4-6c0edd363ee0,best app for entertainment,5
f239cc91-e037-4f4b-8fd3-7fc3e444323a,good,1
42b497d3-abf9-408e-bd47-60dbb2ab1004,maganda ito sobra,5
1b668082-9cd8-459f-bdc4-0c69de16a234,best wishes for instagram 🙏,5
4cad5748-d06f-45b2-97b7-0cb022b20f18,nice app,5
07382f1f-5126-4f7a-93e6-23f46d8d09ff,"worst social application , it has suspended my account without my fault and haven't seems to continue its support , whats the point when to use such social media when its community does not listen",1
f73b88db-c93f-4d91-aacd-b0aa67c2361a,I like Instagram it's 5 start but now they are just doing my account disabled for no reason I make new account they did that account disabled too pls insta community fix this I didn't broke any of your rules 😭,3
63a286c8-7afe-4955-8d61-97e7566d5330,very happy,5
848b6661-32d5-4ca4-8a3b-490b2ade962a,nice,5
bbf187ef-2832-4dd2-837d-7cc1f4f56518,i like it,5
e982f035-b0c6-4a17-b114-1fef78491e68,suxndu,5
9e4588c3-2e87-4dd5-b283-0d18046f638b,Great 😃,5
a25860fe-bfba-4ada-b92e-277f192e93db,best aap,5
da803387-aa21-467d-b5cd-d7f5bd0dbc61,Good app 😄,5
970ea712-06c5-4ad7-a1ca-50ff7310a1f6,very nice aap entertainment app 👍🏻,5
30c0c2f0-d9ad-4ce2-9e72-22aa8234b108,insta is good,5
af77655b-df77-42ce-a21b-1352dcaad8d0,Note Views option upload,3
8b4dd64f-732c-4d72-876e-77b5679de705,lovely,5
50e8fef8-4b65-461f-bea4-6ee7bd5cfa12,good,5
259dd03f-256e-4f9a-9caf-198655b45806,waste of time,1
826d7169-4ecd-4b4a-90a7-7c6205fd94b0,nice platform,5
11ffb965-8307-4dc6-b379-eb05c92e09f3,good,5
d12289c2-0c09-4290-b59d-357f0f69a57b,Difficult to edit the pictures and imposible to shrink them in the app.,4
3082c5df-01db-480a-b6a7-90a8a1c57133,"Too many ads! After watching one real then two ads are being circulated. In the past you could swipe these ads but but if you ""swipe"" then it opens a link.",1
5ac47af9-e7af-4c8e-803b-c630cc773404,It is very bad app harmful for children,5
000076d6-e554-43ab-8acc-df491c219ccf,"I use this app to earn money, Instagram had changed my mindset from 0 to hero",5
171a4425-4d70-42b5-8fdb-542348398f86,i sundenly get suspended i don't even know why fix it because it's connected to my Facebook account i can't even see the announcement in my school group chat.,1
875b31bc-86d8-46d6-95da-e54d6e244994,instagram is best baet my account pe views nahi a raha hai ab please thik karo do,5
c833b4a8-1ffe-432c-90da-b7c758a69026,super,5
ebd0c549-1395-4271-9be8-0e31ac6dfaa9,I don't have quicksnap feature yet,1
7fead686-79ad-42e3-ae0c-6689f0847803,good,5
1baf3bca-8a1e-45ea-9f02-d3e5f711ca63,bhout jayada MB Ka h,3
3952cf9a-9628-4eb5-acb2-4358b936c7fe,good 👍,5
5b40720e-23d4-47db-b7fa-2d0c04d4ee30,powerful,5
47c4bac3-8390-48c0-9db7-dad56c2762e6,"""Instagram is the best social media app! Reels are super entertaining and the features are awesome. It’s smooth, fun, and creative. Totally deserves 5 stars ⭐⭐⭐⭐⭐"" ""I really love Instagram because it allows me to share my photos and videos and connect with people around the world.",5
bd5cae67-4deb-4b7e-a614-cc3adcb992cc,Suspended my account without telling me why,1
f1649bd0-1b05-480c-8e98-3583687352f5,the best chating app,5
e9dcefc0-0668-490a-8c36-9d309865376c,good 💯,4
dd7c7b5a-1438-4289-a365-8f83a692bdd7,great,5
094b8ec7-2358-4877-acba-0373fe796a06,nice 👍,5
6af203bb-0a1b-480c-aae6-c9b3f0c82864,satiyama edha app yanaku neraya panneka adha epadi soladu kuda thareyala no words 😭💗 thxx Insta ❤️‍🩹💯,5
185f0542-7b4c-4f4d-8160-8fc8272189a3,very good experience,5
28d89210-fd07-4038-bbef-6f9e3cf2f117,"Dear Instagram Support Team, My name is sk samin,and my account username is thenababicommunity. My account is currently under review for verification and at risk of being suspended. I kindly request you expedite the process. I assure you I have not violated any guidelines. If I unintentionally made a mistake, I apologize and will fully comply with all rules moving forward. Please review my case and let me know at your earliest convenience. Thank you for your support. Sincerely,",1
f5343ca0-d9d7-43f9-b305-8249ef90bca6,💩💩,1
ed1fcd4e-507c-48c3-b77f-14ca24da4de5,nice,5
1ec9cd00-d48c-49e9-a747-950520ceba05,best app,5
009881db-37a8-4680-8f12-82e962d07dcb,"Instagram is perfect for sharing visual content and building a strong personal or business brand. With features like Stories, Reels, and direct messaging, it offers a smooth and engaging user experience.",5
a0359161-571b-4ba9-8ab8-48d88806ea21,Nice,5
d49ef6b3-107c-40ee-8ff5-9d8b822214bd,"the app freezes on the loading screening when I attempt to repost a reel to my stories. if my data connection allows me to watch videos without any lag, there's no reason why a simple repost shouldn't work but the app gets stuck at every attempt even after updating it to the newest version",2
3f121788-ed00-432d-9cab-290c8b0837f6,nice,5
35138fc7-d150-44f7-860f-523decac92f2,"what y'all do to my account i did nun when im using ig bruh, bring back my two acc pls or if possible just one only, im bored bruh ahahaha,",1
b5d4452c-0977-4a3e-888b-2e6abb7883a1,★★,5
2cc18822-6b4e-4217-a0b9-5df8c57d3e9f,thank you,5
a29bfa97-0cdf-4aa5-9560-0587d0914e19,good,5
36586fc3-07c6-4bfe-becc-ece63f940212,Great,5
8f4616ab-9fc0-4028-81f2-2a6becb4a0a4,super,5
92321c8f-c88d-4193-8053-5146be27e7ba,"Nine of my accounts have been disabled and suspended. I am tired of using this app because I just created a new account today, and after only a few hours, it was suspended. The notice says it is associated with other accounts, but I haven't done anything wrong.",1
5d5e0d0b-4ed9-4cd4-9d0c-06601ff9a6c5,hi Instagram Mera Instagram per video kyon nahin viral hota hai achcha contact rahata Hai fir bhi free rating star de raha hun mera video viral karo,4
3b58f03e-21be-4f1f-a625-4463229ebb54,parii 💁🏻,5
0f97ec81-9482-41c0-92c6-167360f35192,great app but not much to leave about yourself in bio. other than that it's great.,5
8e1382a7-1e0d-4736-869f-ae46bb66a1eb,it have many options,5
72fa8822-d7d2-492d-9c84-23ad6de1ad34,nice,5
546a51ec-6dcb-4996-8511-3169f0f80b9f,this aap is one of the best App,5
e27d1586-2223-44c0-8437-08c8ae340e0b,I love instagram,4
4e313b4f-330c-41ec-8951-c1f69a732767,Bad app,1
d8fcd53d-8129-4bc1-8e70-61beb1183c08,nice instagram,5
b356b524-9bf9-4258-a891-24ed6cac41db,💖,5
da83ba20-66b0-4e0b-a8b8-c2f3198464ec,Top Developer,5
1bf28a92-9488-4d97-98a2-33f334c04fd9,best aap,5
f5468bf3-d73a-489a-ab08-85f9da9b426b,always perfect,5
e5d45824-0671-4ec7-bbae-1df460826632,the best app.,5
714f41a1-58f9-47d5-8cc3-418b1b1690ce,very well experience 👏🏻 👌🏻 👍🏻 😊 muhhe to instagram bhut accha lagta hai lekin meri reels pr views nhi aate 🥺🥺 pls aap log kuchh kijiye muhhe bhut pasand hai content bana na but meri reels or bhut hi km views aate hai pls help me,5
979115c6-cb43-467f-bbc8-956afe599b1f,my phone reel not working error show,1
6c23d8d5-5c7c-4074-ad0e-35da06ae362e,good,5
5ace11d0-56d8-4eee-80c1-f926af910516,not viral my videos please instagram fix you problem,1
d742bf13-7c83-47fb-bd50-e2cd11e62d33,"Dear Instagram Team, my account (@thakursonusinghh) has been deactivated. I believe this is a mistake as I have always followed all community guidelines and terms of service. I request you to please review my account and reactivate it as soon as possible. Thank you for your time and assistance.""",1
d0c2c113-b4c2-42e9-a4ea-b0cee309592c,This is a amazing app and very smooth,5
73fb2c95-3638-4136-ba29-d771d2df1b81,activate my old account you have blocked my old account for the reason of community guidelines,2
7b3236ec-1b34-4755-b520-a12e2370ad15,very good app to wasting time,5
d8c798e6-0a81-49a2-9b01-8cbc5b6fc8a6,amazing,5
da0b2bd8-04d7-4c7c-bcce-ca55775ed468,nice Instagram,5
0cf7ce1e-d825-43dc-a6c6-ca5158ef70b1,Thank Instagram Team Support For ever me,5
f81985b9-56af-40dc-9834-e10d0372bc68,it's osum to use,5
86d7e30d-2514-4843-87e3-ee8ec88623db,👍,5
768a0166-fb2f-4ba5-8e1a-07c1867bdcf1,good,5
af2e30d5-26fd-4b6c-9314-f19ed4a1383f,instagram is very interesting i like instagram,5
dc5647ff-9f40-447a-b23b-4b91dedecffd,this app is wonderful and amazing 😍,5
5e79cc7b-a544-4930-b249-031c6a3a3110,why did this app don't have an option to off the play videos?.. the automatic playing of videos causes lag..i can't see any smootness in this app while scrolling.. it lags,1
a686a439-6074-48d0-8a7f-4e2c0a10dd30,instagram good 👍😊,5
b90b69e9-657e-41e4-9e6d-f77d46124c56,very hard to get exposure,2
11916530-1a0d-475f-91c3-4305a2da2104,i like ket,5
f47403ba-4151-4869-875b-e90259cabb14,excellent,5
39b34cc9-bc06-4046-8c6a-df37812edb3b,❤❤,5
c8614191-d037-40da-9f9b-921eaf5006ec,Nice,5
0d1d9c9c-16ca-4a9b-8661-47824813a2f1,automatic id suspended solve instagram plz 🥺,1
008659bf-237b-4603-a33f-186e6cd4c8cc,নতুন ভালো একটা 💐,5
863a232a-704e-446f-a1ce-94d2c92dc6a1,all is well with good working app,5
3aa0f382-fa93-464b-9996-cafe53ff1ffb,trending,5
77d7e5fa-b914-454e-af7f-5c75d1137e6d,"Meta needs to add Edit nicknames feature on Instagram even though the accounts are no longer following each other. Since, there is an account stuck with a nickname we used to give and there is nothing we can do about it because we don't follow each other. Already asked the other person to change the nickname through their account tho but they don't want to. You guys really need to fix it",1
24bfbc97-ba3f-4b91-a6e5-f664e20e6699,nice,5
15f04a6f-e762-434b-a3e7-81565aeb1eb4,vansh Good,1
3e65b606-0f2c-41e9-93ab-bb2a01c86d48,amazing,5
cf1a095b-4eb3-4a12-8f25-d507cd2b46ef,nice,5
c5639b64-545b-470f-b904-61206ca17fef,my all id sespend without reason,1
827ad7f3-b801-457a-885b-8978b5f4dbf1,nice,5
66082133-a742-49e7-8645-2d4547fdaae4,Very Good Anthony M James,4
4c840c9e-de1e-4b29-b22b-a22800d467c8,Its was nice and it can be very nice if it will be updated,2
c1eba5fe-dddf-4502-b742-01bf23f16c02,best social mediaaa,5
e7165f22-498c-4dc2-b205-c04af08923ac,good,5
0e70363e-e5e2-4a39-b8d4-79983d1a4029,this app is very productive,5
eb415a81-d05f-4da5-8979-dc5eef13a04c,उम्मीद से ज्यादा....,5
9d82b987-ecff-4846-8d7c-991c40e460fc,এটা খুব ভালো app,5
614b2e6b-3d4a-40fa-b5f3-fe7674b7fb14,very good app is,5
11ee29ea-d6b7-4485-ae00-7c9e996ac6c2,"“Dear Instagram Team, my account (zubbu._.002) has been deactivated. I believe this is a mistake as I have always followed all community guidelines and terms of service. I request you to please review my account and reactivate it as soon as possible. Thank you for your time and assistance.”",5
9d5fb2ea-3b85-40a4-a096-2326e1d891f4,so far so good,5
77028a07-24d0-45ce-8d54-5cb02d75daba,very nice app 👍👍👍,5
72f847eb-1b3d-4fb1-85bc-43979cac90ae,Every new update makes this app worse and worse,1
9087b096-295d-490f-90bd-ee86d5c72247,my Instagram account was unfortunately disabled. without any reason,1
d3df4c8b-5ba4-48c5-8dfe-de8f050afa39,good,5
cda53912-d825-4cda-be99-e317ff7c0374,As a new creator please support me I want support...🙏,5
fef6bb85-671d-4592-ae94-97c80b5afc31,It's not easy to know who visited you and what they are,4
0e31c2d2-2761-4166-8240-f7e21f3bd7dc,🙏🙏,5
d2f74770-ecd5-496d-a814-4bbf8c1bb36b,❤️,5
35ca7cdb-603f-4ff4-9dc9-9950ac2e610c,good 👍😊,5
2ba321b3-0c48-47a0-aa1a-8acfd8ad8a83,poor app,1
9d305b96-19e7-43ff-80a5-34c33b63f6be,Use full,3
67a2cd5a-f7ce-4717-8ed2-6121f3e798fa,this is memory pic and big a movement and your special day 💓 😀 share friends ❤️🥰,5
042d1af7-79e7-4457-af73-b28d2fa34477,🖤,5
a6b366fa-a5c7-4bb1-b857-93233c0d76de,good,4
cf36a986-1222-416b-a408-291ab2dbc839,its just amazing app. I have ever seen before..!!!,5
bd56e77f-5b85-4b87-8336-90720c288deb,This app is a good,5
e1a5692b-5bbb-43ab-b2e1-eb3f1383a455,Good,5
1a18abbd-3652-4be2-aa54-6b2e55ddb25b,good,4
0a7ef0ac-4541-4729-b42c-6515e0ab26ca,great,5
8e42d7be-cc0c-4dd3-a13b-2fbf5ffad198,well ♥️,5
ffa019f8-5406-4113-b6a8-27cd45e99f52,Excellent,5
76b74e59-93cb-4f05-885b-7f85304a8ddf,nice apk,5
6dccb79c-f52a-450c-8bb3-16d56964246d,this is the most app that is gud,5
653782d7-2c33-4a99-b74a-b615580ab6a8,nice app,5
e46c83ca-cb86-409c-9a6b-afa03608969d,A very good app to extend your business,5
4bd69cf9-29d2-4b65-9464-6384351ab0f9,"it was fine until they kept changing stuff to make it worse. I mean sure the pause button is nice but not you can't full screen the real by holding down and the UI is getting worse and worse. the apps full of AI content and content stealers, and it just makes it redundant to watch reels. I used to enjoy the free time I had with some reels but now it's more frustrating than waking up in the morning. fix your f'ing app man, seriously. at this point FACEBOOK, THE APP FOR OLD PEEPS AND MARKETPLACE..",1
6370b6b5-8489-4aa1-bfa5-541870179db5,best app,5
a811b9d4-5e46-4633-b2b2-2a128a93e9be,good app,4
f14ef7cd-73d4-4c57-889d-1a144acc2eb2,jaan,5
5094f43b-96f3-49d4-8500-5538ab4400fc,fantastic 🤩,5
bcffe405-0de8-482c-9e9b-713c85ad9d89,"I never used to do this, I had just created the account but now that I have done it, it is nice and very good.",5
9de494d1-6468-4940-83c8-0c27cd2ddf9a,very nice 👌,5
0ea3d141-3f7a-409b-bf65-ae136f9b34fd,viry nice app,5
fbf98f8c-0b80-4b6a-b5fc-a5061ced3668,It is very helpful for humans,5
fdd27b6a-4965-400b-a54a-0d19e5d2fb30,GOOD 💯,5
1506c562-b415-4035-bce1-fcfc029c0650,"As per the Instagram user, I would like to share my experience that it was the best communication and problemless application. It was the most friendly application as it also make easy to get viral in world",5
d73ad5b8-147c-4cbb-9e50-f6662266802d,Dance and content creator 😁,5
fa481f37-1a69-4d79-b651-369df3913769,"instagram removed my favourite song ""Spider"" by ""Hoshi"" from SEVENTEEN.",1
530455de-6f0d-4e10-b5df-ad78061c6bf5,good,5
b30951b9-26dc-40b5-a44b-d8c26224ca08,It fits my algorithm,5
addc84e2-1ac9-4897-bc5d-d5c7710b9207,"Repost button is an annoying ""feature"" please add an option to remove the button.",1
8b6c5719-06d9-402d-b902-77286b885651,Instagram is amazing I love this reels short very interesting😊,5
50d0239f-0163-481c-9ad9-7f3ae2e45996,everything is good. but my Instagram isn't getting the direct WhatsApp status,5
f951f2b3-5dcb-4a27-9122-df95f418ec51,feed no refresh problem,2
54f65f53-bc68-4db4-a504-7f6f927e5dd9,good experience i love instagram ulallaa,5
6f46a5a9-e60c-49f9-a1a3-85501cb2139c,এটি খুব সুন্দর অ্যাপ .🫀,5
5b5a364e-2887-4648-94a7-997069f015d9,"Instagram used to be a great app, but in the past few weeks, many people's Instagram accounts have been disabled for no apparent reason. Three of my accounts have been disabled. At first I thought this happened only with me but when my friends also said that their account has also been disabled and when I checked the Instagram reviews then I realized this was happening to everyone. I think Instagram made a mistake. I request Instagram to get it fixed as soon as possible. 🙏🏻",1
60e36375-081a-404c-8e5c-523f32a0a4f7,very nice,5
1c92a1a1-d06b-4f2f-9d7d-d30605fd3188,good,5
d7388a88-74cc-4e2e-870b-dd9f8792891f,the setting to hide ur likes from friends don't work got caught liking memes,3
81371804-76d0-4549-ad8f-d87f35669d4d,very good,4
0273ea45-27c9-408e-a424-581216617b69,good features,4
0b2ac9bc-0f44-46d8-bbc5-5442bb10e8cd,They say a picture is worth a thousand words. IG is the best way to tell your story.,5
4bea135f-3c7b-4b43-b600-55ccb8ed4ce7,not downloading for my device,1
10818f4d-99d1-4a4a-9b7a-4350fcc2bb25,"Your AI moderation sucks, it's faulty and over-sensitive. I've been suspended multiple times even though I did nothing wrong.",1
30105a4b-eead-46d4-86a9-9a18c8e10122,Ok,5
988146f8-5fc9-4141-a3af-e305e5c97417,love it,5
5a0ca29a-2cf5-4bea-b0ce-abaaa767d729,"Besides getting stuck in doom scrolling my app got suspended with no warning and no way of appealing(I did but then immediately got deleted after that) and since my Facebook account was connected to this account, lost that too. Looks like I won't be using this app anymore.",1
770d3e10-f78d-433a-acd9-f177c1aca45d,good for entertainment,5
6c5493ad-ed23-4ab2-8c3e-b01af2a47942,nice,5
d96b5118-fd6b-4f0c-8047-237aa3cb30ef,lots of fun,5
8ca83fbd-1b26-45a3-b921-c092f11ff1fa,amezing app 💫💞❤️😍,5
496a2ffb-f9ee-4bdd-9e12-9ba0223c2c0f,it is the platform of emotions,5
4cb9d2b1-5e64-4273-acb2-2964667931c3,nice,5
e2e5952c-20fe-4927-a512-d7875cd37c9e,good👍,5
ea4e68df-2d6c-497a-b0ae-50093a0b4a93,BC I had being waiting to get a call from them since they won't send me a code and on one called,3
3733c6d7-deb9-44fb-9a63-cab0976318ec,incredible 😊,5
eda6c5f5-4223-4fee-a034-92add24c71a3,super,5
c0aadf14-17b0-400e-a1b4-569a254374ff,good,5
82d46dcb-6ba4-40c3-92de-f74f602ff4f8,this is the best app to upload reels,5
8d739c47-5bc0-4c77-be65-12a56b7df5fc,Very nice social media app,5
e309844d-4903-4e48-85ff-c759248c4fff,I love instagram,5
5639a6cf-87b9-46af-963b-b438eec6231a,ek no ka time wasting aap h,5
881289f0-ca43-44f1-9d2f-0144fdbc920e,good,5
43b0ab93-e51b-45dc-9563-8cffbbec74a2,Instagram app badiya he lekin I'd shadow ban ho jati he meri I'd islamiccontent43 he or use shadow ban kardiya or mere I'd bhi pehele achi thi,5
aaaf98c0-2b14-483b-af35-8c677ec1a613,followers,5
e7c3f183-77e2-4bce-97a3-e47dceeb655a,My Instagram had no filters,1
b891552b-c829-49dd-83da-6b4124b29bbc,👍,5
6256aa22-9263-4caf-8f6c-2274795b8d34,when you hold screen with your finger the words don't go away. so annoying! please fix,2
fd7306ec-88a7-498a-ad67-eba11a4b147a,why can't you hold on a reel to remove caption and overlay anymore?,3
aee627ad-de1b-4c70-8c47-f29c0c21ac00,itzz good,5
03ecffde-615a-4b28-ac3b-619843d3477f,instgram ne meri id disable kar diya and recover vi nhi kiya 🥺 meta support team vi kuch nhi Karti hai 🥺 sab log bas faltu ka baat batate hai 🙂 sab log please instgram use mat karo 🥲 my disable I'd @subhu_editz._,1
caa2907a-297d-4ee0-89b6-9c02216241c1,please allow to use original audio on reel please don't remove it from the reel .,4
96b52dc8-b190-4e88-8bcb-177bd70422cb,Nice app for information,5
44ad1238-7436-4886-865f-cb5f42b51667,It's very easy to communicate,4
50aeccb5-f5d3-4693-bd2c-a962f0f69ffa,I just love using it,5
741c8389-9c1a-44d7-8c1b-b4efb7f67f18,very nice app,5
c09993df-60fb-43a5-9828-95a09fa8f398,i love it❤,5
d6550301-62d0-433e-9d0d-2adc05b67693,Best app,5
26e49dee-8f95-4ed1-9ef5-1d99ac3fdac7,ᴠᴇʀʏ ᴠᴇʀʏ ᴠᴇʀʏ ɴɪᴄᴇ ᴀᴘᴘ ɪs ɪɴsᴛᴀʀɢᴀᴍ 💌,5
6066bc70-67d1-40a3-a549-5586ed60378d,very bad,1
8d0a01a9-4692-44c3-820a-4e122b07fda5,My all Reels viral 😭,5
f4c2bfec-4acf-4034-bcc5-6a03a647616a,i will give it a 1 star....... the ai is suspending my accounts continuously since the past month I can't log on to my previous ones 😭,1
598b6ec2-d065-42b2-9ecc-f1cfe2a16417,thank you for instagram 😎,5
7bc80390-921f-49e3-8253-43e8088838ca,🫀🫶,5
bb0a5fe7-c22b-46ad-8d08-e2a0ae5cdb0b,Absolutely perfect for wasting time and seeing what your friends are up to. Frustrating to be unable to scroll past ads as quickly as other videos.,3
4af2a47c-e27b-490b-97d6-c3009118ef15,theek hai,5
79d70d28-df68-4e97-b3cb-0a22590d728c,I enjoy all the great photos and videos. A lot of new Trolls on here who are out of control. Update: Many of those Trolls are gone now and it is more enjoyable.,5
8cd76592-a9e8-4a21-b39d-2ded754abf66,this is good app,5
14f49c1a-c682-4de0-b0ab-2fb5b7e0db93,very good,5
03c5efb0-3531-49f9-8073-4623c0d08ee4,u r very good but plz share my I'd in world wide so I can get more views and followers 😄🙏🏻🙏🏻,5
b858e827-4bee-4ed7-a079-9574fc0b016d,"Basic features such as watching Reels lately have broken entirely ever since most recent update. I can't even watch a video or listen to audio. Cleared cache, reinstalled app, rebooted phone more than once, and videos have straight up broke.",1
ba5e62b3-99aa-489e-82a2-ab5ee0ec7754,good app,5
5e150da2-1201-481b-841c-f1d78bc73cbf,"awesome app for reels, connecting with people",5
7d0ebe71-1b04-4f4f-ac5a-bb2ccecd1d10,worst expiriance desabled my all Meta account not even getting appeal options for uplode my ID proofs,1
885df04e-dbdf-4395-a4c2-24ddc4f43b2a,good,5
adfef839-3030-43e3-bbdb-6d7033dc62fd,like my life life,5
4928f6a1-ea18-4912-a526-63dd6d9d581f,❤️‍🩹,5
978ac77e-a662-4325-bb67-c3ef33438309,It's vary bad,5
20fe4e13-5161-4c0a-8ecd-ac30dae9371a,👍🏻,5
8c262a52-cb92-49f5-a926-6f196c6b8cb7,so cool,5
8281f03c-74a2-4a62-b96d-a3218673ebee,सुकून,5
1c1071d3-730d-4ea0-bf0d-732cbac11520,Mera Instagram Mera Instagram ID band ho gaya hai vah Wapas chalu Nahin ho raha hai usko chalu kar dijiye,3
4bc9f803-040a-4030-b4b2-a003a5ae2696,super excellent 👍,5
775a18be-0743-4277-aa45-e330d8f9fc48,best Social Media App,5
9b480b26-a27b-4afb-9c75-ebcb77d08922,rate for instagram 5 star ⭐★,5
437fe7b4-267e-48c5-af57-de87a98d5071,Story not dawnload please help me 😢,5
fa4e75ec-9928-4db6-8644-77860fa7c3c1,im happy 😊,5
75085d4e-f595-413a-956d-107a5d1a0a94,"Nothing but ads ads ads, and manipulated feeds. Never see friends posts, because of the algorithm controlling feed. Why even bother!?",1
81477163-a5c1-40e8-abf5-4092bc675628,it keep disable my account for no reason and I follow the rules,1
26ca34bc-659e-4852-9b0a-2190d5ecfeb1,"You have suspended my account without any proper reason and then when I appealed then after 6 days you have permanently disabled my account, I had many memories and many unforgettable pics and videos in my highlights which I will not be able to see anymore and therefore you guys don't even have the proper customer support to talk and know why exactly my account has been disabled this is too poor, You are now just an commercial application which runs on the advertisements, HELP ME ACCESS MY ACC.",1
e5fde5c0-dc25-4a5a-9955-ba1dd00d1bff,yes I'm a on opportunity to seek new sites on my life visual me for new awakenings my life,5
681afc6d-aa27-421d-8e00-c1276200b421,its a good app,2
de240406-b341-4731-a603-1f05db163f00,im loving it 😁,5
472107b5-1d4e-4935-929e-6ce8edb28ecc,best app ever,5
9d284462-c89a-4436-8cc0-c78ae29bcba0,West arnik platform me to 5 star dedo Eshwar platform ko 😎😎🥰 my insta id furtila player,5
d8029ae2-88d5-479a-b45d-56cbbfbc6f3b,this aap is so good for social joint and marketing 🔥,4
33fda9d2-420a-4a9b-8a72-edfde63d5f3f,amezing🥰🤗,5
5a5f5127-b80f-47eb-95c3-8560594e3f52,Please help my Instagram account not sent a massage like and comment,5
792376b1-d73e-40e9-b723-71683babc7e8,😊,5
688b3ddf-7262-4619-87a3-6baf034a5d45,bahut bekar app hai is par post karo to lage gata hai lekin viwe nahi ata hai bas,5
4b2e9f18-ae8b-4a4a-b1af-0fc60c702f44,❤️,5
31ac6396-3844-4ba2-8d25-db35f456aa3d,very bad experience I have . I have been having problems to sign in🥹🥹,1
03308efe-9a5c-4424-be0f-862ef7634249,❤️‍🔥,5
d3543f56-afd2-4be2-aab7-03ad70258773,👍🏻☺️,5
6003406b-5f37-4432-9bb0-f3d7e2cfb714,mast hai 🥰🥰 i love you instagram FEMLI 👏🏻 ❤ se thanks instagram FEMLI मेरा कमेंट शो नहीं हो रहा है,5
e3123d4e-dc65-4c0e-b060-9dd6a60f6cc4,meta suspend my ig account without any reason or violates their rules and also my Facebook account. i will give this app 1 star!!,1
1a44af5e-39a9-414d-9361-95ecda387a43,very amazing and enjoyable app,5
22383bf0-c236-451d-b8d8-ebb2f89c8f83,bad aap 😡😡,1
5ac2ccde-9f96-489f-98e5-d35109cc53bc,very nice App for contacting every one easily..,5
43a2591e-1a11-4b06-80a8-8e1af5bcc106,😘😘,5
ce6da5c3-7dff-4689-be9a-1b6f767eed92,this is very useful and entertainment app,5
49222f4f-67ac-4eab-9e0d-8e509260f306,👍🏻 good,4
56b496df-e283-43af-998e-e542d20faf7f,suprb brother,5
656271cc-7d22-450a-9a61-a10776173294,very use Vul,5
38e1519c-155f-4a6c-9623-e5149950fd59,nice,5
b41b1dbe-30ea-48d8-9436-4cb8961bacd1,keep getting suspended,1
ef179bf8-d4dc-4e43-a9d1-3be2a11c89bd,he's a good app very very,3
814ce5bd-21c4-49aa-b187-f58b52bb8b0d,very bad 😔,1
873311e6-ca11-49d4-8274-bd27da1e9667,very good 👍,5
5a3e03ab-530a-40ea-b6c4-a941eadd8e27,👍🏻❣️,5
9af36362-d901-4a06-9af0-6d3da1803a3d,very good 💯 👍,5
06e2b216-72f0-4ed3-ab36-7f95a4307346,nice,5
e9186995-70ca-42f3-9cf3-0d48a2836e08,good,4
1476f941-3118-4ec1-915b-d83f5cb110b8,i can't tag or mention on my post,5
1c326e30-0bdc-4e66-8153-1a9f78c70e4b,Love this app,4
7d6348f9-a7d7-4535-ba7f-3c94e6e517d4,tame pass,5
742ac527-5059-4c3a-b2d3-2c86c0740165,Nice 🙂 App 🙂💯,5
154c72ca-7349-45de-bdb3-211d05cc956f,gorgeous sweet,5
66b3daf1-cb88-4125-8e4d-80f4fda73284,jindagi barbad bachchon ka 😅🤣😭,5
55d2c86b-e5b3-4ba4-8062-1dde529e33f7,it was fun I can see the post of my favorite singer and more,5
6fd5a5ca-4f30-4cde-9338-aba0bc34111c,every time instagram suspended my account without any reason. i am frustrated sooo i report instagram and did not use anymore 😒,1
ef1fb00c-337d-4914-9252-3cb1bbe15902,Slow loading. Little traffic.,3
2f014637-9de2-49ac-b535-357127c75498,bahut achcha,5
d5fed4ca-6366-412a-a2f3-13898675b58a,verry good,5
f1d2305c-073e-4396-9e22-4b1b10aa3983,"Best application, which connects us with different kinds of people",5
9ac44a5a-45b4-452b-b0b0-65678d1f23d9,awesome,5
a09eddbc-e259-4ab1-8ccf-b5a1766bed6c,waste app it is always showing incorrect password while typing correct password that correst password typing in chrome it is login but in instagram app always showing incorrect password,1
dee74741-82ae-4d31-bbe0-f8ae23213a96,good,5
b0c22825-01f4-46eb-916c-74c33a4ca929,good app,4
347bae33-e06c-4e7f-8a6f-de2906b37066,video High quality and #1million view nd 10k followers,5
3a8915ce-ccf5-4314-972a-91244478a404,love that I can be even more closer to my friends even if they are far away.,5
2d862888-8af3-49a7-9d7d-e084c7be3b22,very good,5
6bad11d0-0479-4924-93bc-3621a0be0676,nice,5
7012a674-8683-48c6-9935-6e629cf0ac6e,nice app,5
a89c8fb9-5c64-4a13-888b-932d15151f02,Looks nice 🙂,5
5ec7aa2b-eacd-4d89-bc6e-45db7ecc569e,hi sir ma Aasif Mewati ok sir thank maa ne kaha ok bay of Bengal the game नए-dk ka game 🎮 the best of the best in the world,5
cc8dc9aa-22d6-4242-8a10-696072a79f9c,instagram ⏳️😔,1
7c5fbcb3-f464-45e1-9996-dbef975b2211,NO INSTANT,1
37431c0b-df53-446b-864b-b8e69d8ff967,igmy acc deaactivated by u plss return it,1
2906728c-0024-4f31-b1af-a003be656dc0,this is app better but People also upload dirty videos here which is very bad.,4
299709b0-3550-4e54-b5b9-243b1cbbac1c,its good I like it ❤,5
9a24cad8-5806-4b05-8a16-409600c2e326,"Hi there! Appreciate your comment 🙌 As promised, here’s the link for you ⬇️ “Dear Instagram Team, my account (@randam_b9) has been deactivated. I believe this is a mistake as I have always followed all community guidelines and terms of service. I request you to please review my account and reactivate it as soon as possible. Thank you for your time and assistance.”",5
661624b8-4997-4cb1-91c6-03e74e6e7d4c,ye app bahut bakwas he jo kabhi apne users ki nhi sunta jald se jald mughe mera account wapas chahiye,1
f881331e-5bb8-48bf-88a8-018aae008a67,I'm not giving you my id,1
90783756-3530-4fb1-b974-b1e2f9a7c89a,bekar app hai Bina galti ke ID ban kar deta hai,5
c27dd3c2-7da5-45f6-93bd-c3b35a9fe9be,beautiful information thxs,5
6c69ea4a-388c-4a8a-a28c-6afdc9545e1b,very high pin in the app,1
318148b1-1e85-4848-b8c3-8f233bc1fb2f,so bad it's a really bad app in 2026 I'm going to delete Instagram I don't what happened to Instagram in 2026 it banned my really old acc I have it since 2024 and it banned it without any reason I don't even post any vediis or pics I js only talk with my frnds respectfully I think instagram should delete this banner thing or otherwise it will going to lose its income....Instagram delete this banning thing please or otherwise I'm going to tell my all frnds to stop using insta and delete ur id...,1
666528ce-18e1-4c13-9659-e36a525d89f3,Instagram Best App Hai. Instagram Pe Growth Jaldi Milti Hai Aur Isse Paise Bhi Kama Sakte Hai Ispe Pages Ko Monetize Karke. 🤑✅,5
b0c36d02-43cb-4a3a-93c1-2938f234d2d3,I do not have activities that violate the terms and jeopardise the instagram security system. I beg that my account can be reactivated.,1
5fa21158-b2f9-4cfe-a009-0e2fcffb93c3,wow my Reels mr.rakib.khan short video upload Daily and foryoupage you thanks you for Instagram,5
65d338c7-138b-489f-84c8-9d2b6e8128e9,doing good but stop disabling people's account,5
3eb9e342-6ae2-498f-b26f-c2991482476a,good experience good 👍🏼,5
1427b918-4f6e-41e3-90ff-b31ed3914bfb,It is a very good app but my followers are not increasing.,5
2b2ed465-b4b9-4e26-860f-d4dc673e32d9,Instagram good,5
7f83ff7c-2191-45e6-8ddf-dcd3de64bd1d,let open app or phone lag,2
3ff6bd33-32d6-4c34-aafe-ccd7dc33b2dc,"i cant log back in anymore, they need to fix the issue of when you get suspended and then appeal, after that you cant log back onto your phone",1
edadec2d-9cc9-4ff1-a586-5436eb1b6998,I SUPPORT IG FOR FREE,5
970ace74-773d-45d5-82df-2e3ba0bcd01d,great app,5
fbd49bad-7ef3-4d7f-a598-b4ec8fe63af2,bro why ? why my I'd suspended without any reason 🙂,1
449da2f8-03fc-4a57-ac5f-6d118c070f20,"v nice ,",5
dfeb75d8-4397-466f-a731-848151d8e7eb,good 👍🏻,5
f69ae24a-459b-466f-90c6-1c8329da7a86,no words man amazing🤗,5
325bd768-890c-410e-b786-8413e7d03bc4,it supporting me as content creator,5
3a059314-873d-43cd-8a5f-a617ae4ba566,The best social media application I've ever used😜😜,5
0d8256b2-c04f-40fe-b71f-e4b06c13d3ac,I believe this is a mistake as I have always followed all community guidelines and terms of service I request you to please review my account and reactivate as soon as possible thank you for your time and,5
ad987597-791b-4cd9-9608-799f6966b708,super,5
dbde0b48-bb4d-433c-ae8b-b4de7b3833ed,the worst app,1
349da425-acae-45cc-b5f6-a6dc43ad49c6,super,5
0d268682-bcaa-4355-9e2a-5fe064917985,great app great for social media and meeting new people who agree with each other,5
9e03bf39-aee7-4534-8fc3-7fa7d16a8d6e,i camt even login useless,1
b2838a77-487e-4846-a02c-52bd0adb60c9,👌,5
e1d9328b-ac99-4827-bf29-a9a678a4bfe5,"Subject ""Greetings Instagram Team, My account (yourusername) has been deactivated and I have tried every possible way but not able to get it back and I believe this is a mistake from your side as I have always followed all community guidelines and terms of service. I request you to please review/ analyse my account and reactivate it as soon as possible. I have put alot of efforts in growing my page. Thank you Cheers (Yourname/ userid)",4
d48b6d07-f6bf-45ba-88e6-9ace7470defa,worst app ever my life,1
1dcbafe3-1977-4db6-aab9-d4769cc18ef2,LOVE IT MANE!,5
38c32ca8-7536-465d-89dc-a60c79870681,dear instagram team my instgram I'd hack is not but not available view' please check my account is not coming follow thanks 🙏,5
cde0acaa-7f19-43d6-8c91-a7c86504a4a5,ok,5
663f94f9-0053-41e0-bff0-9c9bd91b6a09,nice app,5
ea11a724-d95c-41e5-a936-a0bc9d5c5101,super vision,1
c991526c-b149-431d-aef3-8329b2f580fc,good,5
1288c588-b5d5-4bc0-9c7b-35a3f5c89325,This app so amazing ❤️❤️❤️,3
6b84d765-d3cf-4942-9675-13b00872563e,good,4
5abf7204-dcef-4c04-a07b-433d6b248ad1,good,5
eeba38e4-b3e5-4378-9051-17d6f6436a3e,🥰😩😩😩😩,5
67bf61a5-6a44-4c5d-82c3-85e09c7fdd9d,good,4
2f236d39-67fb-4155-8135-d3cdcf5745c1,Bad aap,1
8d6b8830-e16a-4aef-bfaa-531f5821525d,Please optimise Gifs! I can't see them half the time.,4
97689c20-1cd5-4776-847a-81a9ff80f00d,PLEASE fix the app so it won't turn up my brightness! It melts my retinas at night! 😭,2
b816f2dd-926f-48dc-ba2b-81ef5f5c16eb,nice,5
67ef9457-0903-4b56-87b7-ea1d0baad411,gajab,5
bf9e45fd-7a25-427c-946f-52ea3ff62635,🥰❤️,5
1c71daf5-7a6f-47f7-8a5b-9cafe6ee3489,overall best earning 😄,5
84f03a88-780a-4fa3-a4b7-a33d3ba1a574,features bohot ache. hai best hai.,5
2e468f1c-2552-42b0-bd20-8fedcffadf6f,good,5
d36953b4-29d3-4498-897c-59e8ed435a18,perfect 👌,5
e316780b-dbaa-4b85-b50c-86ec83d41c60,Experience is too good bt I want insta also support us to So that we can make it a good means of earning.,5
e66c3ef2-9603-4e33-bc71-822898b75dea,network issue,4
cc7a6bc1-6c04-41d2-879e-8d41b559661c,"The inability to pause a video, coupled with every reel automatically playing audio, has just made this app painful to open. It's just a miserable experience.",2
5a049aad-f0b5-4c67-9001-0ee27dd8eec0,very good,5
70526cf4-5904-4f72-b7d8-29bdc3283e7d,"its instagram, beat for what it does",5
4582412b-f485-4695-a311-457788845bc2,🙌🔥,5
d652dedb-68a5-455f-b2dc-3984c95c635c,"🗣️Ever since I started using this, it has been malfunctioning. Why does my ID keep getting disabled? Please, help me recover my ID. 📍",2
8a559860-eb3b-4771-8202-3417a9afabf6,Satisfied,5
d3eb8b4c-26ab-472b-a96e-ed7f03ec7cec,motivation reels,5
087b74e8-673e-46ff-a233-48834d95f909,very good app to use I like it too much,5
b3b1436e-1b83-44f7-8f9c-b7bc16b59d57,instagram makes me feel cry because the girls were blocking me every time when I message,5
2873df1d-eef9-4506-85b1-8ea77b5800de,so bad app😡,1
25dba73e-fc74-46c5-8b14-819457b5a7c5,nothing special,3
8e7ce10f-cac8-4c53-940c-055692fa3575,Very nice app l love this app,5
faed537a-f4c0-4380-9060-115ae1666610,good,4
3271608b-3b54-47ab-9634-afc8cb875c36,good,4
7b1ffb50-779f-4a60-9853-40f4994c1765,op app hi khadee,5
908a7512-1513-4c29-bc48-99e9a2c832bd,super,5
bca62556-86e7-45ed-b669-8a080954b855,"Dear Instagram, I am unable to use Instagram properly right now. I am just a normal user who uses the app in a regular way — posting reels, liking posts, and commenting occasionally. I have not violated any rules or guidelines. However, without any clear reason, five of my accounts have been banned. Even my personal private accounts, which I barely used, have also been disabled. This feels very unfair and frustrating. Earlier, around 2020–2021, Instagram updates were much better and the platf",1
081066ac-beca-4806-983c-2a560551a0ab,literally love the app my favorite part are the memes omggggg😋😭😂💗💸🖤,5
abab038e-ed5f-4c2b-8ff3-02fa5cb9fc95,Nice,5
8291bb0a-a6d1-4457-beea-63dff885d027,rather have the old one,2
e51c5e94-c11e-411c-a79b-430c3f8f63f2,very nice experience i love it,5
2ffa873c-e25c-428c-84ce-8652a50e1f35,"I cannot open/see my Instagram friends stories, why is that happening? please fix this problem as soon as possible.",1
24fc4bee-7da5-4d3b-aed0-759a4c7e5e2c,I love it so much,5
bd53fa67-61b6-43af-8615-4d85641d5572,Just don't give your information to know one and you will make it work,5
b5396ec6-1f42-4672-ac2f-16b98ed079ad,very nice,5
ec01aa0e-98c1-4dda-872f-3e0d2a022905,super video (i love my instragram)😍😍🎤सिंगिंग माय flowrs nice 💕💕💕,5
729f5ef8-d293-4ee9-b2b2-57903b30f049,Repeating comments (infinite scroll) is disorienting and not welcome,2
5fe7c0be-6e6d-401c-ae26-1f56849350af,achha hai,5
b3c26a32-2c7e-4b23-9e51-8263e9cd346d,"perfect 😃 aap for failure student,are padhai karo 😆😂",3
53e46954-063f-43fd-b00b-d6b52ed3f388,too much bs to write tbh but I've been asking them to allow comment editing for years and they finally added that so I added a star to the rating. it's a love hate relationship I guess,2
502d5b66-46eb-4f29-817d-5ac0c89aa8ee,waw happy the instagram,5
409ff325-a196-466b-91f4-512b94681a24,Tahdi,1
c50b7f34-80db-43f9-86dd-163d55ad1c3f,😇💯💫,5
f02b9da6-484a-4886-9df5-1bb7b0e75ddb,This new limit of 5 hashtags is OBNOXIOUS. STOP TRYING TO BE TIK-TOK!,2
59e1775c-0f4f-4a10-9a70-d5037e7c2abf,Its a good app,3
46b3cc1b-af71-485d-af84-10c91463efd8,it was more usefull us it was very creative,5
4373bbb8-fc5d-477c-8123-c72364e7f5d2,Good,5
62716cf2-6e6d-47c4-9f05-d97f2185aadb,this app is absolutely horrible. your account gets deactivated/deleted for no reason. you can't speak with anyone to get anything resolved absolute worst,1
72c46dfc-8049-4dce-b5a8-e566d783ab85,❤️,5
01f6123b-4df5-41e1-81c8-bc7b335a22b6,this ban my insta without any reason 😠,1
0073b459-18c7-4f8d-b61a-defac22d84a5,intergram can you please tell me why when I do not like a reel you reported this has been reported. why do you keep putting a reel on my screen?,2
ac1a623f-2980-4d6f-bec2-8d2e485f7c16,it's always been awesome,5
7ae81b36-1d2a-4125-beb6-1e4729f3cbb8,very nice but I m new n still having hard time to see how to change a music with photos or erase photos.,4
f27bb0b6-a9c8-4d05-b4ed-60978957c3bd,wonderful,5
db7aaa4b-edc8-4fc1-a50b-5acbfbee26e0,i love instagram,5
d031b7a7-043c-42ae-b9d1-0d3c8ce3ca6e,good vibes,4
7ae7069f-a3c7-46c5-b1a0-572370641c72,it's a funn place and also a place where you can lean from,5
3cbe4577-4eb5-4498-bf08-5cb9cd2243d4,great 👍,5
cd749e77-1683-46c0-8828-535ac118f052,"My Instagram account has been disabled by mistake since March 27, 2026. I've been sending emails and appealing it for days but until now (April 13, 2026), they haven't restored it back. Please, do something about this Instagram Team...",1
60ab9e9e-4532-4528-9b36-03dc7bfa2e20,I love ig just stop reporting me 😭🥰🥰,5
c22c8081-7ea7-489c-96bc-7daf897c7288,💪🏻,5
5d955db7-9636-49bd-b725-cee7906e487f,hardfull,2
034d255c-e1d9-41b7-909d-e948438b31de,I like this application,5
a76a39b6-abcd-475f-be66-db79f8c20177,"While the platform is great for connecting, there is a major privacy gap :the inability to hide my ""following""list from my current followers .Even with a private account, everyone is approve can see exactly who I follow.Users should have the same level of privacy control over their""following"" list as they do with there ""activity status "". Please add a toggle that allows us to keep our connections private from everyone , including our followers , without having to block or remove them",4
53e8e385-c21d-4256-b649-a4d5995c766a,best app in my entire life I love this app and Thanks to All Developers of this app for having me this,5
91797d8d-cde6-4e73-9f17-2350036d1f33,Worst.,2
e59666a0-4118-4cec-887e-3544f04de17f,Hope they add the possibility to remove musics from posts and reels and also label which have copyright and which not,2
33b38d43-18b5-4f92-b984-0ccf466aede5,Good,5
435a8686-876e-44d7-879d-3a672df2af37,good,5
6ab54730-3d00-4f8a-8da9-322f2cec243b,excellent,5
1c3712d6-cf40-49c8-90cb-efd468c78bad,very good,5
e97779fd-10eb-4ac3-9f89-78dc0e708267,"My account was banned, and they said it would only be suspended for 180 days. However, it has now been 247 days, and I still cannot access my account. I keep encountering an error every time I try to log in.",1
da135b75-6a72-4418-b48e-8a99812cabc8,Instagram is very very Enjoy Apps for The World People Use.,5
aa91eeb6-d112-4d51-bb0e-055968969662,yes am in,5
5f4b6cc1-0d4c-4d11-8c51-7e2f00ab2a1c,"Instagram has disabled my account without providing any clear or valid reason, which is extremely frustrating and unfair. I have always tried to follow the platform’s community guidelines and maintain proper conduct, yet my account was suddenly taken down and marked with an “integrity ban.” This action has not only affected my presence on the platform but has also caused unnecessary stress and confusion. What makes the situation worse is the lack of transparency. I was not given any specific ex",1
2f900ad2-2d64-4644-8883-9211b812c359,good,3
d5298b42-c337-4309-967f-d1f937453bc3,ok,5
5fc34fe9-d517-4bc3-8244-f80ab50c1ed6,it's the best app for watching videos and talking with your friends a enjoy this app,5
377b1331-7923-47af-badb-c4462ef5b6a5,bhai koi bhi ladki ka message nhi aata h 🙃🙃,1
10089b14-8dec-409b-b786-8436e2f7d4af,ad after ad after ad . . when it is gonna stop! ridiculous,1
7030aa2f-90aa-4c4d-8467-f4b9b473f3e0,"banned my account saying I don't follow rules,I only send reel to my friends talk to them and post story and they r saying I dont follow rules excuse me?and also my sister account got permanently deleted forever she used her same account on 3 different devices,she had only one account and it was her first account almost 5years old and she and i did all the verifications insta asked face ,Id & email did all and got banned for no reason it won't even tell why we got banned!",1
2a5fc393-c4a0-4884-a828-f5138abf4787,top tier experience,5
142aa803-135e-4204-9007-699aa274a2aa,very very good,1
5917dafa-2db0-4298-8b9e-1dbbe2c496df,i have trying to be business acc,5
fda6aa13-ac6d-4f02-9865-797da0464b6a,really fun I just wish more followers,5
fd8f2ab5-3621-4af1-b3b7-c8244da5d775,nice 💜,5
233fb953-cec0-4eb7-b9e9-cff322cd7d0d,safe,5
080e7068-4d86-4f15-ab41-458988dff5cf,very nice,5
14338937-52e6-49a6-b17f-18a679418213,good,5
e248a57d-3df7-4b4b-97fa-d0e263a98f1c,"My main account just got banned for apparently no reason, and I have no way of appealing.",1
2a8ae467-b4bf-4ced-831c-1313ff859d05,niceeeeeeeeeeeee,5
72e41432-a015-43e9-87d7-8283c5d9eab6,it's not letting me call,1
abbab5b9-96a8-4b92-a6b7-e8db67767329,good,5
cb82b82c-2265-4f1b-a59e-fde4faedaff6,good,5
fe05c957-a172-4b98-8108-da26f278e7c3,mere instape old version arha or msgs bhi swipe nahe horhe,1
65a6e562-137d-4a31-a756-249bb06bbc67,nice,1
3ed64f7f-1fd0-47c1-9450-3d94cdc01fba,it works sometimes,3
d74539e3-514f-4c21-bd82-8f1d93ba2a2f,"I'd like to thank your ad design team, they have nailed it!! Now I scroll way less than before, which is really great!",5
a7f2910c-d9cb-4e85-b3b0-537d6becf08d,"I like this app, it doesn't unblocked people who I have blocked from my local area like Facebook does however I am constantly contacted by fake accounts and after I report them I'm t9ld that they're not violating the community standards. How is this allowed?",2
c6e4e42f-086e-4b1d-af8c-91fcabf4fd34,the forced ad breaks...,1
6f658725-a25c-411a-a6f3-83a0fd22f798,my account keep getting hacked,1
6bca9568-0cc2-4036-a2ab-aa859d1c98c0,love,5
31bc8e9a-8eba-4c16-afd8-4e907e9d42ed,Amazing app,5
c97c709d-43c3-4c2e-80af-fdd21d9c4416,unable to keep the view settings set to wide (hide menu),1
90343fb3-e39e-4bd6-ac2b-8a4fe101ab70,I love Instagram so much but it suspends every account I do,5
2b753f4e-3c02-45b6-8e52-20807e71c7f4,😍😍,5
b1b5d15f-92fe-40c6-b6fe-3f1e1bcf3185,nice ❗️,5
84ead658-c626-48db-b161-6ca2f99ce411,good app 😄👍🏻,5
28c0bfcf-1446-42da-b377-787fc06fe7ea,"I don't know if this has to do with the recent update where you can put gifs in your note but ever since that got implemented I can't look up songs anymore, I can only choose from songs that're suggested to me and I don't like that please fix this thank you.",2
a6bd7efe-ce63-450b-a951-e485bf44983b,💯,5
1f71758e-d4a5-4681-9efc-c328c87e9e54,love it,5
8b2b8e5e-1f53-4ec7-af04-d03f45804558,best app,5
d1b62a6d-1feb-4e7f-b21c-7ccae7a9f4ab,I was having a good time then all of a sudden I was suspended and lost the appeal it worries me that their was no evidence of the cause of my suspension,3
52fcaea1-471a-46f3-9442-608e2997009a,yes i have 2 step verification before,5
e96dd86f-c1e1-4958-a171-dc5bfe9a59f4,it made me happy in my life,5
1435649e-900e-4f00-89b9-a58be16e5d67,love itt,5
82e8f8eb-58be-4239-95d3-ebfa14558572,very good app,5
343f14be-b33f-4e9c-8e0c-131a687bc120,best app instragram,5
d5fc3221-0a58-451b-b50f-09054c752626,amazing features,5
fae5394f-4c26-48d5-ab5b-2d59b7bfab86,"Please if there is like button option please also put Dislike button option too for such a nonsense bekar, chapri content so we can share our like or dislike ...... Please instagram please add dislike convert to not interested.... for such bekar people's",2
7a0e1396-d980-476e-868f-3d39859fcf2b,awesome,5
45bc9804-567f-4282-a9a0-60061d874c3a,good app,3
c2b73670-e027-49de-8dd2-416ebb4bcfff,the best,5
043db27e-4420-48f6-8fe2-15f55c02c4ba,I love instagram,5
129a503a-88f9-47b1-876b-5b4fac4f4316,"This is really stupid my account got suspended for some dumb reason but I haven't done anything and it has already been like 2 months I had that account for like 2.5 years and I can't just lose all that because the dumb app can't see my appeal for more than 2 months l. And the worst part is that under the suspension screen, it says that is USUALLY TAKES JUST OVER A DAY TO REVIEW MY ACCOUNT.",1
fc966cc1-f7be-40c2-b406-12a09c271081,pretty good,5
8b104866-7468-44e9-8aaa-afd8511f80f1,nice,5
ad705ea5-47ba-43b2-9e62-b37950c48133,love it,5
184184da-4aa3-415e-8ed0-4f28c7927cd3,today my Instagram account very slow not sending msg chek my account,1
33a10648-4ef0-4d6e-a3e0-248d0e7efe7b,amazing,5
0a5133c4-4f11-445f-b6c2-65bb5b187707,best experience,5
587a2f71-5e2b-4e23-be06-9f1acf1645d4,"INSTAGRAM KEEP SUSPENDING MY ACCOUNTS FOR NO REASON AND THAT'S VERY ANNOYING ,I'M VERY DISAPPOINTED AND HEARTBROKEN , MY AUDIENCE IS GONE",1
c9a5d6e1-3e99-4301-9431-2c1bcaacebee,that's Great ❤️,5
058d7d9f-6245-4528-901f-85efea593de8,perfect and simple,5
1df23ac2-8b67-4fbd-b519-c06397d2fc9c,love Instagram ❤️,5
1d33280b-2b02-45fb-bb56-05bd0a1db526,i really love instagram but i tried to log in my account and it just doesn't work it says error so that's why 4 stars,4
a12e12f5-0884-4b4f-af3c-f06fac1fc41f,👍,5
ef67924d-2990-4632-854e-a085bea027f8,"I was taken aback to learn that numerous private enterprises are harnessing the power of Instagram to promote and enhance their services. It was quite unexpected to find that such a popular social media platform, primarily known for sharing images and videos, is being strategically employed by businesses to connect with their customers and showcase their offerings. The utilization of Instagram allows these companies to create visually appealing content that attracts potential clients while foste",5
0bc319d6-72e5-40eb-a328-68721583cc8f,firee,5
0a210317-752b-4fd9-82cc-95edc9094e99,good,5
df33f36f-569a-4215-9078-e390a2f0e38f,its one pf the best social media app,5
f7ca6a79-7c29-4da8-94d8-f7a25dbcffd7,good experience,5
51bb561a-b67e-450f-a9f3-3565083673bb,very nice 💯,4
a43454b0-3893-4235-ac36-c4fd07810dac,"0 ⭐ From the 8th of May, Meta is removing end-to-end encryption from Instagram DMs. That means every private conversation will no longer be invisible to their servers. Every word, every story, every private detail could be used to train AI without your consent. Shame! on You!",1
53bc02c4-cded-4556-8bd0-84346e3be9cc,fyp is helpful,4
6d613f36-a374-468e-b11a-bd1b3c1c151d,osm,5
e3f25e22-afa4-49b8-944d-56bbb61a3b5d,suspended kar deta hai sb account,1
4c9d4938-c910-4e73-82ab-25603937c101,Instagram i love 😘,5
eb00953c-13b7-4beb-8c37-0bc2ace8903c,v.v good,5
45c465fd-1834-4ffb-b0cc-16fe78c62b3b,"u suspended my acc for no reason, even my fb that is connected also disappeared",1
35234a15-94a1-40b6-ba69-fff598cee500,buggy as hell,1
1eb7a13a-bf4d-4983-a852-2233df53668f,"restore the long press full screen feature, there's no option to hide UI text",1
d4c46ca0-27f9-4faf-ba16-d8f80db0fccd,good,1
80d8b6ea-2a4a-4612-bf51-e2f1aad3adb3,good,5
b3f64fc3-4d81-42d6-82b4-b4adf349b2d0,"Pile of garbage. I get 1 advert per actual post and often two ads in a row. and it's 99% gross stuff that I hate and no matter how much I click ""not interested"" nothing changes. Nasty ads from dentists, skin doctors, etc. not a single relevant ad.",1
b0846a83-8f47-4346-b6b8-25a580a5c87e,my account suspended 2 times 😭,1
7c56fc1c-56d1-455b-a30d-5de822d1655f,I’m unhappy with this app because my girlfriend blocked me two years ago. It would be helpful if there were an option to remove blocks or set a time limit for them.,1
427e8b14-8119-4ff4-988c-993339fbe59c,I'm obsesse with this app it's my emotional 💗,5
517ed26e-4580-42c3-ad14-833ce09020d9,this is so good and this is so use full,5
5707118f-0fd1-408d-a218-ac63722b5443,"Someone blocked me on my Instagram account on my phone, I created another account and I still can't find his account on it.",1
fd43bbfe-b4ff-4f2f-9fce-05c6bc67e1ff,bast ever,5
6f87bd5e-c65f-48fb-b654-635c4bd614a9,love you too 😘 💓,5
3ac5abe6-eebd-4b74-85d3-fe559a56d5ce,"I once published a reel, after which instagram hanged and upon restarting the app I couldn't even find that reel in drafts. Really bad UX.",1
9bd6f6cc-a4c8-4dd3-8d76-16e44c798197,"the app is not working, as soon as I open it automatically gets closed",1
253bd451-f544-4642-a766-69f44c06e5ee,My fvrt Apps in the Instagram,4
5df1c707-55f1-4cb1-98c1-4792b20c2dd9,love it,5
9131a9da-2438-412f-be7b-77ce96f2da87,nice,3
97d7c47f-1199-4c29-bc34-c82ef98a5252,very bad bcz my account does not open in this app they show wrong pass but pass are right,1
61557651-57cb-45de-a6fc-040751da8d87,best one,5
28077f2d-5031-43ef-a2c8-d47e83681726,"Honestly the worst app ever. They disable my Instagram account,Well, I was paying for meta verified. So today, I made a brand new account , not even 10 minute's they disable that account too. How's is that even possible,",1
d58106a2-ed9e-42fd-aac1-5a653a79aab3,Both Acc Got Suspended Without Breaking Any Community guidelines,1
dbb8f539-1216-4b99-8701-ffb187f6507e,app so good i started to shed tears simply the best app to exist,5
71f51018-1e2e-4279-af30-e97372b52a4a,Very enjoyable app I give it 5 stars ❤️❤️❤️❤️❤️❤️❤️,5
29ce78cd-d953-40d9-92c9-784f1240db22,nice,5
6b3cac3f-776b-47ee-8bf3-02188c7825d1,it's pretty awesome! it's good for being in content creator,5
ac765148-ce30-486b-ac3b-a3193165391b,so nice the best app,5
52703feb-b58e-4080-b3b5-bd81fee57d70,good,5
c2351dc6-5a3c-4464-838f-d11e9f90da31,❤️❤️,5
c17e63f9-3aa5-450c-b0cd-bc7e12fab2b7,Great app! Easy to use and very entertaining. Love the features ❤️” “Instagram keeps improving. Reels and stories are really fun to use!” My instagram ceatures are not working properly please fix the issues 💯✌🏻,4
2a060ead-f596-480f-a917-da8c49fc74cc,nice 🙂🙂,5
0e717f8c-0428-4ca0-bd47-6a3073a4084b,"If you missed something, you can't back up, but have to start over? I don't understand why anyone would ever use this app!",1
fe84c6bd-480e-470e-9277-d327660fa92c,Still getting the hang of it. Looks busy and addictive!,4
9361c7c2-c6aa-4158-a3b7-c5455c00bc38,Can't make screenshots in full screen anymore.,1
05c5776a-91d0-4e22-9c1f-3a28e89030b5,Because this is is my happiness there's more apps but my favourite is Instagram:)),5
e9f80ee3-8af4-4494-b6f5-a588e2566a42,berry good,5
90b349a2-f0c6-48b3-a791-7706124a7da1,Fav application,5
1299c0a6-1bee-49ab-8e82-ae9c0d35e1c3,ولا اروع,5
ef172581-49ff-4627-9ddf-6097e4ae069f,App closed while running in mid,5
e20d08cd-faa4-4594-a141-378870aae273,the best charting app,5
62c34b05-d3c2-4617-ad3c-36bdd08044e3,"They just permanently suspended my account with the false reason, And I filled more than 20 emails to them but no one give me solution, My account us actived since 2020 and now everything gone, My school time memories, my old friends, My photo my family photos everything. and my Facebook was linked with my Instagram so my photography page is also gone, Meta is totally worst app now, Before AI Instagram runs smoothly but now it suck, and there are alot facing same problem.",1
6b4cdb13-782d-4fff-b706-5e84c2197cc4,If you can find a way how delete 1 photo from post instead of it deletes out all post when you tap on one... But apart from that Still Absolutely Love it - Update not sure why i'm not able to post photos anymore seems like i'm only allowed 1 in the feed!!! 💯% 🌟🌟,5
638101ba-dd1f-44e0-ac65-b1ccba07806e,the most suitable app ever made,5
c163fb88-1f90-4b68-9ac0-677bbcc095e4,Excellent application.,5
9d486f85-1864-4759-bab7-8413117a7df7,"This app has bugs that have never been fixed in years. Sometimes when I go to comment something, especially posts I've previously commented on, my keyboard will go OVER the text box. This bug hasn't been fixed after countless updates and it's unacceptable for such a major app.",1
7478e985-6f59-467e-b0e8-41dfce536e7c,"New update completely breaks the layout. Images are too small on tablets. Text is cropped off so captions are unreadable. Hashtags dont work. And of course, the site is overrun with bots, racists, sexists, and trolls, while artists are continually attacked by Instagram. And maybe 3 people see my posts. Meta destroyed this app.",1
78c41125-7fe9-4a25-b109-af79b98d37fb,good,5
767a8266-f893-432d-97f2-e20458e6561d,nice,5
4896c8c1-a9fc-41eb-9324-a4f2edd39e80,"it,s Soo good.",5
a4a7ffa1-6ccb-4623-991f-9797ab0326dd,"i really enjoy the app, cause you can watch reels, you can take pictures, message someone. like it's my most used app for everything honestly cause I communicated with everyone Instagram",5
b1781084-d2a8-4977-8ede-6ffb72f663e1,best,5
a320f8ff-5dce-49c5-bc09-6ad5f6d074b9,good 😊,5
d315f9cb-a138-4f1d-8984-81cc4b7c9267,very nice platform 💯,5
0d89f474-8679-4b0e-8e17-036190bfdf2b,nice app❤️,4
0ac500d0-351f-4d83-be77-b17bc98411e0,bast app for Android,5
29a3c8b7-f5d3-452c-9bfc-440508580c60,Instagram randomly deleting comments without reason. please FIX this glitch,1
f535b571-1809-45d9-b1d9-80a69a1e3c49,Always getting my account suspended even though I didn't do anything wrong.,1
c59c2d7f-c9c8-4227-a8dc-097d325a0dcf,"Subject: Urgent Review Request – Wrongful Account Suspension Due to AI Error Dear Instagram Support Team, I am writing to formally appeal the suspension of my account (_abhixhek.07), which appears to have been disabled without any valid reason. I strongly believe this action is the result of an automated AI moderation error. I have always followed Instagram’s Community Guidelines and have never engaged in any activity that violates your policies, including spam, impersonation, or inappropriat",1
c29a7b15-01a1-4b8f-89d1-b7ae65b079dc,wonderful,5
56e6e452-a846-4767-90d6-84436542d9e3,because am chatting with girls,1
3ca8c691-fa92-4981-ab46-05d109db416c,"I’ve been using Instagram for years, and their support has never been great. But this is on another level. I came across a video of a 7 year old using a bong, and the child clearly has an eating disorder (she discusses it herself). I reported it, and their system claimed it didn’t violate any community guidelines. How is that even possible? 🤢",1
e476de7c-cf25-4172-ae4e-1072de9771b6,my experience on instagram is very bad because it make people intrected with each other and if one person cheat or leave it ruined tha second person life same happend with me,1
8db34796-74e2-4c03-945a-673ac6a5bb65,Nice,5
9d631251-1136-473d-b408-ffb2f1190c28,"Dear Instagram Team, my account (@dilrajmeena7051) has been deactivated. I believe this is a mistake as I have always followed all community guidelines and terms of service. I request you to please review my account and reactivate it as soon as possible. Thank you for your time and assistance.""",5
aa8fd614-f1f4-4229-b89a-692ef69f03e4,"You get some moments of happiness in a boring life, the rest is fine, whatever it is",5
6c1b06bd-bf61-487a-94a9-138c2606f8e8,"Dear Instagram Team, my account (3161owais) has been deactivated. 2,034 I believe this is a mistake as I have always followed all community guidelines and terms of service. I request you to please review my account and reactivate it as soon as possible. Thank you for your time and assistance.""",5
221b46c4-3d23-40c0-a5c6-ac06802b2167,put more voice notes funny sounds on my device,4
b8cc5e6e-b2ca-408d-9a4c-2dc472acee26,Not usefull,5
70ad6cc6-86e1-4b3b-aadc-747417e155b4,nice.,5
a402c71f-6ad3-4e05-9489-851cbb199549,what a great time to explore new ways 😜,5
738d475c-849b-4091-839c-56e5748ee4aa,✨✨,5
9cd7478f-d63e-4132-9a46-e615e78f067f,This app is awesome I can find a rels according to my mood,5
5553f1fc-f936-4114-a5a2-f9558443ac3c,good,5
ddf4d72a-519e-4d87-9025-670f935e62de,"My monthly report, 4-12-26, brand new phone and overall the app is still azz. Laggy, harldy usable, texting anything more that two lines and I can't see, drawing is buns, picking color or size is like overlapping and is also buns, camera is slower than Snapchat which is a bummer, and the gifs load slower than molasses on a cold day, and then the repost comment never works too. Till next time",1
349b8345-fdc9-4430-a3b6-c6b5398c8813,User friendly.,5
3efd658e-78c6-4680-aeef-1767a850369f,Very Nice,5
fe16ac55-ca37-408a-b4b1-b7342d2ff76a,unexpected 😊,2
d2def7e3-5776-4010-a2f9-860245216df7,banned me for no reason,1
a00f0524-e1d5-454e-9c26-f2a6ef10ef41,brooo elarum avan gf oda story podra but enaku onnum illayeh bro😖,4
ddb59fe2-802d-4e69-acd6-d39d72212889,i only use a Instagram in my phone thank to you co'z you are always with mi ❤️😘,5
2d2c8fe9-2840-48fd-a712-9ec298a45f93,nice,5
fc1c57ad-4389-4552-a048-5c9ab1091293,I cannot login my account through the app but I can log in via browser plz fix this issue. plz help me.,3
1a9e865e-6361-49fd-bbd5-7e77ea45273e,best,5
27d6ae8d-ac1a-43f1-b76f-6045c75b3771,story issue 😞,1
39815592-7633-4dfc-bb7b-7c1a46dcc170,good app✅🔥,5
ad6445b9-c732-4e32-b70e-fe2b7c967848,"great work but lack of privacy from Instagram, it seems like it listens to our conversations and recommends that specific type of reels...",2
8fba1181-e3bf-43f8-a011-889f47aced7d,why in TF am I seeing posts from a month ago,1
74418278-14e6-4e0a-b671-96f54d287ff8,I want to add my phote,5
73d091dc-ce00-4f13-8ae5-b7672de65d86,good,5
abe895b7-936d-41fc-8149-fc42b5d433ce,very nice instagram team but please activate my all suspended account 😞😞,5
71c9569a-8f5f-4ddc-a001-9be81aee74c0,I really like this app best one 10 over 10!,5
4eaa4c56-77cb-49a5-a12e-90ba7bfd698e,Nice 👍,5
2f081bdd-5148-4c97-9d18-90d51547613c,I really like the heter,5
39c98f52-9ffe-43c3-9806-2bd7b74a779a,i am Muslim and very interested app Instagram,5
b2dcdec6-8ac5-4a1f-a55f-0b830c79d995,Why are Instagram story song lyrics text and stickers not showing after saving,2
4de08145-a8a2-4f7a-8e0b-68a2f022b8d3,i have no words about this Instagram is amazing,5
d36df33f-ac9e-4163-a117-43f9bd2c33d9,i can't login into my account since 2 days and i reinstall it like 10 to 15 time i can make new instagram account and i can access other account their is no problem with device network is also good i can also open my instagram account in another device but not in mine can you someone help me out of it ..,1
afaa2ca1-2dcb-4edf-8efa-fa0e96f66648,super,5
2ce50dc2-920e-4004-ae38-b69247fec8bd,good,5
96db7aa6-e080-4c8a-99a0-958e990594e3,THE BEST PLATFORM,5
17592c68-2cca-42b9-bb2b-c72ac4ff504a,"""Dear Instagram Team, my account (yourusername) has been deactivated. I believe this is a mistake as I have always followed all community guidelines and terms of service. I request you to please review my account and reactivate it as soon as possible. Thank you for your time and assistance.""my Instagram I'd lxr fahim 😭",5
be531fea-f38d-476a-9d69-77d8ebc40384,గుడ్,5
7cad558a-e457-4f00-9d62-d480d394abf5,"I did not opt to login, please correct it",5
5e77dc03-8d22-4a26-9d0a-283eb801c8d1,Instagram is a verily good app to spend time if you use it for good things,5
fdbd6700-4da6-42d1-873c-1d7e1da0f932,badiya app he,5
3f99885e-6328-4f4f-921a-3ad84250a5e5,"A lot of mistakes, problems! With each new update, it's getting worse",1
a533d946-480d-420c-be82-6dda1938841b,Easy to find my interests,5
e4804e25-21f7-4182-9751-f06318e5783d,slow and glitching my posts a lot. also how come non bullying comments get reported but actual bullying comments dont? insta sure does have their priorities backwards💀🙄,1
5fb617c8-953f-469e-8850-ccbb75626baf,I don't have the color note feature and it won't let me update instagram,4
ce1227ab-e494-4609-81a9-76bb3ecc95dc,My Instagram account disable hora,5
190fe54f-7551-4d9e-8351-b3b1537a1db6,very nice,5
a37ba36e-f276-48e4-9014-e4355ff180dd,👍,5
533455a3-b2e5-49ad-9644-eabd34f03cf9,Great,5
4a268ba0-1c5f-4977-802f-d1a054819500,Bestem best wonderful app,1
b0c5f1fc-c9d1-4be1-aa72-f72f8364386b,"My Instagram doesn't have a repost option, I want it.",1
8909eb69-88dd-4a27-8a4f-8475083d217c,pity i cant give less than 1 issues to log in issues with ads. i overcharged and never refundddd despite evidence. months to resolve an issue. frankly a scam,1
af70031b-c00d-4630-bb3d-e8455c828fb9,good aap,5
fd5ae35e-ad74-41a3-81f5-9afcceede6b1,ok,3
c3083b6d-4ea2-4054-adc0-020b96234f66,excellent 👌,5
610f6272-f5d6-4ee7-8e57-77f12840712c,acount login nhi hota jabki password shi hai email verification bhi nhi hota na hi number se login hota hai,1
f731a41b-18d2-4d59-b20d-df4b6cfcf18f,so good but not getting more reach,5
9f96a511-5024-42d4-be06-cc2d64e62f87,SUPERB SUPERB SUPERB,5
4fa27911-65fe-4ccd-ae75-842eddd8a69f,i am use for education purpose and insta algorithms lots of content for students,4
de05e26f-fc5d-423b-b74b-5caf0b5d6c87,nahhh people writing these shi gotta be npcs fr💔💔,1
ee09b622-865a-43f7-94e0-61cf2057de96,good app,5
55edc936-1e45-4a2e-8515-5a33fc2e6142,nice,5
965ac426-c297-4e6c-a64b-ebaba44356e2,it's good to using this app,5
d4474cb2-f3e0-4a4f-a0d5-2d3d7a6b764d,good until now,5
7b53aac0-f089-4f8c-9eec-e0f2bd027664,app aacha hai pr iske wajha se zindagi barbaad hogyi hai iski lat lg gyi hai adat hi hogyi bina chalaye mn nhi lgta brainrot chije dekh kr khush hota rheta hu mere kisi kaam ki nhi hai bs 2 3 nalle ladko ko reel bhejta hu or kuch bhi dekhta hu chiii,4
1c2b3b89-5f7e-4c4a-a0a2-e9850a29913d,Good app,5
99307d0a-acc0-4273-8f38-aeee66f59718,i don't know why my I'd is not opening and showing unexpected error. glitch is going on or what I don't know they do not fix is as soon as possible,1
ebeecbdf-0a11-4314-b181-ed39ee33fb9f,the only thing I'm suffering with the adds frequently rather than a social media platform it feels it feels business platform,4
b1da7c84-609b-4fe4-8c59-6de0f326a098,because I am happy 😄,1
4500255d-05a5-4d85-86b3-8fafa4013efe,nice work,5
00dbfcec-11dd-4938-bf75-f80ee698e636,Good and very nice instagram best aap,5
6805b2d4-3a5e-4aa9-a488-6c8d8ab560ca,interesting how you meet strangers who become friends 🥺❤️‍🩹❤️‍🩹❤️‍🩹,5
a8ef0e91-1a3f-43da-ad63-48536103de6c,more Freedom than Facebook,4
268a2104-4c45-4b44-995a-fdbc83351ff3,can you add the edit feature option in the comments like that on Facebook. sometimes i make typo errors and can't edit the comments immediately.,4
cd7e7208-b327-486d-9110-da4595903ed8,it was very usefull to change your life from scratch to Diamond 💎,5
103521f8-4818-4cb1-857a-c8e4328e8953,WOW WHAT AN EXCELLENT NICEST WONDERFUL MAGNFICENT APP VERY MUCH INTERESTING APP WHAT A FANTASTIC AWESOME LOVELY GREATEST APP WHAT A PERFECT ATTRACTIVE INSTAGRAM APP I MEASURE IT & GIVE YOU 100% I THANK YOU VERY MUCH FOR THE CREATER DEVELOPER OF THIS INSTAGRAM APP I THANK YOU VERY MUCH FINISHED.,5
514d9082-782b-464a-aff9-01afb0376192,"All my Instagram account which are logged in in my phone are getting banned and suspended without any reason, and there is no email support, all my data is at risk, nad application",1
66a33806-afc7-441f-baee-0b0b7990fc30,🙄,5
9f7b88ef-79cf-4580-949f-97336bf4e949,good,5
c941aea2-29f9-414c-9f7d-2fd1ccf4630d,I enjoyed using this app it's fun,5
25fbc2a8-6998-45b1-be0e-7743cb45fd1a,yeh achha hai per I'd bina wajha se saspnd ho jati hai 😭😡😡🤬,5
21e2dd00-f816-4d50-a11f-5120c1f3a537,very bad application,1
7d2061b1-9398-4caa-b531-408a5d02064e,kya padhne aae ho be pata nahin tumhe Instagram kitna pyaara app hai btw hru😁😹,5
68cc8bc3-f1e5-42cb-a0cf-d3e14e882028,Great app. Can literally spend hours on here lol,5
65b7ba95-627c-458e-b63d-cfb833e5caa3,☠️,5
bc533e10-d911-47ca-a256-ebcb61f49bb4,I forget the password of this app,1
ac0d66eb-2265-45dc-b3fb-237163f53b28,good social media,5
43d69371-58c9-4ab7-89df-3bbdb83f2f24,"What is happening with ? Even after entering the correct password, your app keeps throwing “Try Again” errors like a broken system. This is not just a bug — it shows how poorly your platform is being managed. For a company of this level, this kind of basic failure is honestly embarrassing. Users are getting locked out of their own accounts, and there seems to be zero accountability or proper fix. On top of that, frequent glitches and random issues make the app unreliable on many days. It feel",1
ba396e79-7e04-490f-b9b6-19749a1f0118,❤️,3
87ce5b0a-dc52-47c8-9c9f-79da87c37fc8,good❤️,5
78e4e3e5-50e7-49e4-aa83-614085e13886,excellent,5
7fc263f6-fb6e-437a-a57b-6624cbca25cb,I am a creater,5
836049f5-5918-4300-badd-d51215e8cd99,"Dear Instagram Team, my account (yourusername) has been deactivated. 1,990 I believe this is a mistake as I have always followed all community guidelines and terms of service. I request you to please review my account and reactivate it as soon as possible. Thank you for your time and assistance."" Reply See translation",5
86260dc6-ec9a-48a8-b702-ce21917a90ac,I lost 3 account because of this damm ai. You guys better check what's wrong with it. Am really angry 😤,1
83a6446f-7e0c-4b11-87bf-d1016641218e,my account is not working,1
3ad9914b-813b-4efa-bb2c-051c6aa26034,it is an interesting social media app.,5
f5c409d6-c5a4-46d4-a9a1-8408e579659e,"This app is really frustrating, like why do my account get disabled each time i create a new one This would make it the fifth time I will creating an account in roll and each time it getting suspended saying I didn't follow the community standard when I don't even post there at all... Like it becoming frustrating and annoying You guys should try and fix this pls",1
abec241f-4c90-49fb-b974-66fbaecb9e27,this app is goog,5
8905aada-e891-4b7a-9243-6a92958c58ce,ts funny ash bro 😂✌️,5
e317acba-244f-4436-b9b7-06621e5b85d8,very nice,5
19d40bf6-cc85-491c-a68d-5efc0c528ea7,very good instagram,5
cf574d8b-48e4-4921-bad8-ed8ebb01c61c,kyuki tumne Mera id suspended kiya h,3
b6e74a6c-6e8c-4c60-997b-413bff2e470c,it keeps suspending my accounts,1
41faee7d-b654-4ca0-8f49-c6b36f64d038,Nice,5
5d89b7c0-2748-4e75-adf1-84dd12e9ef02,masti me,3
80ef86ee-845f-4b7c-b9ef-5a068feeba06,my experience is very good,5
319c1a6b-a138-4c39-b585-2887034012e2,amazing but i don't get views on my video 😐,5
86da131b-008b-43ff-b54c-fef91991d6ad,it's not blocked spam posts,1
c0256bf4-37da-496c-b20b-c2855eca60e0,"please update app I don't know why this new update brings a new problem, when we click on notification form any page it's not opening and all notification from same page is not showing only one is showing.Also in older version has new notification bar but its not showing now please fix as soon as possible",1
7782b483-c318-4018-887d-ad7b40ca7520,i like,5
035ba681-30ba-4587-9989-1382a5200994,very chetha app every 7 days update 😡,2
021b1db4-ab18-4d86-b225-92363cc46cb6,best social media app,5
d8e646e4-0e9b-47f8-aae2-948de722e00f,nice,5
9660e7f2-5c0d-49a0-9284-5dd299d2b4aa,great,5
4b2ab9b3-5bfb-4ab3-9b8c-592436f427a0,good,5
3609c66f-1a6c-4050-9c18-0965b7698ccb,Develop an app without the reels option. It's ruining people's minds,1
df1a09b5-6af8-43ee-8a40-6597f03607a9,amazing,5
9db7e68f-0088-476b-bea3-7898acbed14e,Featured application,5
275e7157-8609-48c5-b556-4f83baeb46a5,good,5
f7f61b0a-f45d-4ee1-8417-96ab4507cddf,nice,5
08f51180-168c-490d-b1d7-0cd6c4a466ab,👍🏻👍🏻👍🏻,5
a02d6b1f-32e4-4dd5-af13-22f90a1babdb,amazing social media paltfot rm there we talk too others and send reels to otheres🫣,5
c2ff062c-b520-4e72-9e72-fe412442ee2e,I like it by putting a reel on it,5
0aa2e14b-bb0a-4eb6-a825-8d3e2ca97593,insta is w,5
d1af69dd-7230-411f-911c-8246068b9204,This app is very important to me but it is a very good app to use it me,5
75de0d33-a1d0-4cf6-affa-14bb7cce4a66,nice,5
921000b2-9e6e-4b5f-8af6-f1ed7a098dfc,"My messages have stopped showing up half the time. I'll get a notification that I have a message, click on it, and the message isn't there. I open the same message on a browser, and everything is there. Not fixed by the current update.",2
9daba2e0-1f09-4d02-87f6-e1090d686a1a,I love being able to talk to my friend without any person presiding over it,5
c29f91a2-2075-4aa1-a20c-e8adf6828c16,best business app for mobile 👍👍👍,5
41bdf058-fa6b-4f86-b7fc-018b2dd005f6,I love it,5
ed2a7bf7-2509-402d-a7ef-3755fe9a035b,very bad without even doing something this app bans your account ewww deleting it,1
2059d739-0847-4c74-a96e-60f510537387,very much ♥️,5
94944b02-180e-4213-a0b1-a7bb792e422a,super app,5
d3490c5e-01fd-453c-af9e-ffcde29ba9c6,Best of all time,5
bb1f5b9a-1f1b-481d-ab75-b9519195d0fb,love you instagram,5
9984ef93-fd39-4ba2-9f41-96377a8239a2,"instagram is being so worst day by day its is suspending clean accounts and disabled all accounts i made , even i had an account for 4 years it got banned and their is no one to hear me out",1
9849cb4a-4c4f-4181-b17c-49026733eaa5,very good choice social media,4
21eed4f9-6326-488f-92b3-498788923096,glitch,2
5c7db088-4f94-4797-8ddd-da4bfd4c13a7,nice...,5
6f46373d-b80c-4f89-a2e9-142aa58e4a1d,The best app 🤲🤲🤲🤲,5
ed653127-fd63-46fc-b1b8-cb00883bd8dc,i love it,4
694eca43-1934-4e28-a65e-c5abf31fb95f,smooth lovely app easy to navigate,5
c695cd2b-ad3c-4e11-9434-f50175b7dee0,nice,5
6a7a0215-de32-4c00-9754-635694c0e44c,"Very awesome and very good app,",5
c34d083f-6038-48dc-9d71-35817d00b117,very good app,5
3e073a9f-3ef7-4962-8e92-8e93d17b8318,very good but I need to famous plz,5
0dededfd-aa3f-4e72-8a20-4eebc0a65678,🥲,5
86c205ec-518e-40d1-ae07-afaf9062a403,lags so much,1
6ae0b2a3-ace5-4549-a8e4-7f6bd00691c3,po..? your app upload is very poor,1
d770913d-891b-4875-ad68-5ffa7e7653e0,good and enjoy,5
a5f9efb8-678f-4ed5-9c22-a649c0620ff8,nice 👍 app for aneone app,5
a3b181c2-e24f-48f2-aa27-f0eb54aa8f76,"My experience with Instagram has been extremely frustrating and disappointing. My main account, used for years to share personal moments, was suddenly disabled without a clear explanation. I created a new account with a different email, but the same issue happened again. Even after completing all verification steps, the system keeps blocking real users. This process is confusing, inconsistent, and unfair. Please fix this.",1
c5d7d5f7-a12c-416c-b4db-aa44812efaac,valo,5
14f28b7c-a4c4-4f13-9062-78ebee7d9252,it took all my money,1
4eef299f-8c24-4045-a736-60184d246d6a,love love Instagram,5
731d0303-85a7-46d7-ac26-34a03decc34e,"""Dear Instagram Team, my account (@a._.guywithtrustissuess) has been deactivated. I believe this is a mistake as I have always followed all community guidelines and terms of service. I request you to please review my account and reactivate it as soon as possible. Thank you for your time and assistance.""",1
363f5296-cf6f-4169-a39d-d506d3d1b89e,instagram mein I'd khol rahe hai toh apna aap banned hojara hai,1
ce6a8126-6643-4367-9eba-5be5a8b4dff2,sooo good 👍🏻😊,5
bfbee46d-36c1-4502-b033-614df5929443,🩶🫶🏼,5
a52b66b2-5cc7-4fe5-a267-13435cb40bc6,I can't call anyone even after telling me to update it. not really enjoyable,1
da66636e-ccbf-46fb-b7dd-f4af2e481452,Nice app,5
23a17547-db0d-460e-9f1a-408308c6e4f0,Nice,5
e5d5f787-5500-429f-8202-16357af92f49,iam very happy to use... 😊,5
536b706c-8c41-4138-be84-0ae05b31b2a1,What are you doing My instagram account you always suspended. You get a action Today is my 2 account suspended. plz help,1
483828c4-f23b-4f56-8c4b-442f80578db6,why Instagram you suspend my id😣,1
5bdecf75-a5b9-40cc-87ef-a7fe070d60f2,10 view,5
76514055-a61f-4c65-aafe-2fbe5e4ac689,it has quality,5
afb517e5-6ff7-4a6d-bc95-f95b0c894e0f,good,5
fac5fb3d-8776-46e3-bdca-20bc4d173ff9,good performance,4
c077c3ea-baa3-4c7b-a2b5-a6936d440ba2,good,5
15b2109c-4218-43a6-b8f5-e81c5945bfd4,I enjoyed here,5
c6268864-5661-4058-8999-4c41a3ba4e4f,its very good app,5
f6cfb916-0354-44e1-a4de-d77cf0491768,Instagram better than that I think is best for you guys,5
2f760007-0a1d-43ae-9c38-8f0d9bf45ab7,Good camera quality,5
270482b1-b03a-4876-ae6f-eb693bd94a49,nice app,5
a93337a6-9293-4850-b5ac-b710ff4c82fd,I have been using Instagram for 10+ now but now your awful.. you suspended my account for the second time and your Instagram team don't really co-operate to solve my problem I have already email but no response...soon will delete this app from my phone,1
a2a6e75d-a680-41a6-987a-c2c8add030f2,honestly the app has gotten significantly better,5
d57b90f3-142c-4988-9919-5a3b21976d14,🔥,5
aa91a1b2-1767-46e8-b99e-94297a3a5ef9,instagram is good but there are many problems like can't change the cover of highlights and the loading loop problem in highlights when we change the name of the highlights or the cover,1
141fef32-a98c-4635-b673-683a9c87c99d,best social media services,5
45a81e70-ea2b-4ddd-87ec-858cf93d2316,👍,5
0a0d517a-641e-4d08-aad9-65a1bc5c752a,very good 💯,5
bf5b7d82-deb7-440f-9773-bab4961e5378,I would rather delete Instagram for Facebook. Facebook's much better.,1
b06281fb-7458-4846-ac84-b9ff8ff75f2f,nice,5
b6f2dca8-f374-46e9-ba9e-5a68d6b161ec,I don't like this thing that this app does where after I upload a video the music in that video just randomly starts playing when I'm watching other videos after it's been uploaded and I'm no longer even on that video anymore,2
07cb02b0-0b5e-410e-845f-70a45e6e6a0a,good,5
9dcdf8f4-5107-4f0c-ac9b-ff2893133ddc,good app,4
bbbbe65e-8e64-4bca-b0f2-8daeff302db9,thanks insta,5
e138ad97-8e02-45a8-8bf4-8393cf3f89a7,More facility please... This is great! But there were still errors when I edit the post... Why?? 😣😣,3
ea912470-169b-4ff4-b729-9b4f01ac83c8,Excellent app!!,5
bcb7d9cd-f689-433c-b2c2-452cdc6cb680,It's excellent 👍,5
67b74221-2c96-42fd-9b09-84d9c8cdacdc,good work,5
fb98cb67-9d81-4fc7-aef5-7de076954792,so cute I love it,5
6a0edcdb-69a5-4a16-bf1a-6bdd5b871bd7,"If you’re going to ban innocent people without reason, shut down this app or rename it Banstagram",5
86313a1d-c1a5-466c-bd1b-74d33825297c,I love this app this app is helpful 😁😁❤️❤️,5
d4fe976d-ce11-4529-b2ef-b5c6fc407afa,this app is fantastic 😍😍😍😍😍,5
a6fc733c-78a6-49dd-a23c-ae01744e0dea,a vibe . 🤙🏻,5
49800319-d26f-44f4-9f83-2065cb80c94b,amazing,5
f6380a3f-f707-467d-a3ec-84fa130998b1,good entertainment app,5
a290e64a-39b5-451c-8734-ca9d60226efc,disabled my account and said i did something against the community guidelines but I didn't !!! so annoying !!! fix your ai agent istg,1
790fa925-9cc3-4bce-9227-921dd4fb53ff,amazing app,5
aa8ebb63-f986-4f0e-b61a-49c768f5fc17,"I am facing an ongoing issue with my account and have been unable to log in for the past one months. Despite entering correct credentials, I receive a “Wrong Password” error. Password reset attempts show “Try Again Later.” I have cleared cache, reinstalled the app, and tried different devices, but the issue persists. Please assist in resolving this.",1
05941b2c-3145-4e33-a14e-2994a913c309,"instagram is before subscription it was Excellent now youth are getting effected by money sending to others for subscription this makes effect on their carrier content of nudes selling in open place , monthly by 380 rs making it's becoming like tango in open platform. you given publicity of gambling , they got turned into this and many families will effect by subscriptions.",3
98abd28b-4645-47d2-88e5-88a64248dd14,"cannot get into insta, glitches out everytime. help center is dumb",1
5594481b-f528-4b72-9896-403edaedc76f,nice 🤠,5
36a94e98-9feb-4d07-95df-899ede7ebb75,"I used to love this app. Those days are gone. Udate:More disappointment. The rectangular grid is the end of me. Ugly. Also, why is my nickname above my followers???? Ugly. Listen to the audience. Stop touching stuff that doesn't need to be touched. If you are so eager to update your app, remove that UNDENIABLY STUPID group note thing. Cringy af. No one appreciates that new grid. Be smart. Bring the square one back. Are you trying to make people stop using your app? If so, great f job",5
35406dab-7007-4e54-8038-a5ff608717d0,good,5
8d0f850c-38ff-4f22-b00f-25ca2e9e4a61,best app,5
53caa6ab-27e5-4ee5-ab16-10226d990e9d,good👍❤️🙏😍,5
1394d9fd-eb73-457d-ae75-35484f622958,very nice app,5
896ebb90-a207-418f-9e3f-0e753302e813,wow this app is all public favorite and crush app i love it ❤,5
58b2331c-2a96-4c90-9ccb-fd8bd445550b,"For no reason, my accounts keep getting suspended just like that and I never violated any rules. I tried creating a new one and the moment I did,without even logging in my account was suspended. I'm tired",1
990816d8-eecb-4167-87b4-ef4d05429ced,"my most favorite app in my life love instagram see them reels,storey,post",5
d2180c6a-003d-4910-9e79-44ba6f4cb726,Dear Instagram team. I am having problem when I went to sent message someone then are showing you can't sent message for 7 day please fix my problem. thank you,2
c083b37c-7b6f-420c-8507-e750de8f0e07,all good 😊,5
9d81005e-5c2e-4985-aba8-dbcca55279ca,good,4
9dec5601-9163-4ade-9e6b-48f59f9ba1ae,amazing 😍🤩,5
79d1a78d-8c5e-4250-a6e6-ee2b044ed6f1,on nai ho raha app,1
51692a4e-12f1-4f87-9b56-a8188806f0dc,Instagram servers are so bad that i cant even login to my account and the app is not working good pls team meta do something instagram is broke bruhh,1
7408dd13-e512-4f8e-a230-ffe8256fb18c,i love instagram,5
eaab01a0-5fca-4c24-8bd5-49af2891fde1,bhai Badiya aap ha jarur Download karo apne phone me,3
2a91b372-9e26-4fad-bb2c-ddc7c9143cd1,nice aa,5
454b1d8b-cde3-469a-9c28-5c82a6e8e399,very much,5
fd902506-3350-42dd-9efd-939413f89c66,"Dear Instagram Team, my account (yourusername) has been deactivated. 1,934 I believe this is a mistake as I have always followed all community guidelines and terms of service. I request you to please review my account and reactivate it as soon as possible. Thank you for your time and assistance.""",1
4dd27cc1-4d6d-4068-8d9c-dbea3e1dba26,very good,5
698f5207-3c28-4e52-aeb8-76e7c1990158,bar bar update lana jaruri h kya ? 😒😒,1
7d3ed9b9-a72f-413a-bbe2-1b1795bb42ae,worst... acc are getting banned without any reasons...,1
36c1c6e2-4cc9-46d3-a76f-d01dbf95690d,Excellent 👌,5
9fd2859b-f8ef-4d6f-9322-e1ed6f2a859b,Good,5
01c19a0d-3006-4ed1-9b6d-32b4b9a3176d,"the f is wrong with the comment sections, it's all mixed and doesn't match the post",1
10b550c6-858b-44bc-ae69-410888001609,It's great for posting but might get banned from following too many people at once😭(spam),5
e2ffea7b-f638-43c0-9872-78cfc37e7c45,it's nice but no likes and views are coming you need to improve it my bro,5
84cb861c-276d-491f-9615-6433cf2af9b6,good,5
81469ffb-9292-4d4e-a6c8-c2fde401e425,top class app,5
97764bc0-338d-482b-ada9-1912db11b041,very bad aap ladai krwata hai😔,5
438f42c0-8717-4ea6-839d-a3e3727c07bd,nice 👍🏾🙂,4
da9906ed-66ca-431d-8025-269c8eb9f115,nice version,5
6cbce67a-1bcc-4c14-8dd4-23712a8da04b,very good,5
f88dfdbe-de28-4931-b62e-0b88dadb5e45,never loads,1
29c45235-9e7d-488a-ac13-7118e145ed46,nice amezing asthetic good,5
8298a4b8-500e-4773-893d-bb0c15e253d8,algorithm man 😐,1
507816e5-2441-46a9-a2d8-e2d4fb6188d9,nice👌,5
43b68d08-3141-4ff7-ae61-1e79075ff60a,it nice,5
c2c0f6d0-6c81-45e7-97a3-b1ce6efc2123,🌹,5
bd92ad9f-81d7-46ae-a930-5cca2d4c768a,life line,5
92f6d618-8621-4ad9-95a5-e6dc3c20ba7e,"can't explain in words ,soo amazing 🤩🤩🤩",5
4ad5b0e6-5743-4d7c-9493-fa53a9fc5aba,soooo goood,5
8ab14410-9ee5-48c3-81b2-04f7ea577686,it s very timepass app,5
d2cbfcb1-61e0-4a32-88ee-d3d91c2f7220,THIK HI HAI,5
c1e3ddc1-e049-40ff-a44c-5dc64bc39f5d,v. good👍,5
36714816-1040-4663-9438-ef5c36b2d819,my insta is not functioning properly since last 1 week now the videos stop working even though refreshed multiple times my app is also up to date I have been uninstalling and installing the app every day,2
45e457f6-02c1-4a96-8924-a1eca6471b48,bestest app I ever used . i literally use this app for whole day😅,5
1061eac1-8ee1-4563-a7b4-01e484da131c,isko to main zero rating dunga ladki logon ka dukaan hai ...,1
712a98a0-679e-4053-9f4c-08d6a1dd93ce,good,5
358d9b75-ad98-4367-830f-cb1e56fb8c91,akdam faltu app hai koi ladki msg ka reply nahi deti,1
b143a437-da19-4d3b-98a6-5d601bc4e7c9,best,5
3bed96c4-10c7-4f0a-bb58-8417dbb55f93,"I can't log in even though i out the right password, wth",1
a9e3294d-d0f5-4599-bfbb-6b814ae61eb7,nice,5
c6c2b58b-01bd-451c-9b17-d6164c7d6246,good 👍,5
57340a5a-13f5-4dea-9f39-e4db32bb4c1c,nice,5
6ce892f9-c160-4bd1-8575-99d9439b7707,good,5
978f406e-18aa-4443-b369-41114bc1a6c0,it's so interesting app 🎀,5
7c0fe1bf-76de-494f-b3a1-e3462964d41a,"Highlight cover stuck loading, please fix it.",1
1875d659-bec5-4b26-8656-a28d5a20c1c8,my account is expiring many glitches like msg disappearing,1
083dc3f1-a840-437d-84b7-0b9212f6a8d2,I didn't got the gif on notes update btw it's showing to open not update,1
749853c5-3451-4076-a837-537f81f13ce4,"this is become horrible this days ,",1
39469e0a-1996-4c21-b17e-b4baf8f92467,superb,5
71bf8204-059e-4fd5-95cf-d193ffac4854,Good platform,5
4a7a43c6-a384-4e3e-a8c9-35e2cafcfbc8,relax mood,5
666eba3b-c43a-4e8b-85fd-96e749c5e62b,exelent,5
ef7e19ba-1205-47bc-b5cd-37e5221b4b2c,nice app. great experience having an a account here in IG.,5
073eb8e6-2510-4791-b981-09bf3af68169,Tyagi gi,4
0f3ea04a-6b57-45fc-b474-194f8a7f31b4,amazing 👏,5
73a9fdb8-e315-42c1-ac9e-0562d7a01875,best social media platform I have ever seen,5
152f0f8d-c94d-4c45-8dcd-e120d7ee77d0,Mast hai yar bas yek baar aa kar to dekho 😘 dil bag bag ho jayega na to mar dena kya block,5
e5f6a5bb-627c-47d1-9a45-ddda0a19151c,good behaviour,5
6e721eed-f793-4329-b34a-09f8859a43ad,Instagram baccha baccha chalata hai,5
d368715c-f498-4de2-ae29-10d606804fc3,just Love This ✨,5
3f8c2463-1231-46a8-95da-24b7f13385dd,"Instagram is useless. It bans accounts for no reason. I didn’t do anything wrong, yet it keeps banning all my accounts. Even my Facebook account got banned. I didn’t do anything, but it still gives false reasons. The owner of Instagram should look into this issue.",1
7f4da05d-b815-4797-bafd-41d0925a6a76,I think it's pretty good 👍,5
a55eae0e-eec7-4971-a521-137f2ea47b58,👍,5
b7a91c1b-d2dd-47b2-8840-2f5c17db0060,worst app,1
a15f157e-e348-4532-a337-fe3cfd90075f,good information,5
c5f70830-5207-402f-9fa9-0fef0725f485,good,2
b177024c-95d3-4b00-8920-7c964dcb0c37,thank you for,3
0b503224-01af-4625-9032-c5bc55324240,that's great 👍💯,4
b8ac9950-dd8c-4285-adf0-c0954fc6bb9b,very nice 🙂,4
0c1a918f-e452-4bce-a982-541cc305c2c0,it's good,5
9d51189b-a2c4-4974-8578-4ead24863b48,that Instagram problem login nahin ho raha hai,5
b12041a6-c456-4aa3-b8b4-6852bf7710c1,Great app,5
09f20e0d-d853-429a-8431-923e6d70ed9a,nice,5
43c2706b-14e8-4535-a370-7aaf8b3b863d,"I am having a problem with Instagram, it is not showing messages as seen. please fix it",4
f6d160ae-02a5-49e5-ad3f-f0cbe7139db9,❤️❤️🔥,5
e8258013-9b00-4ba4-b336-6d5edf272813,"I love Instagram because I can promote my business with it, all I want is for Instagram to stop suspending my Instagram account because I am just using it to promote my business that's all",5
f43a394e-0b1b-40af-898e-bb0974d97330,Good👍,5
16278994-796c-497f-8fed-e7c04122dbf4,block se unblock karta hu to tab bhi massage pe unblock likha ata hai or upar se online bande bhi online nhi dikhte sabke note bhi nhi dikhte jaldi se thik hai our ab Instagram Chali nahin Raha,4
f5219171-a8fd-4399-b320-ceabefcf1166,better,5
b2b74486-edd2-49c0-9f88-fa5c9ee6207c,good,5
9aee1daf-d23c-4d71-bdb9-7f4bb220b845,"Ridicilous I have correct email and password and also have received link in my email informing that i can login without using password, but still i cant login? it kept saying account doesnt exist?? helloooo!!!",1
e54ea630-72bc-4c20-9bac-853ebdd0be91,"I was using Instagram for 2 years but by mistake I deleted instagram , I tried to login I changed pasword and did loot of things but still I was not able to login I request instagram to see on this issue",1
b61171fe-644e-41d8-b68a-00eac1e3c859,so beautifull,5
ddaa7d33-561c-483e-adda-f75b01fd9868,super,5
b9e368ce-c2e9-475d-a359-0dc35ab58198,time wasting app,1
28d6b8f4-e947-4c0f-b700-7082b20a4525,good,5
d78bff11-902b-47c5-9fea-4310f6d31f6b,I get suspended for doing absolutely nothing,2
527b5bef-192f-4154-a799-3188bf95688d,supper,5
37b027c6-3911-44ba-9515-40d0f659f526,good apps,5
b9a23bdb-e952-47ee-b8f2-a1fa73bb1bfa,👍,4
f883b456-3a45-42c9-99b2-effe1617f1de,gud,5
10efd62a-9191-4b40-b13d-10a66feb4051,i like Instagram,5
96adbfab-ed42-4de2-bc32-bdf97546413d,instagram acha he Lekin me achi video dalti hu jada like nhi ate to instagram pls hamari bhi id ko support kijiye,5
85d83609-d1cb-4e9a-b89a-9be4151dd3dc,bekar hàii,5
4e48bebc-8266-4bd7-9978-f2403137c6b8,"WHAT IS HAPPENING RNNNNN????? I'M TRYING TO SAVE MY VIDEO THAT MY MOM SEND ME YESTERDAY. AND WHEN I SAVED IT, ITS BUGGING IN MY GALLERYYYY!!!!!! COULD YOU FIX THIS IMMEDIATELY!!!! I'M VERY DISAPPOINTED BECAUSE IF THISS INSTAGRAM!!!",1
dc74d7b5-2980-4e26-bc21-f72df3cf3efd,❤️‍🩹❤️‍🩹🤣🤣🤣🤣🤣🤣,5
ef0ca47d-3c3f-45d1-a5ab-bcd4f92dcf78,full screen reels broke. also the count when swiping on images broke. back to the other swiping app that shall remain nameless,2
fdb9aa17-f241-4ba6-9603-25736da9c4b9,this is a very good app to connect with people all around the world ☺️,5
ba05a42c-75dc-49bc-9964-b7e8578ec31f,hang app my divice instagram,1
80d52593-fd4f-44fc-aa68-33b772e39953,It is a very good app!,5
c7931797-4610-4a9b-a158-51ca7cacd615,very smooth to handle,5
797d48bc-c4e0-436d-8bca-d9967aeded9b,ಸೂಪರ್,5
2beac896-316f-4b0b-bf0b-c283037715e9,I love this app,5
9a92af5a-c434-4dd4-b667-d8ab7a9b8dff,Instagram is opportunities,5
8a2ef348-8b4d-4780-bccf-f5baa4cbf40c,I have a new post but why can't I see it?? on my own account,1
8e1b13e6-c2c0-42ef-b771-e0ab379e4c4b,"Honestly, my experience with Instagram support has been very disappointing. I’ve been trying repeatedly to explain that my account is completely safe and all activities are under my knowledge, but it feels like my concerns are not being heard at all. Despite multiple attempts, I haven’t even received a proper response. I truly expected better support and communication. I hope the team starts listening to users and resolves issues more responsibly.",1
bd0a2ad5-3957-46a4-a5b8-2d7c09c42374,keeps crashing,1
32e0c95d-238e-4e10-86ad-923a0b124734,nice to meet you 😊,1
7cc6419c-aa2e-437c-8683-180559314b4f,unable to pause/mute my reels by tapping to it. Please solve the bug,1
3854df23-44d6-4582-b225-31521921ab77,this an amazing application really interesting apps very nice app,5
b102ba7c-668a-4690-b222-972d4392418b,⚡⚡⚡no.1 app,5
12525f24-06da-47ca-8937-5aebefb87046,I use Instagram for BTS 🥰💜💜,5
98df316e-e549-4c52-8bb4-f63a0c1b0230,I am facing an issue that while opening the app a msg showed to screen tha an unexpected error occurred and cant refresh the feed. tell me how to solve this.,1
b96acbc9-8a37-4951-9a28-003b249aea1c,my Instagram not working properly 😔,5
d7b67b65-b7e7-4c5b-8ad9-99b78c1245c8,good app,5
fb9d0ded-5f24-45e1-b65d-e19e347c37a0,super,5
405e3ae4-7003-45ef-ae31-45d5157c97a4,fine,5
de121d33-5f99-443d-bf1e-36dc65dfaa7c,instagram super i love it 💗🪬,5
c402d170-714d-4d08-9559-0212e320f6a2,IG is my favorite app but the new story feature that makes it impossible to add multiple pics at one time to display separately has changed to some weird layout/sequential feature and it genuinely sucks because I have to upload each pic separately to my story now which is a huge pain :(,4
5f5a93f6-fb5c-460f-9744-5762ff81295d,"the worst app ever like without even doing anything a sexual strike ?? and suspended my accounts without any reason I haven't shared,searched for anything but still INSTAGRAM SUCKS MANN i want my accounts back",1
e2531847-f101-43b3-9132-48127406b455,nice♥️,5
5daf4719-7b4e-452e-9f8d-f90e6cc5eec7,very nice for social media,5
897dce83-4be2-4ca1-a26f-cb56e989bef5,excellent good 👍😊,5
b00e587a-f876-4f55-85d5-ed246bccf1d3,nice aap 😁,5
4f2ac00d-70fb-4ec2-8a72-6ade056edad1,"I am report many time to the Instagram team to the problem of Story, post, reel unavailable but my problem is not solved by anyone. what is these instagram? solve this",1
a160863b-3466-4716-950a-0ae90b385307,One of the best apps I’ve ever downloaded—highly recommended! been using it since 2007 already.. 😍,5
cb41af7d-7a91-4e8f-b343-8b73f4f31b30,better nice,3
2d6d8a10-19fe-4c24-a289-55e89d882144,great app,5
897c6afa-332b-4455-98ab-8e3eae887b21,nice,5
bae2d8f4-ce16-4633-be7d-6155269ccb4f,VERY NICE APK 😍,5
895dd1c7-c062-4348-8b21-2099ebef95ae,good,5
ea77d9b3-02c2-4cb2-b9b1-a6e4448d11ef,"problem : when I change password and ALSO click the button where it says 'log out of other devices"", it still doesnt log out like we can still login from other device!",4
8537f197-7a63-4a09-9b84-30d2ae39b8b9,one of my accounts have been disabled for something I didn't do as my account was locked and hacked for three months and when I got access to last week Saturday as I was changing my login details it was suddenly disabled yesterday for nothing and with my new account it was locked and I cant access it and every time I enter the right password it keeps on saying please try again and it goes to a long Grey loading screen thats why im going to give this a one star rating and im still upset about it,1
ed8996c5-4cdc-48a7-95ac-2f6bd388804f,better,5
cf080134-8ddd-40bc-a0db-183662c3965e,good but meri id disable hogyi hai please recover,5
1710422c-4cc6-4d04-9d8e-d58db70cf28b,good,5
15634c92-36ae-4624-98cf-426d1169f7a2,very good,5
03f34bde-e3f1-4bc2-8747-f281a716d487,jindagi barbad karne wala app,5
10591658-5935-4dcc-865f-64a417ca0ac7,instagram suspend my account without any mistake 👎,1
92673dc4-d5e0-4478-bfa6-500a0dedbde1,better,5
ad900525-b278-4c39-b24e-d34f70a57150,very very good ❣️💗,5
e3564dfa-83cf-4867-8bba-44664e7c1893,the application is great and can do more to business but why I got my account banned for no reason please renew it I want my account back it's an humble request please,5
aaa09b63-a12e-40d2-a564-9ee897f12cc4,good,5
ce15af61-750c-475b-8df4-98158cdbe034,I can't say anything about this. it's a amazing app it's best for pola potano it's also best for flirting 🐸🫶🏻,5
133420aa-4fa9-409d-b3a8-9fdd1e892f91,not iqi!!!!,1
e23feafd-8fe1-4d26-a7af-8684881644aa,best app ever used,5
68596cc1-f84b-40c6-b936-cde4d1ebcd4b,"My account dosen,t open with password",1
54b738be-80fd-47f3-a98e-e2d538afc06d,"Greetings Instagram Team, My account (Vineetchoudhary.18) has been deactivated and I have tried every possible way but not able to get it back and I believe this is a mistake from your side as I have always followed all community guidelines and terms of service. I request you to please review/ analyse my account and reactivate it as soon as possible. I have put alot of efforts in growing my page. Thank you Cheers Vineet Choudhary",1
42b67643-3525-4309-a443-78bcbfe41a10,this app is so beautiful and very good app 💖,5
ba8c1c47-a789-474a-8c78-d2904fd2b72e,nice 👍,5
67eb3f0f-8ba7-4f69-ae5a-e4f653dd5843,"I hate adult content ads(available,dm me). Please reduce it. Please remove suggestion (accounts and posts). Please reduce ads. Irratiting.",1
d6067e9d-c243-41d3-a959-0026a4ef0ec1,it's all good and one yes yes nice to have,5
f3f1cb09-ec7a-4f95-84c5-7b7d612a8f92,bast app to my mobile 💞,5
a571fb26-6aa9-4836-8bfe-6f578a93cc48,super,5
5a6a6911-8d89-4455-b00e-3de8b9057091,amazing,1
0186f961-06fc-4356-b5b3-52a1c3d1601b,nice,5
3812bc40-c8b5-49f5-8b02-d36d2a915dfe,real chill and real better than many platforms,5
93adcd2e-3801-4a4e-b57e-f0fc7de6a26b,bokka instagram,5
462499fc-22c0-4b6e-b19a-ab2c0b37d811,❤️,5
4a0bd0e6-4719-4243-8373-e7430fd152b6,~THEBESTOFTHEBESTAPP~,5
b9607903-3ecf-4bd3-b0a2-2358d027435c,sucks.,1
7744a4a0-2f1c-4692-8a99-f5b57327d941,I see more adds than reels and posts at this point.,1
9ebcc373-9632-42c7-94bd-6374d2d3055b,very good app,5
8e3e58b3-8934-40d1-9c8c-7a0b98abbbd6,Videos m tags edit krte hain to protection community service aata rhta hai ptani q....,5
622cd365-1501-4575-bc8c-7eccdad00534,nice,5
3f5caaf1-8259-4828-bbe6-a7c82fa02c52,Please remove this voice effect… my friends turned into grandparents overnight and I’m not ready for 80+ friends yet 😭😭,1
5fac1cfb-e69e-4dd1-a41a-16ffa2ec0d2a,It is really great,5
7d719271-a3f4-49f6-b419-876f07cca9be,super,5
901d7da9-b4ec-44d3-b19c-2f4d1a64cbb7,Super,5
320050e1-1f31-4644-a36f-9cd36394c074,theek hai,4
2b1b2299-f6ae-4347-ae9b-f1c83f694e79,ige a user on instagram harassing me..i need to report.who i was told was removed.obviously not.i got a message from her today.i want this person removed.my accts private.how.d she messqge me.her names stephanie stroud1..i know her daddy.cuz i just called.told him to tell her to leave me alone.,1
60e59147-ed70-4316-be45-b2aad61ada7a,I like it,5
918a2d0c-21d8-4055-9f6c-68ab963e61d0,They have removed ad labels from reels. This is misleading to customer trust.,1
2e8f71f8-2b47-49d6-abce-145bb31819df,Instagram best,5
7f7ff92d-52f7-4412-a876-70819a112ab3,"this app is very very very best app in the world for this app I am now free of stress ,anxiety etc . God bless them who create and manage this account 👍",5
ae32ece9-37dc-4d92-8baf-4d765fb000e4,good,1
b431331e-17a4-41e1-b885-d2b33852d7b5,"I don't know how but my account got hacked and the moment I knew, I ran to change my password and everything but despite going back to normal don't know how but my following list got increased, even I changed the everything and i removed the people from my following still they got increased by the time.... please let me know if anyone know what to do next!!!",1
01c607a6-9846-4200-a939-b399d491da9a,time pass,5
c237dd97-2fc2-4e88-8bf0-a7f1e8ab07a9,Nice 👍,2
77e9c10d-48c8-4083-9d81-1125dcf55414,I like Instagram so much,5
5c6ac42d-740d-4796-8b45-75dc5ccee765,good,5
a86ccf44-457a-4437-8e9f-63c2aa8c08ec,very good 👍,5
4ee1c37a-37ec-4ba8-80cb-07eaa8258a5c,Nice,5
f54920b8-e97e-43b9-895c-65991e14f97c,best app,5
c0c082fe-5276-428c-9722-16dccbc7e563,way too many ads! It's absurd that every 3 posts or even every reel there is an advertisement! but most of all they FREEZE AND ARE NOT SKIPPABLE. WE'RE BECOMING AN EPISODE OF BLACK MIRROR,1
425ed54c-301f-40df-904d-31bcf464db42,Tell me why are you deleting my ID again and again.,1
ee8597a9-6a26-4c2f-8a98-10bcc2219455,best,4
87654b3d-fc93-40a1-a90c-db3b63ee28ef,"I like it, coz it gives perfect experience especially keeping photos & videos in HD quality",4
0662cd7a-9ea3-46c7-b53b-e69cd6fa2ef2,I love everything about Instagram,5
6166a316-e3ba-4e98-910f-0f17a1a6f407,thik hai,5
b0239814-50ef-4111-af17-0aba6ca37322,this app is my favorite app 💗✨,5
9ab55faf-51d1-4d22-b919-27e634a89d9d,nice,5
7c180846-bfc5-40f1-a98c-4f4addadcf07,"I fw the reels, thank you for this experience 🥹🙏",5
e638896c-c303-4878-a464-278ceb79f431,love ❤️,5
606cf733-fda5-4230-a073-38c49138e85e,nice,5
4553d410-9f0e-4457-88ea-a1f93cd8f0d3,good,4
08810bfb-df4c-4ea7-89e7-79863a134a9f,Es demasiado adictiva tengan mucho cuidado de cuanto tiempo pasan en redes sociales porque la app esta diseñada para que pierdas la percepción del tiempo,3
f54ab830-9195-453f-8245-152c7154becb,best app,5
a5f1e17f-98a4-46f6-8d2a-dd29420843cd,👍👍👍,5
1658470d-6241-43be-ad70-a4b338480463,"it's amazing,, you can express yourself aesthetic 👌✨",5
5c37acf7-d54e-4047-84bf-49417d12ebf7,"1★ – Extremely frustrating experience. My account got suspended without any clear reason or proper explanation. There was no warning, no transparency, and no support to resolve the issue. What’s worse is that while genuine users like me are getting suspended repeatedly—even after creating new accounts on new devices—there are many influencer accounts openly posting nudity and explicit content that continue to stay active without any action.",1
315a279f-6976-40e3-9a46-546324edb2fc,very nice 👍,4
6199454f-81d0-4cc0-b6e4-f37f536d8110,Nice work,5
edac9eb2-0a71-4614-8287-559320405c64,"1★ – Extremely frustrating experience, Worst social media app used ever. My account got suspended without any clear reason or proper explanation. There was no warning, no transparency, and no support to resolve the issue. What’s worse is that while genuine users like me are getting suspended repeatedly—even after creating new accounts on new devices—there are many influencer accounts openly posting nudity and explicit content that continue to stay active without any action.",1
4960dfd5-51ef-4f7a-acd9-b377461ae601,♥️,1
b834b528-eac0-4b7a-870e-6a9c72dec833,Nice App,5
12dc1561-01e0-43fa-b160-38731796bbaa,good one good working,5
78295e1f-e99e-4c66-9d1d-3c4cdfac7a35,veri nice,5
d049ea5f-45a6-4ae2-a44f-afab11c1a5f1,after the update I can't recover the account which deactivated. so please solve the problem in 1 week .,1
1cc58a99-313c-4f3f-b8b6-6e760339d179,full support Instagram creater My grow account followers on Instagram,5
767b5327-264c-4163-a0d8-a745e1cbe857,thanks.....regards.,5
c73c3cee-5f8f-4462-9c4d-876efdd315b9,6k profile,5
987a4615-f4f6-4b99-825e-85d53dff0eb2,very useful to use,5
5938612e-c3a0-4fe9-b96d-3a920eab1118,Perfect Social App,5
e9f129bb-de63-4511-995c-52b7b5695bd8,good,5
c9db003e-d27f-4acd-8df0-812e8ed20788,this is nice 🙂 app but no support me for instagram ka manager 🥺🥺🥺🥺🥺,5
7dbf145e-1a08-4a9d-bf4e-c38d668e0bc5,🔞🔞use this app but your age=18+,5
3cd6fbf9-2772-4670-8bc8-31d58fcd974f,"“Instagram is a great platform for connecting, sharing content, and growing your personal brand. Smooth interface and engaging features make it highly addictive and useful.”",5
3e8d88d9-5ee9-45c1-a989-0c6cd18d9b23,awsome exalent one 🥰🥰🥰🥰🥰🥰🥰🥰🥰🥰🥰🥰i love it,5
7072be9c-06a2-4cce-a817-9ec75d4ffe3a,super,5
e5affd0e-3280-4585-b183-e2642d743760,I have no scene,5
846685f4-c63f-4688-8a38-b0753e140f33,"great, but awkward to start to use",4
fb10c992-5da4-48cf-9db0-bda79de57262,love you too Instagram,5
d54d4098-976b-4f5e-bda8-dd2f3b74a64c,Best Social App in this World thank you for this great App...❤️❤️❤️,5
d63571c0-fe21-49d7-8e2c-9461c5fd633a,GooD,5
26d7a42c-38a4-4735-9bf7-438c9b7bf237,update not visible,1
50f08a5a-f318-45fb-a083-226a460040ff,instagram login failed i attempted 1000 to login my my id login option not working please fix it instagram comunity,1
90d6f076-94eb-4409-945c-3b8aa9d3c356,Best💯 views from ini,5
0ded474f-2a11-4f53-b4b1-cf5469401db3,good app.....,3
fa89c8b4-879a-4f35-9ad7-0df94ff42355,"it's very hard to close the app. whenever you tap back button to close the app, it's just refreshing the timeline.",1
828aa009-1914-4460-b18b-4fc64e0566e0,it's too nice guys u will not regret after downloading this app😁💞,5
ac9d0486-428c-4362-ba3e-e8e171c428b1,very bad Instagram don't use waste your time 😡😡,1
68ef6a93-4abc-4d1f-a6a4-9b6ae27b2368,👌,5
b9f7296c-917f-4831-8081-f9fdd93f39ff,Instagram is best social media this is the popular social media,5
791e6ea7-7b01-452d-9684-ce6d82e93f8e,"Hello Instagram Team, My account has been suspended, and I believe this may be a mistake. I always try to follow the community guidelines and did not intentionally violate any rules. I also suspect that my account may have been accessed by someone else without my permission, which could have caused this issue. I have been trying to find proper support or help regarding this issue, but I was unable to find a clear way to contact Instagram directly. Therefore, I am reaching out through this mess.",1
10c6ea48-ab38-4e33-bd5f-7c5c14dee75f,this app is really good this app is make me happy 😊💁🏻❤️,5
b0006b1f-59c3-4c8f-a5b0-15b7a5c74b0f,incredibly helpful,5
a853cfbc-1c88-4c3b-ae28-9428e016f2f2,wow super nice,5
8f2e77f7-e246-4391-a469-bfa9880ff8a3,good App ❤️‍🩹,5
b9b0d641-65c6-4cfd-bfc3-8389667f95ca,very great app love this social media app,5
4aad2e18-8a6c-4b82-9ac5-f1fbd6de29e0,good,5
17736067-fb4d-459c-a71a-5489ecc93e7c,"Whatever posts or reels you want to save, you can forget all about them because Insta will definitely glitch when you want to access them. Sad.",1
06dbbb73-d573-494e-9b08-444c95250547,goooooodød,4
8df77498-01a7-4418-94df-9fda5f1a8e2d,relaxing,5
422f6c89-0ea9-4b3e-b298-c3b4c26b577e,very bad 😞😞😞😞😞,1
95acc46f-971a-4d2d-9189-07e9e206352c,best 3dai,5
afefa9d4-8eaa-486a-8021-b631067ed237,nice,4
6444c79e-0a55-4e51-9d72-3c3d3384e164,ok,5
4e1534a2-345d-4c57-8298-c5e772a9392d,always on top,5
f4f03969-7552-4998-8fdd-fafacf21ee7c,best app,5
e976e005-443b-45b2-b78a-4c670ac18aa5,very nice aap,4
bd981567-407f-42cb-804e-91541964f98f,ok,5
94019428-1863-40ef-ac24-c339abaf6f18,ok ok,5
93ccabaf-eaae-4aae-8a00-b86c562a7a54,all over experience was nice but some time outometically my comments were not showing some times the song tyming was going to less when I alredy set for log mins ....,4
cbcb8e3b-62b7-4823-81e2-dcdd242bb2d3,this app is incredible.,5
9d57f4dd-42f0-4863-99e0-fb2af70e1adf,editing and save problem just,3
b71ef765-f71e-4162-a407-d017a50ae7f6,"the entire app is controlled my AI i got my account suspended for absolutely no reason because of AI detecting false breakage of community guidelines and on top of that there is no customer support. i had to buy meta verified in order to talk to an agent for customer support and even they are just for show, they don't help you at all",1
1cbed5fc-5a82-4987-b079-381030a067ee,"I did everything, and I still don't have my repost button on my main account",2
77049255-eeea-4ad8-9fe2-3be16c32ffd5,it's very good ❤️,5
2660c870-d572-4413-811f-80d477ac6606,very good,5
8f62c50c-bd42-4f68-a80c-8fc65d6cb8c5,ok,3
29aea62d-8bbe-4549-8107-c30eec27244a,Amazing app...full tym user,5
e551351e-e17d-43b8-a95d-52b139f64b03,its nice 😎 dude,5
b9255af1-9ac0-46f9-a423-cb75aba17547,good app 👍,5
b7a590f8-ecda-4b19-81ce-4bd7c95003ef,Nice,5
a557a696-086a-4fe2-b59b-5e3e11dcffd5,Since you updated the app most recently I can't make group chats.,1
2e6db0ee-1a4a-4f4e-8f43-b40f757f197a,sattu rajput ❣️💯,5
0c2ff9c8-2c6e-4fe8-8c82-cc1acf35c746,good,5
65386d81-403e-44f8-ae28-ced1b1396689,"Whenever I watch reels, after 2 reels, the ads have become very useless. This app",1
b3299865-2c8e-4db4-895d-537c63ef9c72,it always banned my account,1
9202e31d-69b3-49b2-9652-3e890d7c2d96,I just love❤️ this app 😊😊😊,5
707cdb2f-2b3c-4fe7-ba30-52c9ea3836d3,"why are you suspending accounts with no reason?? all my accounts were suspended and i didnt even do anything against community guidelines??? fix your bugs, i could lose my account without even doing anything.",1
f1421f9f-baf4-4609-b377-7d5db09b8135,videos are not gaining views,4
7c89e3ce-1721-4978-9037-fa87cc89ecd8,🙏🙏🙏,5
bb3bb48d-c075-4106-b5c9-a627de365369,excellent app,4
7d715ecd-7e47-4ef4-a878-f2b7c0419b22,I like to use but I never give up,5
1185024e-4b12-4d12-87af-313923a2e4cb,Nice,5
11fb7da2-0415-42db-bee2-29df7971b377,Please use it Wisely.,5
d2dd6ae6-ed02-400f-9a94-7a770e7f09d9,best,4
b6096074-8665-4849-bb65-62f0e743642f,very nice,5
939910f7-6868-415b-ba74-2cafded78fba,best social media app in the world.,5
0671dca3-b245-4dbd-8f6b-f3bd83503f6c,super,5
9bbd9f33-882f-429e-9cf0-1bd642215116,this is amazing app for use me and other person,5
8232bbb4-200f-47a7-b44a-82d9c8011258,excellent 👌,5
b4c4862e-0278-4684-b4b1-f2c5d496c033,Good 🌃 baby,1
9fa924f0-7198-4d39-bc9e-1694ec8e73c2,bina baat ke account suspended or disable kar de raha hai insta pagal ho gya iss app ko iski aukat dikhani padegi iska dusra alternative lana padega,1
dfe88a25-26f4-420a-8366-aa4dafdea01c,🤝👍,5
ee9234a6-8c77-4753-9cac-570a9878398f,very good night,5
71a11a9d-53d2-4297-9cef-c160b2dd1846,it is very good app,5
a56d4655-2eb0-4a02-9f21-f371e41b95d7,mm good,5
123059a9-ce1a-47c1-be67-e1b77bfcefb6,very good 👍😊 app,5
1e099e35-a7c4-4f0f-b9fc-603b0e6f0f3d,For some reason I have 2 of my accounts banned for no reason and I want this to be fixed ASAP,1
93a72054-8342-4444-9e79-a98e437b117e,i like but my 4 account suspended continue,3
3e1fa49f-3be8-4ba8-9a32-574ad2ef9fc4,nice and beautiful 😻,5
0e1820d0-a11c-4990-8fce-e1250666211d,hey instagram I can't log in my acc can you explain or help me,2
9e3d0f8f-434e-4ae3-938b-8e427674dd2d,"I hate Instagram a lot because I close all the accounts I create. From today onwards, I will never want Instagram and I will also get all the accounts of my family members closed.",1
e83d468f-d5f5-4fea-bb49-e597bf75ed5a,very nice,5
49275515-33c9-43b5-a64a-9eb2aa4c9d9a,"Stop your updates now, because your app is growing day by day, if someone hacks our accounts, who should we ask? Have a solution ready for this.",5
ad7c5ce1-23b7-474e-b143-9102d2f09bf7,"🥰🥰🥰🥰🥰6️⃣, 6️⃣, 6️⃣!",5
8f11a7d7-7cbc-41ee-b44e-93f974a8cf8d,#Instagram good app 👍,5
e2e52dbc-ec8a-46d2-8655-1c169b0552fa,❤️,5
8ae4d340-8efa-492d-8d08-2df0964e9e00,so sweet,5
916e6aea-e801-4420-8182-4f466b5656f0,love this app,5
5c3862de-6402-466c-a607-8d36b72c87b8,best social media,5
9114d785-8b7b-47d2-9b73-eff82cc75f00,This aap is fantastic app and spst post every think is ok,5
624804b3-9d6d-460d-a681-5b4159f83165,great app but I don't like new update of privacy,5
c0ae8d2f-70c6-4b64-a05c-5e2f28b88a98,便签一直不见，删除了再下载回来，一下子又不见了，点进聊天那里只剩下聊天，便签却不见了，垃圾,5
e0d65188-025c-4edc-9c0e-6866f0c2cccd,meri id suspend Kar diya Instagram walo ne or jitni id bana rha hu sb suspend kar de rhe hai 😠😠😠😠😠😠😠😠😠😠😠😠😠😠😠😠😠😠😠😠😠😠😠😠😠😠😠😠😠😠😠😠😠😠😠😠😡😡😡😡😡😡😡😡😡😡😡😡😡😡😡😡😡😡😡😡😡😡😡😡😡😡😡😡😡😡😡😡😡,1
9855538f-4eac-4473-89f1-c819b929b11f,very convenient for socialising,5
0e4aaa9f-84a3-4fad-85f1-2a44a0d6579c,trash app delet that trash app.,1
bee113f7-7ec1-479c-998a-1b02d2b7cc42,nice,5
52a6d169-4f6b-4a14-b982-7a2e6505ac1a,easily my fave app,5
2f65bcda-3373-45ee-9189-4206fba25a38,"Good App for motivation, comedy, fun, etc.",5
a433a091-4cac-453a-bcad-77d27a97680f,good social media app . but yall should stop being nonchalant about giving pep unexplained banned or random information verification (identity card is the worst for 16~17 age) and should fix the ways of giving solutions to our problems and give us more opportunity to explain 😀🙏🏻,2
abbbbe4e-6230-4628-ae4a-099cacb6c216,very nice,5
5f71962a-6998-4e9c-93ce-a1f70ae05bba,super app broo it is used for love,5
a8875989-a2bb-41b4-9e7a-0414add1af1b,best social media platform,5
bedfc325-165e-450f-bc68-fcb34c6f97e5,very nice,5
65c8cc3e-4652-4ed7-b463-ad393e30a19e,Active and Live App for Daily Life,5
c60ff9cb-1937-404b-a5c3-5fa016898228,nice app,5
711d3deb-9006-40ff-837d-2df9f8798294,bhai sahab Apne badhiya application banai hai,5
13ca7446-bbd7-4a4d-acfc-9404dbbdac6c,nice app,5
b0ac78c5-afcc-45d5-8a2a-1de12ca11a55,very nice and social app. Even has an editing app.,5
8cb0633e-6a3a-40c1-ae68-848f6220370f,good,5
71889d93-4229-4b12-a1c2-73d328340470,BS app. My acc wont login to my phone but I can log it to my desktop. It keeps saying password is incorrect even tho I'm absolutely sure it's correct! it's so frustrating!,1
9f0cfa96-f63b-463f-8bdf-0cf9438aa8bc,best app but I want 10m views in my post,5
c411dcfb-21cd-406d-b391-d14e1843fc23,awesome,5
354aca2d-f1c3-4e43-b239-c2ed6f5ab257,very good,3
a8a9d275-075f-49c9-a7cc-10bb4cf5d0ae,good app,5
cd2d7eb0-da89-4855-872f-f79492aff6c9,nice,5
c54b2ca4-8b98-43ca-bdbe-db0aae99b88d,exlent,5
45957e4b-b6f4-4a70-b0d7-a9f65105c6e6,bekar,5
7de2b0b9-f1d7-4055-9669-7508a9e9a89a,idiot apps lol cannot unfollow,1
99ab5a65-57c2-479c-bd6f-9cf839312027,nice,5
f68ea5d1-0210-4abc-83dd-5582bf125b33,good,5
054c3249-6ae8-4302-8faf-d8a6c8b64ee8,worst 😔 experience,1
7701a5ca-041e-4b22-be40-e71141ae42eb,Nice App,5
c14a44da-77bd-4a0d-962e-f879e1f67bff,"I was banned multiple times based on false accusations. I then got my account back after Instagram realized that they were in the wrong. The my accounts got hacked, and I cannot do anything about it because Instagram will not let me.",1
4a61a899-86ec-4e52-8646-355ff59d235c,👍,5
b83e7df8-4c7e-4ed6-b7a5-917d38b2ec69,This is dirty,1
3494a4ea-4fe4-4e19-856c-ed1d9529c154,just download it 🙂‍↔️and u will get to whyy,5
f0dd61f1-ff3a-4f79-bc7d-8ccbea72cc48,expensive,4
a976cbb0-c897-482a-bcb5-c3493287e542,nice awesome 😎😎,5
c0e8fa5d-fc14-4c9a-90e8-a578dd80ee45,"It stole my data. There are a lot of privacy concerns. And it's doing nothing regarding child p0rn and reports. Instead of dealing with the reports, it's just banning RANDOM accounts to pretend it's doing something. Besides that, it's forcing so much Meta AI on us. It's heavily unethical.",1
0d5cd720-e19a-4d35-b358-e68d7115a02f,it's okay,4
02bf596a-c2a2-41be-aeb4-853b7aeafe89,very good,5
3f83a00e-b3ef-4b6c-8c37-7ceadb933670,good 👍👍👍,5
14ba34c9-7f07-48a8-a741-9c6b83f3c878,this is a very amazing app,5
47992746-e26a-480a-93aa-3d74460096cb,"while Instagram was once a nice way to stay in contact with friends etc, it has become so awful. The mandatory ""ad breaks"" if you choose to not have them sell all your personal data are absolutely infuriating. Fix this!",1
b468b5b4-1dc9-4bdc-bec9-dbd1fb244b76,mr.somu👍,5
487865dd-3374-4d7a-8806-be53e02877eb,Nice.,5
18f4e7ed-ac94-4d39-9a86-2455fa455f89,best social media app,5
b89704e0-016a-4c27-a0c4-8808c24a396b,bru wheres the option of browse effects,4
a1312cdc-129a-4ec5-a534-1cf03c7cfe99,this is awesome app for enjoyment,5
2879e019-48d3-4c14-86b2-4d8cfd4c9b67,Instagram diable kyu ho raha sab account pls help me,1
f0ebd214-61ea-40ef-a15d-15d7b4f9a06b,good job,5
8de0c7e9-8bcf-461e-a28a-4f7c41b07a9a,"published a review several years ago, not even more bug, and can't see much my friends sharing stuffs... Used it for years A lot of bugs recently plus no moderation makes a lot of AI videos not mentioned they are, or video out of their context, just to create a reaction, while it was stagged.",1
784fb2e1-89c8-454c-9ad3-9e6122786257,good,5
8f2cb351-5508-4232-958e-d68da8bcbc24,"""Dear Instagram Team, my account (@hustlemuskan) has been Suspended deactivated. I believe this is a mistake as I have always followed all community guidelines and terms of service. I request you to please review my account and reactivate it as soon as possible. Thank you for your time and assistance.""",1
60c56a25-71d6-496f-9860-d5a00f347794,A very good experience,5
eb7074be-43d9-46bd-b1b7-1baaead789fa,good app,5
0318e6ea-354c-4b4c-848b-2380cfe5d9ff,I ll never gonna use the app. After their security update. continous banning my ids without any tenchincal issue how can i rate -5star for the app 🤬🤬 ..,1
405bd3a9-ccbd-4dc8-bea2-24e6a62daf3f,"Instagram is my go-to app for photos and reels. The interface is clean and fun to use. I enjoy sharing stories and exploring content. Overall, it’s very engaging.",5
379bf5a7-aff2-4874-b951-f3fa50c3ba47,great 👌 app,5
59d35c31-6f85-4deb-af41-4390e05bedff,"I love this application but the save system for location save has a bug, I lost every single place that I already saved",5
a127584f-16e8-4a5e-a0bf-7ad53afcc4b9,nice,5
725daf99-6a87-4eb3-b507-067f49b3ecbe,First application 🥰🥰,5
4aa5bf5f-d4ea-4c03-a6b0-443d770adf5c,good 👍,3
0ea81f3e-d145-40ba-969f-c68782e682a3,good,5
e29af1e6-f31f-4038-9fdc-a2125e57cf07,bohottt achi app ha,5
00e5abc9-2739-48b5-bb96-f624bf1c1e1f,good,5
8b41ca99-f573-4949-a505-6e90214cf3b6,🛐🛐🛐,5
b7cf1839-47f0-45e2-b6c3-91d3e4e9936c,👍👍👍👍👍👍👍,5
db9f048d-db06-44c6-8c2d-3fb9df9ae819,it has problem in call,5
a77d3328-668d-4b73-ac67-6f16d3edb7a1,This is so much better 💞,5
f7f026ed-c133-468b-8142-484f8a6877f4,yeah ilikebtw,5
6cc90afc-7a3d-4d22-9d73-9969a21e4da4,world best social media platform instagram,5
8e7badc6-d34c-4658-9fec-c5235a01f9ca,nice app 🫶💓,5
9189f255-d8f2-4781-b0a2-ae9bf0e86168,good,5
ef85cc46-82cd-4d4b-8517-6691c5808476,Viral Reel,5
39f4e32a-4308-4e79-bd91-483cf0e9eaa1,Indian no 1 . social media platform,5
c58f33b7-f001-4a61-a385-3430a5c2e5b9,"i created an account but my account is banned due to reason i am not human , what is this! unban my id as soon as possible.",1
b09e4941-75b0-41e1-b46e-980eaf15378b,loda,1
3394b3a9-2a4c-4afe-bb39-cb2ae7f35607,niceeee,5
5e8b898f-f131-4369-8d73-f8b604540b47,Very good Application,5
7c591c50-c19d-45df-9e5e-4b0d87958815,sooo good 🤩🤩🤩🤩,5
fd4efc0d-abfc-4872-9532-756f50f8956f,good,5
7f6ab844-9122-4003-9add-e07ff06ee4ea,The app is too much good for us to entertain because it's free and unlimited reels,5
8d37ed5c-0127-4b03-b9c1-3807d1a17433,good 👍,5
2dcbb89d-8944-4ad1-83e9-2b62ef510d87,Very very very lovely app enjoyable app,5
a3a4700b-3b89-4247-a291-08f5ca339fad,ok,5
8ce57656-a11a-41ba-a96f-30b41ae5881e,baad ap,1
29a6111e-d2ab-4a36-8d82-3b8e6e7e132f,it's very worst like my brother,1
c724ff06-42f9-444e-8a6e-651a9731abee,very exliant,5
b12086ff-4a8d-4e80-9903-d7251f61d987,superb,4
a9f44456-4080-498d-a5a7-439d7ea303a7,very expensive,5
e867dd56-a052-4018-9e28-f8e64dd51871,it's just goat!,5
8d1e787f-6250-43a9-8d49-f144eef5efe2,ok hai,5
fc11afdc-3651-4d7e-80f8-f89b88fdf939,use full,5
d2484239-fdef-4802-bef3-6db25ba2d7a2,amazing experience with us,5
eb344814-de1b-4349-a388-c852e0d94dad,best apppppp ive ever seen and used,5
0630e452-0442-43ba-a3e4-ffd570369133,wonderful experience 👌🏻👌🏻👌🏻,5
d0f27e6f-664c-4525-8362-650754c66e80,ok,5
ae0d24c9-db0f-4a13-82ac-a322a7dd88ad,سئ جدا جدا جدا,1
79768b19-5023-4c22-96a8-97a12a36d1d9,this is good,4
ed7d0ca8-ef7b-4cf3-a5fd-ddfc2739f18d,best App of Social Media,5
424815e9-7269-48f3-a0b8-3ee16153200d,plz my account deactivate,1
7b5ba3d4-fbde-4ff2-86c2-570afccb6db0,The best socialization app,5
33b6f78a-16c8-4407-ad5a-547e01c1079f,nicee,5
4c79a277-527f-493a-aafa-48a88e33920e,"they disabled lots of accounts, mine too and my friends, cousin's. i didn't even do nothing to harm people i just wnna make an account and post some stories and some posts yet they suspended my account that's what they would do yo your account even you didn't post something or do something instagram always suspended or deactivate your account",1
8a66ef74-7e8b-4dcc-86d3-d600c84c4cf9,bravooooooooooo,5
3ccb40de-6770-4903-a3a7-a7c2793eaa5d,अरे ये 1000 फॉलोवर पर लाइव वाला बंद करो यार ऐसा थोड़ी चलेगा वरना सब डिलीट कर दो,5
95066c88-93e2-4bde-a34a-85737aba6897,good,4
12a4067b-9992-4f20-b1fb-e257dda1dba6,easy,5
8d8fd98a-ac6a-4cbc-b686-d0a272a81833,best friend,5
966e534c-a559-45ec-8fcb-a46ee1e02828,love you muaaaah,5
4bcbe25c-f0b8-45af-b21d-66847788abcf,🤭☺️,5
895ce478-d7b4-4f43-93dc-240d2a11e3fc,"I'm so disappointed with this..... That there's many problems in this application 🤧 didn't like that, 0%",2
bf487dfd-54f9-4fd3-a0ba-201b1ca140cd,"permanently suspended all my accounts one after other without a reason the new Security in the hands of meta ai ruined the whole experience unlike the old instagram which ensured privacy and freedom end to end encryption now is all doomed , nice way of earning tho you can lose account if you're not meta verified lol , I'm frustrated hope I'm getting my main account back . if not I'm done w instagram🙏",1
f1535fe5-e8c6-49b0-8b83-c33822534062,they disabled my account and also my fb account,1
cd59a26b-3f94-4135-9ad8-fea6ca134f66,"very good, you can use .",5
b1ac2fc9-6e43-4c56-9f4a-a47842a053fc,best timepass app,5
a7f310d8-d93e-4f18-a0cd-6aae9111b884,very nice,4
038641a5-2d2b-4157-81c0-67768e89da7f,Just started using this platform recently… and it’s surprisingly informative when people use it positively.,5
e56a416c-a3af-4e0c-9f17-d95048d55a78,mere I'd suspended ho gyi Hai 😭🤬🤬,1
f0944be2-d0e6-4983-9d06-b83ee72e9a26,ads are not scrollable it will take time to scroll pathetic updates,1
bd634e94-1b9f-4003-9199-755eddc6cf5c,Good,5
9b864d89-0ca2-4471-b42c-7d842f7054e5,instagram is not viral my edit 🙃,2
2d73fa70-f8d6-43cc-9532-a52c0ec99707,nice app very nice,5
947ee367-7bd2-474b-b213-bf038840b75a,Instagram ek bahut achcha app hai jisse hamen bahut maja,5
8e58caa0-f830-459c-ab37-ef4ce61e92c8,i like instagram love,5
d90f4ec2-697a-4352-9eb0-2d689fef4cc3,osm,5
3f0f068d-a09a-4516-977b-3e368a2ee824,nice apps their products were soo much good 🤩,5
6d3d96d3-7b61-4668-9087-a6ca9f09f133,it's unbeatable 100/100 for me I can talk to my friends and interact with new people from all over the world 🥹 I love it Soo much .,5
fc3526a0-2e84-4ef5-a3d4-5f989971cd4f,injoy,5
a09cea35-ab3a-411a-ba46-6956e5910e66,📈🔥,5
e1f988fe-7b76-42c8-94a1-60be439f1874,it's cool 😎,5
15307069-e30f-48b4-b96e-4bc11cd5e6fe,instagram is very good,5
43223335-9d66-4d4d-8332-b739eff85611,good experience,5
e200678c-d77c-4205-9a31-0c8ed3c7bdc3,new pechan ke liye thanks 🌹,5
f31d7c17-cb95-4457-b06c-d5b13b8409ec,nice good,5
6fd1e561-ba0a-4718-b3a1-2d1744eae84c,been using it for soo long but this new update for android tablet is really messed ! the feed is minimized and cant even read full length captions as the space is reduced to sides ! this is really irritating ! i hope you will understand the concern and make it normal as it was ! other than that no issue!,3
e2368f1c-95fe-4fc9-acfb-038130155cbd,no girl ever messaged me😭😭😔😔,1
e9472a5e-600f-46df-a26d-6a5d01f51904,super 👌,5
61af6837-bc72-4fe7-ad72-da1706a3dce7,I hate it🤮🤮🤮🤮🤮💩💩👎👎,1
ee136f14-e161-417d-946a-d74eb101d4d0,nice app Ji,4
b88af752-23b8-4ba7-929a-af6c13117679,On this day (memories) has completely disappeared on my stories create page... I'm getting so annoyed with this app.,1
b857764d-9561-4531-8c82-c44d7beeff9a,good app.,4
2a80523f-3449-409e-9ed8-9dbe8795e0f9,soo intersting,5
1b8263b8-4118-4de3-ab09-75af231ae0c0,gorgeous,5
c17993bd-a237-43a5-9d23-585a5bef3e4b,Everything is nice but I didn't like a few things first is that I upload a lot and I guess my account deserves a lot reach than I am getting seriously I see some beginner artists who have more followers than me with just like 1 or 2 posts how is that possible maybe they have paid for it but I am the one working hard for it.... Don't I deserve a better reach too ?? Ok away from this the second thing I didn't like was the new privacy feature that chats are not private ig it's a rumor but still ...,4
a1fbe6e3-f5ff-487c-868a-b3391e86b90c,The most powerful app is instagram,1
da12ab67-6dd4-4874-adb0-736327b392e8,"It's clear the app is running a campaign to close accounts for no apparent reason. Many of my friends and I have had our accounts closed as soon as we create them, and when we try to appeal using our phone numbers, Instagram doesn't send the codes. It's the worst app ever",1
47772681-9965-486d-bbe5-7cd9014cc509,best 👌,5
bf70cd54-7c48-4111-8b52-b413c042bd11,ek v friend nahi ban rahi 😆😆,1
e2f4b53a-5d79-463a-8b3f-6b13b6c8b544,Good,5
fac8601a-66a6-43a5-ac6d-c7de8ac39032,nice application,5
70882f35-9bfc-44ba-9bbf-29b4b29beb8a,"soooooo, soooo goood",5
80d3a12f-9474-4584-b3ef-0a6a2831b4bc,good,5
5943bdc7-7389-4bda-9ef3-5c4514ffc6fc,nice 👍,3
25588d4a-c380-413c-998e-1d49b0693ee3,my account was also deleted because of nothing just they deleted my account due to no reason i just want my account back,1
8767a582-8777-4042-adab-7b98cb4d0db6,good,4
8ed91de4-031c-45cc-bf22-e3e3d03952b6,i love you,5
bc7e88f2-1cef-476b-b681-2827bd8abc8a,good,5
59a6fb08-b220-44f6-9690-e9552a0fb912,I love it.... But in instagram we can't download a thing. . editing my review I am giving 5 starts because it worth it . awesome 💯 love it so much,5
f09d7f54-92ab-4026-8f53-946d2dd4ee5e,very good,5
76e833a9-e921-401b-a6a3-d89870acf7de,"it's actually Enjoyable here to watch the reels, No Waiting for loading for long. tho I kinda want my Account Public but when I put it on Public other indians Were In heat and kept sending me Other dirty vids.. so please Fix this behavior if you see it and you're one of them..",2
2c9948e2-4aaf-4271-98a7-30e447be4514,thanks insta family,5
f35cff2d-ec1c-480b-a90c-1abd18b0b79c,mst bhai,5
269118f3-d04e-4e7f-8efb-006df4c252a0,good app,5
887befd7-de99-4e3c-90ec-c492d5621c1f,cute,5
67efd11d-6c64-448a-b77a-6806f2562dbf,nice,4
2e4c11d7-f99d-43a4-8243-88bf33e1638d,it's amazing to use,3
ec7b4a44-9496-44c4-8fe6-654d9eb00e82,LET. ME. REPOST. MULTIPLE. REELS. RELEASE. ME. STOP. LIMITING. MY. REPOST.,1
41aa5686-67fb-4700-a6e7-f3cad7839ace,loving😍,5
9f953aac-2de5-4d76-ab3a-f819e7242b9f,very గుడ్,5
c6e3c223-29ed-4e62-b152-23343f7c5850,having fun here a Good app I guess,3
66c2f733-b925-4aec-b5eb-397c13436deb,it's very amazing app it's make every moment enjoyfull and make your life happy,4
9fef4958-a893-41a0-8ed2-254b6940f852,"Since the first day, Instagram has had a bug. Now you can't see what you're typing in comments.",1
88ef0112-92d0-43c5-a0af-55204af4b440,instgram is this platform change the people emotions ❤️‍🔥❤️‍🩹❤️‍🩹❤️‍🩹,5
3f25e8fd-89ce-4124-8b30-2ba1c83f6211,very very good,5
c1aef72c-9d18-419c-a90b-e9ab1373ce15,best platform funny reels and time pass and business app,5
77f583ff-6fad-4c30-b2bf-0b87058885a4,good,5
7ffcd229-e575-48a7-bdb9-f372b9fefeaa,privacy security,5
1c70634e-0fef-419f-908f-9da3526f4675,when um selecting music and I choose the lyrics from the music and when I am saving the edit from insta lyrics I edit is gone it's only the photo but no music and lyrics.,1
41f2bbf5-39e3-4ab1-b165-63fc7cdfecf6,"Instagram sent me too many appeals from the 9th of april 2026 ,On the 10th of april 2026 it sent me 4 appeals in one day,on the 11th of april it sent me 2 appeals,on the 12th of april i'm still on the 11th of april apeal help me my account is disabled",1
98e0241e-4710-4321-bafb-1c32a128bdd6,Instagram is very interesting and it is full of enjoyment. I am loving it. Very good app.😀😃🥰,5
fdcb0c61-4a61-4617-b991-b3ffac2aa134,😠😠,4
5d8f2832-9581-4437-b497-72d233a8cf1d,dear istagram team login problem solve two factor authentication off solve please reset,5
3e0f4edc-1ef6-46ee-8c88-4f6dcfe3a516,raman kumar 💯,5
33962f44-ab8f-4914-9023-96e3cc5356ce,it's so beautiful and enjoyment 😌,5
45b6e709-a9cf-4195-8120-f30b613b23c8,Used to work fine but now all I get is spam follows and racist content never gets removed not matter how many times I report it. Now I don't even get activity from my follows. completely pointless,1
cf3673ed-c94c-42d7-aa51-7b170a8d5298,beat app,5
4c88f46d-1485-4e91-9a87-c058909a1f22,best app I have ever used and still I use ✨️,5
f3233903-1dbc-4294-a89c-afca287e9c21,super,5
b5b083ae-f09a-4144-ab17-c687fee2c4cb,Nice 😳💖💖,5
3cddab7c-430c-4f9d-8b3b-f7b33f50baeb,so easy to use,4
a7742a5f-d808-495e-b589-d0cb0f45da6d,this app is good....,5
5a2362ec-8fce-4c1e-a679-b47ff5fee0c8,nice 👍😊,5
974b7a9f-2416-43c7-a54e-f581b34ab92b,best,5
87337bd9-b1ef-43bf-8831-376e1c198a1c,this is really good 😊 l like this app ☺️,3
c0e1c591-9a81-420d-90f0-c2cb14e6da75,too good,5
a03f2f65-f2e7-4bc6-8189-b30dc79962f6,nice,5
09a98c84-0f38-4c25-b861-3101871710fa,hard level ka app hai ye sabke liye sahi hai jesa mood waisa video apne aap aa jata hai,5
426ea976-2c9e-4d29-a93a-a321a57b7935,best apppppp,5
5e172dd7-e631-47e1-ba86-fa05b892b5f6,account suspended,1
6a1c84ef-956b-42c2-8ba9-7befef5e17e9,𝑔𝑜𝑜𝑑,5
b6c12fe5-7e95-4290-82d3-94ccaedc3ac6,"In my opinion, this app is amazing. It lets you meet some people that you don't know maybe where you live around and living in your country as well but they may be some other people that may send you some sexual content which are not good for you. So I like this app, but it's very, very adult's proof and I prove so I do not like prefer this app for kids in my opinion, but it's an amazing app. I love it, but you can also prove people as well. So it's an amazing app that's what I gave it 4 stars",4
22d5dbe7-c0ee-4ec8-a3fa-33c299bdac76,🙌🏻😀,5
0d38f824-5396-4a46-83b5-8d9965048aa2,bro my insta oldest insta account has been temporarily locked and it want code from the ph.no. which I have logged in previously but now I lost that phone no. also i have not given any post on that account to recover through video nor given my email account to recover please help guys 😭😭😭,2
a1a53df6-2e4e-4f76-8407-260c9872dde8,👍,5
8076a619-53de-4c9d-a38f-8d7aab09569e,the best app is this,5
e9396fac-c4b9-4709-b941-c7b851d108df,very fun & interesting,5
8a308c46-8b85-4b05-ad32-391d5ead7a59,"worst Experience, gif aint sending, theyre always stuck at sending... fix bugs asap",1
1a981d78-33e7-48be-966f-5d47e2707aa4,👍 great,5
7e7535d1-7e9c-40d4-a34f-cb867bc5cabf,bhut accha hai,5
c5862f59-5fa2-40a5-9b71-1f4d148762c9,"Story views and unique viewers mismatch bug for the last 1 month. Total Views are showing much higher (for example 12 views) but the ""Who viewed your story"" list only shows 4 unique viewers. This is happening on every story I post. Even after accounting for possible replays, the numbers don't match. The unique viewer list appears incomplete, which is affecting my story insights and analytics. Screenshots attached for reference. Please investigate and fix this issue as soon as possible. Thank you",1
334945bc-be30-4f06-88bf-532ab42a7e3b,Good experience,5
89c447fc-4e80-42dd-8efb-0177bdcf119c,Brilliant.,5
d5a121fd-2c58-46af-acf5-8460db2663a7,best app,5
346cebc7-f958-434e-befb-134b50aa5152,nice experience but it needs to improve,4
24ade311-addb-43ce-9635-e264f55c61d3,wonderful to express your talent,5
ac5a6044-aefd-4e33-ba75-c98877102a58,very nice app,5
7cf994f3-6717-47be-a589-9395ce9f1c33,THIS IS AA INSTAGARM AND SAHI ISHMAL KARI TOH AACHA HAI GALAT KAM KARE TOH KIYA MATLAB ISTAGRAM KA SO ARE VERY GOOD APP BUT USEFUL IS MORE INDIA,5
e5d735a1-0c8e-4c78-a978-c5a074484928,it is very good app,5
6dc8aaf0-8819-4003-a512-cf567bf1a9f3,my account disable 😔 but why please reopen my account 🙏,1
b0d5267e-b53b-42de-a793-647d5716a23a,Mera account disballed ho gaya please open the account account name 1__karan__00000,5
de7f5bc8-3553-4d85-bc5d-f1a647f38a24,instagram tum mere pass vapas aajao main tumhe 50 rupee deta hu usse tumhra ghar chalega kyuki tum meta vale bhikarchod ho,5
165871a0-f390-466e-b35f-c3c32532464d,insta ka wajah sa mara career khatam hona wala tha,1
29597ba4-3d3f-4460-94b9-b070ec5ab3df,I really enjoyed this social media app,4
bdb5525f-a535-44bd-ad63-0388e443d310,best app thanks for your,5
6adc77c7-7fa7-437e-9542-7e7d5f36231b,thik very best app,5
a67f1554-7602-4a01-ac75-2acfaa46db7a,very nice,4
b64767aa-4042-4a71-94ca-61729712086c,peak,5
d2c4de1b-7ea4-444c-961b-ece317b4504e,good,5
c065b6f5-e30d-4edc-a4cd-606dfdb743d5,Nice 🙂👍,5
619c4881-65e2-41b7-b58c-8a501f991eef,vey bad,1
4a0d5385-593c-4d66-865a-42648dea2677,good,5
de2f7e18-3886-4725-a6a2-82e969d5c24e,Wow what can I even say this has really helped me a lot everyone should try it out,5
c7d4056e-1690-47d9-a314-daf54cf2ddfd,it was good time pass,4
da985fec-8edd-4d87-9bb6-767e83ffa7eb,very good 👍😊,5
792de9a4-9da7-4c10-aa2f-280988a9f233,Great app,5
94c43e46-a7c5-4061-87f1-34bbf57fec63,👍🏻,5
64a00a8a-523b-4851-a6c1-d0ba326965ff,Good,5
09e576e3-ea96-4262-8bdf-e2459411ab5c,🙌🙌🙌,5
a138ac0f-3c1d-4c42-8c09-08477e0657f0,good,5
9a277368-f45c-4732-9c84-a797665125fd,good,5
d954854f-4d6d-49f2-b7e7-fcdb3a199be6,All videos and stories are blurry,5
88afedc6-dfda-4d3d-8d99-f8beb08e0ee6,good,5
2071044a-8792-404c-bb45-c5aa4dbb357a,god leval app,5
0e55e72b-8a2a-40c8-9a50-b853b3165b8c,perfett,5
80f924eb-2e4b-4c96-b562-2b4f83288fd9,i am above 18 so why Instagram asked me to add parent,5
d878436f-548a-46a7-a259-b06efb07ecf2,I am sad,5
f8636fae-d2ca-405e-a874-e03655a3ba56,I love Instagram it's a fun amazing app,5
5b93f671-4f5c-4b76-8860-6221a7e1c679,good,5
0cb96fe5-0f44-4d59-8028-82d363d6ac4e,best ✨️👌👍😌😎💯,3
65e20960-5b6e-4049-8f6d-92cb12de71d4,Hello 😍 bolo,3
2af2f125-e64e-4a63-9091-eddb187d86c9,great,5
3d473271-4449-444b-a433-e61270c83fc0,I have never seen such a worst app in my life 🤮🤮🤮🤮🤮,1
02db4d02-d000-4824-9132-08878feed31b,i love instagram but my real account ban for no reason and I'm feeling soo disappointed I try everything but now I'm done I don't dowlonded again and I hate that aap so much because I make 3 account one by one but all ban for no reason I hate it soo much.,1
a8be0945-4317-430b-b53a-b600fff86f8b,good 💯,5
4889a628-b2f5-4fbb-80d9-a9cf7b8f03f3,good,5
e8719b37-f18f-4848-ac20-72df180a6749,great full,5
e88e072d-542d-4e6f-98ee-ac0dfeedd92c,suppar,5
1df1f5ca-fbd4-41de-a6e1-ce5cda45dad9,very much helpful for BTS Army 💜💜💜 because it helps me to watch the BTS update.. thank you,5
c044fd94-5eed-4a6b-83f1-efad4273f86c,it's amazing 👏 😍,5
ce347ef7-2114-4bc7-be25-86dc5c25b9c4,"Instagram ones of the best platform right now, first explore through social media, keep people busy and scroll over.",5
d1d6300c-0db9-4411-a733-5632f197eb3a,good app i enjoy making reels with it,5
3cbf7983-46b9-4bbf-b3b3-daf9473d574a,my account was suspended pliss give me my account,1
cfde2c1d-c374-40dc-a29c-4dfe4ec9e1fb,my fav app I love it very much I love scrolling to see beautiful and pretty things I chat with my family my heart my bff 💞✨ I like this app very much,5
53dec30c-80df-42c5-a303-a4cff55343fe,my Instagram jaya Lakshmi,5
1fe13049-fa7e-4952-9813-1fb66530d2d9,great information,5
cfd5f990-11df-4ba5-b697-03dc0a8c26ec,Very useful,5
075a0cd6-e412-4cac-b91e-58e01de40b98,intrest app,5
b48d3226-deac-4da5-9be7-bee93d14e17f,very nice app ☺️,5
18e1cc60-8a6a-4ae6-b10d-74d4632d8b0a,👌,5
4fed12a5-fb24-4b98-8616-5fe6aba8dcd6,bohot acha hai 🤌🏻🤌🏻,5
1a29d5d9-042a-4e3d-bcb3-0118db5bee8c,👍,5
e74869d5-0738-4611-bc95-0fbb34e1f67d,it kills the time.,2
fb031530-7814-479d-81f5-16d65a76b096,i love it,5
af52ab4c-09fd-4324-81c0-f528ee1cf216,"Alcoholics don't run in my family, they drive 🔥🔥🔥🔥",5
41201fc1-619c-4974-8c1f-1b456cf2dc3c,one off thee bestest social app,5
c3de965c-a8ad-447b-9202-a3500b6a7769,Amazing if you want to explore real things,5
32c6b61d-855e-4f78-b9bc-a8c785ea01e8,good,5
ce61528e-f5c8-4b0c-bcad-0349e83f3770,Actually instagram is so good,5
962f104b-9755-47d1-886f-c68ff3a4267b,best,5
87a1a259-fb53-4599-9437-a262557b5346,great 👍🏼,5
7f4c61a7-de6d-4f7d-8028-975a6346e2c0,𝙛𝙖𝙨𝙩 𝙖𝙣𝙙 𝙧𝙚𝙡𝙞𝙖𝙗𝙡𝙚 𝙛𝙤𝙧 𝙪𝙨𝙚𝙧𝙨,5
8ffcb060-71f0-49ea-9582-61b892f6b443,Awesome 👌,5
0a79f48a-1286-4658-951e-510222826c1b,verry good,5
b3bc8120-4ba5-486a-8d52-c3f044e303c4,I just like this app,4
c8ff99bf-4f08-4c89-87c4-5d280abfc35d,bekar app hai ek dam bekar account baar baar disable kr rha hai new account bnaya wo bhi ban I'd card photo verification kiya to bhi ban,1
0d0b170d-21d8-4319-a052-80a3d6be6aa9,it's fun using this app,5
a33c0e24-41f1-477c-bb79-9324c868aed9,I love my Instagram 💝💝💝💝💝💝💝💝💝💝💝😘😘💝💝,5
929d76d4-c2e4-4680-98d1-3496a4c80d34,good,5
ee88a6ce-f79d-40a8-975c-0f203aef8d18,🤍,5
e6c37fd1-8ce9-4e22-81c0-f2ca795f3e4f,this app is so enjoyable 😍,5
2dd59188-6021-46b7-9ea2-239e0d58d983,the new update removed the option to share ' on this day ' stories and that was the best feature of the whole thing. bring it back.,1
ae49d54c-761a-4fe9-9797-f4bd2608a5c2,instagram your service is very good but I had made 15 to 16 account s and all accounts you have suspended except 2 to 3 account s I have sended appel also pls unban my accounts,5
d1a06135-bcf2-49ee-938f-a9e5f3a5efe3,ladkiya reply nhi deti 🤬🤬🤬🤬🤬🤬🤬🤬🤬,1
c3ce454b-64f2-41f3-92fd-85a2bfc5e03b,good,5
b1fa5aa4-4993-4f5d-89d6-916dedbfdd60,❣️,5
d63cfb45-7880-403b-ad61-858553e5dc7c,I can't delete sticker please add sticker delete option,2
048227f4-2e6f-419a-8957-c741f1e093b0,instagram app no 1 hai,5
cc885cb9-edc7-42e8-a6b4-b71dc3436f64,please viral my reels,5
c408098d-2933-4bbd-b581-7bf766dbb1b6,"I'm unable to login to my insta account in the app, even though I entered the correct password but it shows incorrect and also I'm unable to login through email or mobile number",1
c3ad6c6f-c2f3-48cb-af73-e7c0e779b125,purai pada,1
c39300b8-b271-4568-809c-8e8600e9a2ab,bekar he,4
8441f838-d967-4339-9089-161aea5cb4e1,good😃,5
6ee6683e-9efd-4450-a3c6-332c79e0f5a1,osm,5
fcc6d726-1aa4-4478-b838-bca31ddd04ef,good 👍,5
b862e9e0-3d71-4962-acbf-d1d0f34ce342,very nice,5
2b757932-4abe-490c-b86f-8d74b2d18b1b,my all account suspected Instagram help me,1
6c63a83f-8df9-414f-976f-da2a3fc5aa13,Love insta,5
bcb04ee2-ccd5-4386-b3bd-66b3b6aced0e,I really love posting0,5
1a505f0b-b3f9-457a-a92a-fc45a94db80f,nice app,4
d6ed0e4d-0789-493d-83a3-0db1c863a427,"pure garbage, no consistent experience on foldable, sometimes menu is on the left and sometimes at the bottom. the content doesn't scale well. it's been two months since I posted this review but no changes.",1
01b93ee8-8c17-4863-987d-fa59e21a3a10,I like the app good interface reels could improve ND I would like to see offline videos soon.,3
1e7e5400-83b0-45ad-9e5c-e1a6a120235a,"Its great anol but can y'all remove the ""tap to chat"" update? It doesn't let me view my ast chats and I often end up leaving people in delivered",5
f2f9de8e-9b2e-4461-aef2-6c3841fbb8f6,Instagram Please Give My Account Back,1
e6b24075-5059-4367-b3b5-949048b404fe,VERY BAD THIS APP WELL BANNED YOUR ID ALWAYS 😭😭😭 WITHOUT ANY REASON HOW MANY ACCOUNT U MAKE ALL I'D THEY WILL BANNED 😔,1
56f9e7de-d373-4a0e-9955-84578ca904e2,People always like it.,5
5dfba381-d227-4327-ab0b-1f37bb2282bf,omg,5
8bd3ef2e-85be-4f3a-aa14-29c243560390,"instagram is becoming extremely frustrating to use . Accounts are getting suspended without any clear reason , and there is no proper support to help users recover them. The appeal system barely works and feels useless . It's unfair to loyal users who follow all the rules . Instagram seriously needs to fix these issues immediately 🙏🙃",1
bec13455-2ea1-4208-ad4e-fcf476ea15bb,great app for me,5
e36776d6-178d-441e-80f9-150b0a9571ed,it's good.,5
f4e942d0-ee5d-4aaa-a4b1-9729fb9db947,awesome 😎,5
1d83981c-4ffb-4e6b-8ce1-f8ce8939b9cc,best of guys,4
18394d68-b5f7-4442-aedd-f02f152e1d24,Instagram is the best app ever,1
c7a6bf60-cbce-40e6-817e-0e5730fbb29e,You are the best of this era and every activity in it is shown without wasting any time.,5
a1c04972-ac36-4f61-aa15-51cf993e0790,"I’m facing a really frustrating issue with Instagram’s “Liked Posts” feature 😤. When I open a liked post and try to scroll, instead of showing my other liked posts, it starts showing random reels and unrelated content 🤦‍♂️. This completely ruins the experience and makes it hard to find posts I actually liked. Please add a proper scroll option so we can easily browse all liked posts without interruptions 🙏.",2
479e13bb-cc60-4470-af65-80e52ebe7012,instagram is best platform to improve your self I like this app❤️❤️❤️💎💎💎💎💎💎💎💎💎💎💎💎💎💎💎💎💎💎💎💎💎💎💎💎,5
75ce9629-fa5a-478b-80f8-d9a13567c5f7,very good,5
ce80d7e2-b492-49dc-a624-f54149cf4b9d,nice,4
d720a0d7-42ba-4c8e-ac0a-07da3d1dc87c,Best app ever!!! I spend so many hours on here without ever getting bored,5
facfe81f-9108-4a16-8f1e-793914e9c3b9,Best social midiya aap,5
86996aa3-3c49-4408-a503-84540f3c60f9,Super,5
8f01822f-698e-4c03-b34f-e577586aa1d7,I want most view on reel or most like,1
6d71470b-3862-4eaa-9df3-177f15bfa67f,Best social app ever,5
13123da1-1d05-4a31-8a2f-b230db20ea2f,nice looking 😊😍😊😊,5
1c77ee1a-5ba2-4a28-a2ff-5e894838f06d,my favourite app,5
3d100a28-5386-4c5f-b1ef-d98755628556,best app at videos message sharing and many more try it,5
6643177c-d22c-47fd-b4ec-c40cec86e5e9,excellent,5
c33a5d63-0810-4e5c-bf85-925805fff713,very very super app instagram,5
f32fd1f7-81a6-4c18-ae37-ef724ed1cc3e,my Instagram account was disabled plss recovery account I'm already send appeal lettre plss,5
cd307290-e865-4a41-a9be-7b62ee305735,"Dear team, I have subscribed some channel and I'm not getting notifications that quickly when they send an update and in the application also I am not getting updates that quick, I need to refresh the chat to see the updates. I also raised technical issue from the app 2 times but still there's no update. My application is upto date and I clear cache regularly. Tried re installing the app but that doesn't work. All the notifications permission is allowed but even though I'm facing the issue.",2
65b864e2-35d0-44c6-8d47-1d0cf14f31d3,💕💕,5
532b829a-2243-44aa-886e-600d28cd0275,nice,5
bc3ba6dc-c3ad-4e93-b9a3-a24210bfd2b4,"the app is good but why do I keep getting suspended even tho i did nothing wrong, please fix this meta",1
417e4b6e-6d62-42d4-8c9a-65dfd847f8ff,best app for entertainment and communication,5
dd3faaeb-6b66-4a92-9e67-2249589402f4,help in ?,5
502b0ec6-4dc3-4fac-a7d7-aa26e366c38c,best plat form,5
4b81a9bd-f155-42fc-ab2d-746bd46a16e0,no interest,5
5dea11b5-0aad-4544-87c6-5633da6b1139,it took me 4 hours to upload one post and now I can't see my own post.,3
0827f629-af1b-417d-8dcb-6e463dc7457f,"it ALWAYS force-close on my phone, EVERYTIME im open the app.",1
f7c73b48-4b23-4f54-9553-58b0a9c88543,jyadater stupid or sexual content so study wale to mt hi chlao bhai ise,1
19365704-1e0c-4592-8db5-fc6a9641db95,good app 👍👍👍,5
ece18f2d-30b0-41d1-9f93-5c0f843d9dbf,Perfect app,5
e95fafc3-740d-413d-9151-65933cf22d80,nice,5
ecb7d881-bc54-4e63-bd40-d1b7a8e1bd14,"Hello Instagram Team, My account was disabled for violating community guidelines related to child safety, but I strongly believe this is a mistake. I have never posted, shared, or engaged in any content related to such violations. I request a manual human review of my account, as this may be an automated error. This account is very important to me, and it contains my personal data and conversations. Please review my account again and help me restore access. Thank you. very useless app .",1
002138c1-4c77-4749-8999-fc26ca385779,not good for small baby bad things happen,1
10755956-d889-4467-b7cd-95aeb86e1339,mera reels sound audio sound chala gya hai please help me 😭😭😭🥺,1
99d6d8e5-5ada-419f-801e-68e1fa12d365,veri nice,5
539b805d-6f68-4c46-a183-7ee766ba232d,I have already raised my issue tho times but no response yet neither then no resolved my issue.,3
f55cd80f-b5c9-4d73-baf4-82801f51e461,good,2
a26e441a-3add-4418-ae81-f0913da4f851,"अगर आप Instagram को 5⭐ रेटिंग दे रहे हैं, तो डिस्क्रिप्शन में आप ऐसा कुछ लिख सकते हैं: ✍️ आसान और अच्छा रिव्यू: “बहुत ही शानदार ऐप है! इस्तेमाल करना आसान है और नए-नए फीचर्स हमेशा आते रहते हैं।” “Instagram से दोस्तों और परिवार से जुड़े रहना बहुत आसान हो गया है। 5 स्टार डिजर्व करता है!” “फोटो और वीडियो शेयर करने के लिए बेस्ट ऐप 👍 एक्सपीरियंस बहुत स्मूद है।” 😊 थोड़ा पर्सनल टच के साथ: “मैं रोज़ Instagram यूज़ करता हूँ, रील्स और स्टोरीज़ बहुत एंटरटेनिंग हैं। सच में कमाल का ऐप!” “क्रिएटिविटी",5
60bfd7b9-3ac6-41b1-9b5f-5d66292430d5,Increadible,5
fc830b0b-08db-41c1-874e-15f9bb705b19,best from YouTube,5
0b556902-dade-446c-a9b5-3f888e3f4f3b,super,5
429fc4f0-c670-46aa-9645-a0f40e502053,lovely,5
9efeecd4-4280-40f5-9f0d-e3d341d0a37a,thanks for very things,5
290b3abc-2e4c-42f8-b4d9-10cbefba67ca,best app,5
612a5eaf-d2c5-4855-8d3d-8e71ffcb59b6,it is very good I found a bf on there try it,5
37ecbb61-c908-4042-a4c4-801d86e61106,banned my account with bot reason,1
6b399106-33c4-47a7-940d-3ef8f1c9674b,nice,5
1c071314-06bf-4f43-b0de-9aa7b68e5c41,bekar app he bahut erer aata he ghatiya app he,1
44b8280b-f740-45fa-bd3c-15ae1635581e,it's very nice because the girls like to make the reels and there is a reels shooter 😁😁,5
99ac3a81-e942-46fc-a97b-fb56d4dec022,"Instagram, you are a great platform and loved by millions of people. But unfortunately, my two accounts — taiyyab.beeladhana and taiyyab.beeladhana2 — have been banned. I kindly request you to please review my accounts and remove the ban. I truly believe I have not done anything that violates your guidelines. If anything was done by mistake, I sincerely apologize and promise that it will never happen again in the future. These accounts are very important to me — they represent my hard work",1
2b0c78cb-9be7-48d2-a9f2-ebf623fe853f,😭i can't install it....guys...whyyyy?,1
3ca94d22-b35b-4e9e-ae36-46371695c141,good👑👑,5
d1c76898-90ae-437d-b161-c35116feec43,this is amazing 🤩🤩🤩 I really love it,5
120eea09-31fe-4e79-80a9-9a3fbd398370,it's Amazing,5
47a8b38e-23d4-4109-b408-21f380a58b61,so many problems it's kinda irritating me,1
a161b875-3d25-4170-8da9-89918004ffe4,excellent,4
ca2982ed-e592-4465-a5f7-70180687fa58,extroneiry,5
890144f9-bdff-45b1-8bca-6c9dcdd75dcf,good feelings,5
b36ea335-ad82-4d17-8e7a-2ea73078e349,this app is awesome,5
6ffc34e2-649b-4f0e-a17d-6157f14c644c,enjoying,5
ed295c15-ddfc-4d06-bc24-e97baea958c0,bot reason 😤,1
a5e0268f-6b11-41ba-bac0-f7829d68b02e,mast hai,5
f0414a6d-031d-42a5-8e0d-68a249b762fe,this is so much fun and a cool app to make story's,5
ecf80ca3-edf3-4dda-a42a-45b357aace1f,best,5
dcb6b31a-2ae7-4315-97b1-e86c6f2b1c2e,excellent💯,5
43d2a9e6-52d0-48cb-b7de-d442bed8dd47,good,5
42253cf6-d0be-474a-bd09-827d90d4ad72,my vedio first time 200 views going iam very happy,5
f475fd1f-b329-494f-9f82-5cbabfe773d0,🤩🤩🤩,5
155ad78c-ca09-444b-8c68-b9770c227127,wonderful app,5
b53b26cd-73ce-4cc2-b334-5f6ddd33a93c,"Dear Instagram Team, my account (yourusername) has been deactivated I believe this is a mistake as I have always followed all community guidelines and terms of service. I request you to please review my account and reactivate it as soon as possible. Thank you for your time and assistance.""",5
ca3959af-335c-413a-abdc-7287f5d2af86,basura,1
112eccaf-1d1c-49f9-b373-57625df10a9c,super 💯,5
ca31afd7-dd52-4fc1-b921-e82eff99d1de,nice,5
63d5beea-13cb-4a4c-b28a-aaf4e619fccb,good 👍,5
e4b453dc-2699-4d08-939a-a71a6dfcfe7e,it is a very important our life time enjoyment,5
84aaf269-73f0-4523-b6b0-10144bb03126,good,5
09cd9445-2dcb-4679-b6e8-a5f3cedc6a0c,love it and experience init,5
dbcd3add-ae06-4cb6-84dc-c39f11ca9a16,kya hi bolu phone open hote hi sbse phle thi aati hu 💙,5
7cb8e2bf-aaeb-4c5a-a8f7-b0213f9a6675,best,5
f3f1ff52-002a-4a9e-aca1-0cd59e147a63,very good platform 👍🏻💕,5
6b972af6-8565-4e80-aa46-247c8d0978e1,"repost,activity won't just open everyday this app is getting worse fix this its a billion dollar company right ✅️",2
8c7761e0-e80a-4b45-b673-c26253dc0513,New update is rubbish,1
c4227152-0f70-455d-aac1-d5426b7eca4c,Best app,2
6cfaf4cc-ee43-4e60-b829-f2ddd8508599,I am running a store it is not editable in web and does not open in android to edit,1
4cbb5282-ef52-45f1-8621-03d1a66c866a,This is best app I ever used,5
1885b7e3-e2d0-4937-aec0-1be4b31b9a50,it trakes me like crazy,4
bbbe6d2a-0c24-4ae7-a5a6-96c487291810,It's good 😊👍,4
f264ca0b-3719-4d7e-a746-ab5c5639b6e9,good platform,5
ade01df7-82df-4ad6-82eb-dc269d641f6e,"I still don't understand why if you comment on Instagram and someone likes your comment, you can't see the IDs of those who liked it, just like if someone likes your comment on TikTok, you can see their IDs or a list of all the people who liked it is displayed. I think this problem is not just mine, it happens to a lot of people. Instagram should solve this problem as soon as possible.",5
78787e57-4a06-4922-9c52-73c2f24926ba,Unskippable ads,1
1230330a-b80d-4297-89f4-c419147ba78d,verry nice app,5
8ed2a0df-ee1f-41b8-aa9f-6dad8cb986e4,good,3
da550383-ebcf-4df8-b7e2-6d0554b4dce4,osm,5
3c64aaec-6e95-4362-a859-e5d945df334c,nice,5
db019c52-1e3e-4362-8f58-62b57b2800ce,i loved Instagram. ❤️,5
ca616d49-94b3-483f-b5b0-86f766c1a01f,brruuuhh!,5
93780f62-53f6-4dc5-a4ab-75c612e9d508,pls viral my reels,5
57bb80ae-3644-4e62-b637-7e38f5c25e65,good,5
254476dd-17df-4dce-b2ae-8c8cf7f46b4b,Mera front camera Sahi nahin chal raha hai,5
66bd5bf0-6d14-401f-9428-ae19692918de,I did not get a code to make my acc even I entered new Gmail but did not get it and now I am deleting this app,1
7ac78a5c-d899-4cd2-9d17-3113ca10780b,miss you tik tok 😭,5
a916c44a-4684-4bf1-a972-6aaa331d15c2,I think this is good 😊,4
441bd3a3-65e1-4ff6-b232-cd9d079c256a,THIS AAP IS VERY GREAT APP BRILLIANT 🗿,5
5defcb32-d025-4222-a17a-dc0dfa1c2a9b,it is good app,5
44edab5b-b670-4f67-81b3-53b49c424d30,awsome app ♥️,5
24243a64-6fa8-48aa-9ca0-c7e1b1db2de5,good,5
d903f135-46fd-407e-bcba-f249af634bce,please instagram remove the private account setting I can't watch my crush,5
745a925c-2893-42c8-a66a-55d945f4d313,very good 😊,5
1428ae6e-e186-4646-af57-c793bde35a82,wow,5
1a8e7e6d-20aa-4d57-afb7-a0be9cfd9f1a,i can give 4 stars but give 5stars but there is only one glitch please mke it possible to not fat the vedio,5
a633e5dd-b369-4626-b8e0-6f89ed705b35,❤️❤️,5
cdb62e1b-986d-4beb-ad8f-13581e97e90b,very एंटरटेन appo,5
46b81843-db5a-4083-9a26-9c8f22f26767,my 60 follow request which is come to me is not visible please help,5
827e9f06-f8b6-4c32-a77d-9e70b2d0dada,good app,5
5a1fe6e8-bed9-4748-b513-90d22ceceea4,nice,5
0b6a5ae0-abf2-4b69-ad50-5a5bbe461d34,good 👍,5
6999c6e9-c6b5-4f5c-9ca3-846499879730,amaizing,5
b1bafcab-9be7-4d9a-9f7d-5f324539120b,good,5
01fb11b7-dcf4-413e-8083-19602b7cf67a,nice,3
3456ac42-6929-42bb-af81-d1a284525a8f,Instagram is my favorite app🤩🤩🤩,5
64c10557-7788-425e-8123-2a8c1807c070,Good,5
d22ce5a1-f8ca-46d5-aca1-b38d7661e212,fantastic,5
381fabdb-f34b-4975-be0c-dd111c81fef9,love this aap,5
d02707f9-9eb3-4bfa-8265-c59cec8c50bd,Nice,5
38ff7568-d536-458b-ae0e-1015fb2d97e4,whenever creating a account it got disabled worst app,1
adb05ad9-5e49-4b40-bdb3-978d70ce34c3,poli saamam,5
1dadaf4e-1c63-45a4-a154-31e98b45e151,the best social media app,5
cad3cd4f-babe-47a1-8c6a-12660a14a33f,best app for natural and beautiful pictures and videos😍😍😍,5
ede2ac8e-9b22-4350-b77c-bb5c3dc2faaa,wow,5
11cc97ea-5d4e-434d-beae-47d14f1c7c5d,happy 😊😊😊😊😊😊😊😊😊😊😊😊 good 👍👍 have fun 😊😊😊😊😊😊😊😊😊,5
fd5eb9d4-176d-45b1-9918-b75aa13a154f,"Follow-up on Appeal submitted-April 8, 2026 Dear Instagram Support Team, I hope this message finds you well. I am writing to follow up on an appeal I submitted on April 8, 2026, regarding an issue with my instagram account. As of today, I have not received an update or resolution, and I would greatly appreciate any information you can provide regarding the status of my appeal. I know that I follow all your rules and I am not doing anything wrong. I also follow all your guidelines. I know, y",1
a775f6df-3fdb-4771-bd9f-42b24985f20a,Just a platform to reach without boundaries,5
07388ef6-5a45-4a2e-abbb-f1fe2da82697,very super,5
d1134b38-a1ef-469c-ac7c-2711c4b0a39f,instagram not working filter video coll,1
9b4689f0-93d2-4362-962a-64a3ec90fa33,👍,5
90dea0e8-469f-4fd2-a8b5-3c120357545c,Why do you keep banning my ID on Instagram without any reason?,1
4469872c-6e89-4455-9394-9a7a69bbde0b,the best app,5
53b34cc8-ef62-41f8-9c5e-0f9a8ec3e06e,good,5
1147fe9a-4a0a-4f63-9a89-713a8cb6a0c0,crazzzyyyy,5
a90517f6-aa4d-4a21-b295-16068baebf37,❤️❤️,5
f20a8464-47b3-472b-94cd-db15092f484d,"I deleted one of my stories, but it's still there. It's so annoying, please fix it as soon as possible. 0/10 👎🏻.",1
a5864f81-bbb4-463c-a367-c3e3e562ef59,instagram app is best for loyal what I do no,5
27732132-2656-4caf-9651-bd6e4491a106,good 👍,5
e26484ed-3877-4711-b392-37a6f9b9a2bc,very interesting,5
e0747357-c07e-4885-a68a-c72e980925b4,very good,5
9436973a-6684-4b07-9795-95bd59e730df,😍,5
b53fb6c3-9d8c-4c10-a81f-4f01c3db91b6,good 👍 but want to avoid glitch 😕,4
c00549f5-1a80-433d-bccc-80ba9b5e1c5c,insta bahut achcha hai I like star 🥰♥️,5
5222673d-5b0a-4164-a59d-c6b6e6155d2c,good,5
a42a5576-4083-42ab-bf04-3722e7679ec3,good,5
0291c995-45e7-45d0-9a17-b2b550fea507,Mera ek pareshani Hai Mera Instagram per automatic views kam ho gaya aur followers bar hi nahin raha hai,5
c214628e-76bd-448c-82d0-d0bbed6b33e9,so nice bro,5
68e14684-002a-4b03-bfc4-77998312494d,good app,5
696c1399-ec61-4950-9a40-1cedf367264e,new post,5
3408b88e-a479-4783-a8bb-c9c89075a095,i hate ad breaks,1
59a44241-d58f-4f46-b7b1-5c0eee79e5fc,Super Reels,5
4bfb6040-a51c-47c9-ad12-08c7e8505998,nice appp I like i use this app 2 year old .. . . . . . . . . . . . . . . . . . . . . . . . . . . . . . . . . . . . . . ... . . . . . . . . . . . .,5
166bb363-110c-4dc3-902b-b55652631593,intresting,5
5d75958d-42e4-46d4-a34c-3ad52cf2271f,"@Insta Team, please add a setting to allow users to disable reel resharing.",1
c7d1299a-bee8-4a20-afb0-9db149dae47c,i love but i don't have many followers,5
cd4dca2b-2985-4249-b417-58df05945660,it was a nice app great experience,4
4e0b766a-9334-4644-8175-eb9f81419b03,they banned my device but I don't do anything so now i they always say incorrect password whenever i tried to log in my acc but i used correct password lol,1
4cc2c1df-346b-49ea-8f71-a2bffd628534,The app gets bad over time. I've had an account for over four years They shut it down because They claim I post things that aren't ethical. What nonsense! my account is private! The app is terrible.,1
1d878d87-8d6d-4adb-8275-59fdf7f6d830,best social media app I love it 😜😄,5
d0e34549-ced4-407c-be91-5f1f6f5f2d7f,Amazzzing,5
7db8fda0-d205-406f-8f55-e606289d0553,thanks for your insta,3
b3522f67-07fd-48ab-b85a-1b7de7a3daf4,worst app to ever exist,1
9a3d3947-cdd4-4c89-b9c8-a66af15e7f42,This application is awesome 👌🏻,5
87232207-7fe1-428b-a0a6-cc0490ee7c73,it's a good app to contact withyour ppl,4
16d45af3-8a29-43cf-ba23-be7a5935332c,my filters or effects seem to be gone,3
b7ac6c3a-729d-4b87-9814-1965254d1024,good,5
413241a5-cdc9-4781-9c48-f0b7a7f84e29,that's absolute correct option for growing,5
a4233576-a99d-46b2-a4e0-b8777f1d01b0,I love it's flexibility and constant updates of features. most importantly I love the user-friendly U.I. Kudos to all the engineers. I salute 🙏 ya all,5
d776b728-6dbb-4b81-bcca-89ea030e4ca3,out standing,5
84291b05-2b3f-4dd3-9609-6c607090eb5b,this is one of the best app in allrounder 🫶💯!! it is helpful to all persons and this gave as to achieve there goal!!.... but one thing in my Instagram doesn't have the commenting please help me to bring the comments in my reels and post😭,5
9da4455c-cfc9-4bae-8f41-2c137a262834,it's talking alot time to download brooooo,3
01c1285a-4490-408b-b4df-df6887767d6c,hamare Instagram mein kuchh gadbad ho gai hai to,1
b9073fe7-bd84-430d-bbea-512e0568b3d0,apps gud u know but the live thing should be changed to like 800 followers,3
567b4b24-6a09-403e-b1ad-45f5d9b1a32f,this app has connected me with so many people I can access it from any place even in school it sometimes has some ups and downs but it is not as bad it's my favorite app💯🥰🌚,4
25081e1b-5e7a-4d8d-b313-8fc040d7ea0f,👍,4
17f9bae3-b03c-4b0f-b7fc-c7867520c943,good,5
ed50aa9b-7879-4e4f-8183-bbcae5b6453f,this is very good app this is a very good app and its work is very properly how this app is very comedy videos and all these horror also have in this I absolutely salute this 5 star for this app,5
b83a3dcc-e61f-4d4c-82a1-490330e5f30a,"Great app, but I’m unable to comment GIFs while others can, which makes it a bit frustrating. Not sure if it’s a bug or a restriction on my account, but I hope this gets fixed or clarified soon so I can use the feature like everyone else",4
cdee9d26-598e-428c-b879-5d642e58d4d1,nice,2
72b71836-0568-44f1-a768-1716478bc54e,nice,5
811d2d1a-3771-463d-bda6-38f0b39f55a3,best platform for house wives to show their products or talent,5
36c5b6fc-09c0-4259-8598-3a428c01fdaa,super app,5
fc5c7e8d-ef31-4f51-a2b5-8297e33912ad,please recover my account,5
2afa052d-81d0-493a-b881-73a81a8f0740,In-app browser getting annoying. How to disable in-app browser?,2
7b2efd5d-9e9d-4b76-8847-6971cbf20b85,تطبيق اكثررر من رائع,5
8c77fca6-888c-4a76-a78c-84254fd3ba2f,nice,5
e538484b-bc8b-4cde-8edc-d952bb7a4d20,very nice,5
ef097bee-5fad-475c-88c3-ea390e5fe881,best social media app better then others thanks 👍,5
c611ae39-80ed-4706-9cf7-42205dde2465,I love it,5
d31a64a3-14cc-4faa-816b-5be25935211f,Excellent 👌,5
bdfdd9c8-01f5-4746-b232-e41f62880209,good photo and video's very usefull,5
bc427270-c3c3-4da9-89f6-553c4d6e2567,My stickers ain't even loading😡,1
387ef21f-4e82-4a1e-9e1b-4806d11e8c94,good experience,5
5d99dad2-97f0-4ef3-9d89-9ba5b84da3d0,Great app to connect with people from all walks of life,5
88978892-0862-482c-ab04-519b073a56e6,nice,5
12e70522-331b-42ad-aecc-be8fcc47b0f3,okk I like it 😑🤧,4
e6da695e-9d28-4f9e-a8b5-734fa1300357,I like it,5
b17897a2-13ba-4d60-a76e-3144c75f5437,I like this app but don't remove end to encrypted,5
848367e2-c14f-4931-a5b0-08b1196e81e6,Now it is worst app not loading any feed messages etc too many bugs and sometimes now able to like follow always there is a pop-up that sometimes went wrong not even able to login,1
d1bf605f-46f6-402c-b365-aea430b99b7f,My account got suspend without any reason by the Instagram AI,1
3a87bbc4-481c-4214-9e9b-80a4378956e6,I love you instagram,5
8f9ae2fd-5f61-4df5-bc1b-4c5ba8b8a964,My account was suspended without any problem and this is not helping!!,1
f0c74a83-7587-4dfa-88b9-e5829050b360,nice,5
d8adae5d-f467-435d-b90f-3e076f8caa32,please insta gram recovery for my insta account 🥹,1
1081fd79-83ce-429c-a6c4-615364140c42,mujhe instagram bahut jada hi pasnd hai iske vajaha se mujhe mere piyar se dhokha mila 😡😭😭😭😭😭😭😭😭,5
aa7edc41-e2c6-4812-9886-803f0a25eb18,Half of my feed if not more are adds!,1
2991d693-0a53-4c22-ba60-1fda1c4f45b9,show cool app,5
fdabda9a-f6eb-47b5-8753-6849766992a3,"Hello Instagram Team, my account (@manu_sihag06) has been disabled by mistake. I have been using Instagram for many years and always followed all guidelines. The issue started after I created a new account (@beautyfindbyme), which got disabled in 2 days, and then my personal account was also affected. I already submitted an appeal with correct details. I am a genuine user, and you can personally ask me any details for verification.If my details are correct, please restore my account. Thankyou❤️✨",5
db44acce-71a3-40e0-a119-78b9af1dd2da,love you,5
281fa9c5-4378-49ae-84c8-3405d8dadf4f,worst app for students,1
6f75cbbe-c7f5-4786-9678-1729760a7e42,best aap,5
b1b25908-6714-4a67-871e-0bf329d6f68d,love it,5
406e21af-08e6-454c-8dfb-30e9cc9c2f90,good experience super,5
27356462-ccab-4d51-9a30-1d39ab48b630,great,5
2ad61c4a-75b7-422f-9f31-4b344e5e597a,new updates are disgusting because the Insta we used at the time before Covid was much better than these new updates,2
f45b3a0f-b29a-4543-8e3b-bbfe2ea30d82,"Sometimes there is a problem with messages, I don't like it.",5
a9aecb29-8d9a-4393-8aba-484b493dc2ac,Nga ts is the best download ts,5
7bd499dd-957e-4729-99e5-062af7d92d52,helps to connect with friends best app ever,5
99afe4ce-e457-49c9-9a5b-9701aa1abf7f,best apps,5
d7e8a883-9fdd-4841-9dd8-144f3ee0a1c4,nice,4
9735f7cd-800f-460b-919f-c15fb6214a42,𝒊𝒕𝒔 𝒘𝒐𝒏𝒅𝒓𝒇𝒍 𝒖 𝒄𝒂𝒏 𝒔𝒕𝒓𝒆𝒂𝒎 𝒎𝒐𝒓𝒆 𝒂𝒏𝒅 𝒎𝒐𝒓𝒆,5
960b6d30-4245-4a1d-b30c-4ffa3de7f24c,nice,5
de0f3db8-9eb5-460d-be0e-c176ee5f45ac,awesome,5
1a85705e-a8dc-4502-870b-36228514bab6,veri nice,5
51abb47a-8dac-40a0-b491-2bfe2c0b0a0d,Yes ok insta,5
852acc75-0f74-4b3a-acea-34182bc37915,reels download issue,1
0548281b-13b3-4e26-93e4-2716d91dbf27,very useful app,5
965e939f-cdac-40e2-aba0-9e5cbb0e1722,It's good for me 😊😊,5
4ec80939-3630-430a-8758-aab32ad5dae1,good,5
1ff5ef60-58de-4926-95c4-78d4f3847aac,irritating,1
71edd4fe-4301-4af5-9ee3-b7c5b66d3153,good,5
314e7d2b-0191-4e41-a29f-4ce575730d5c,this app I my fvrt butt very heavy for android phones 🤣,5
d7ae20e5-d5af-47b7-8b80-a60d2ca49dd1,nice work,5
02f4d124-ad0a-4a39-ae09-71a823c996ad,very good,5
0b72acd8-8a1c-4d5f-bf98-938808036cbe,nice pic,5
4fec8f61-4809-4569-b3f3-02c352790a4c,good app,5
2501b85c-c206-4b2f-afe7-002253139f6e,greatest experience ever!!!,5
0c575f35-a178-496c-920c-5ef20528bd53,good app and entertainment,5
082e05b3-5824-42ba-b7ab-ba3282a2340c,instagram bahut accha hai par mere followers or like aur views kabi nahi badte hai,5
b4a054b1-a7bf-4164-be6a-894fe7dad3f3,great,5
0814bebf-2aff-4900-833b-9a0c50535220,So excellent!!!!😭😭😭,5
a4190a9a-0ca0-41d1-8f37-6d5c6594e949,too distractible,5
ba6d17de-27df-46b4-a907-0d1928679caf,my heart Instagram 😍,5
70776445-c82e-4f5a-b46e-6580aabd4ad5,THIS SOOO GOODU 😁,5
c7d52884-f2c9-43c6-a33b-e880158f49a1,"At times reel videos pause or break at times only, else very fast.",5
2667b705-60a1-46b9-bacc-622c207aada4,it's a good social app and its entertaining to use,5
bd06f721-c0b1-49b9-a284-fd567e6e6392,your account managing system is very bad I forgot the password to one of my accounts I asked for a code I changed my password and when I entered it back to that account it said wrong password even though I checked and tried it again and again and then I was trying to change my password again but the code given to me was not working so I asked a new one but your whatsapp account was giving that same code again and again I really hate instagram for this reason,1
bff18528-ef7a-415a-ad0a-42bbe5ae6e4d,very good ❤️,5
4e1b3f66-6bfc-4d45-8918-e083f760d001,love it,5
702f6023-6cd4-4b27-bacd-1074b05e0eea,the insights does not appear,4
33dddac2-6e22-46b1-915b-21aad31b27c8,WONDERFUL APP OF SOCIAL MEDIA,5
0387561e-8cfc-4864-90c2-69fb4058423b,i like it,5
c0690ad8-55b2-4af5-85d4-91a1a61a3359,good,5
2ff8d7a8-2cb1-422f-83e7-c71da5743325,I rate a full but my I'd you gave me a lot of views likes and followers,5
fefd1411-2d57-4af8-bcca-3f1cbf52ca7c,i don't have other updates:((,5
2bede441-738b-4541-a692-87ac5674be84,i lave you,5
8af1270e-eb8f-4ca9-9c00-e1981a0978b5,bad 😔,1
dc6c5006-4090-4a22-b567-852ef8f0d473,best app,5
aaf28201-0120-4bae-9236-86b421cc9c36,"It's like Meta is doing everything in their power to prevent users from seeing the posts from the friends and other accounts that their users follow. The main feed is 80% suggested content and the other 20% from people you ACTUALLY follow is in such a randomised order you might not ever see a post from this morning, no matter how many times you refresh the feed, or close and open the app today.. And if you DO see this morning's posts it will usually be in 4-5 days time.",1
6a2f1067-0c68-449b-8ea1-e466b62e4cc1,v good 👍😊,5
23ea393d-290b-4b0f-8fd3-f6a8ae590f3b,this is good platform for viral plz viral me,4
62248eba-6243-4e7f-bb39-f84d7a67eda4,best platform for advertising,5
bd05aa44-7c6b-4639-9075-7e7696c8990b,this app is very bad . because by using this app I waste time like 2 to 3 hours everyday but I can not remember what I watch . so I advise you to do not use this application,1
94a0d9d2-baff-408d-afb5-777ce4e696a9,It's private and secure,5
d75fd674-55b1-4bf4-9f0c-0f6edac61a1b,good,5
e5152107-0f4b-424d-bae5-02b1ac8ece96,nice,5
1f045ea5-42e7-4fff-b1ae-954c6c2a3589,reels 5 sec touched featured like another net tube you okkk,1
81215df1-6602-429b-805e-b5ba74313956,I am facing one problem i am not able to comment in others stories pop comment nearly friends also I also tried everything settings and all it not working 😕,4
bfdc55c5-10af-4251-a8f4-7f9dfb33344e,nice,5
7e7e5e6b-ea05-4371-9119-9631fc886988,nice 👍,5
57f512ae-b7e7-4ecc-bb1d-77c4683842da,love it.,4
62cf05ce-ac0a-4ee4-815d-631221c7fa9b,good social media app please try and see,5
275a08d8-37fc-4e37-b580-e1ab4835d737,Best app,4
a1166fd6-8f11-4559-a25d-a5034730e774,so very good,5
f5380210-6710-470f-a59e-2c454dbe212c,its really amezing,5
22dfbe27-4eab-4f2e-801a-5777aa15dd01,very good 👍🏻,5
7e66be69-6dfd-43e2-833a-b8db57761aa9,Bakar he ye,1
1d8c6ddb-d601-4ccb-bbe8-6ca3b7bf39d6,good,5
845acee2-a74d-4c17-952b-87023b2933d8,best app,5
c99c87a7-5239-437a-afda-dd839da364a8,one problem without region my id suspended 😭,1
8adec9ba-89f4-4736-8695-4ada00eb7c0a,wowwwww,5
033712f9-f872-4d47-88e0-e93129af2136,they are suspended my all accounts,1
e7e7dde9-ee4a-4494-a184-840099f899ac,More and more updates more and more bugs and glitches. Seriously the bug and glitches are so annoying and irritating,1
f38cb6a8-3b76-4579-a6b1-4f5732769c20,excellent,5
280d04e7-4dd3-49c9-a0ff-fde648b2188f,to good,5
5aebb61a-9edd-4a85-a886-41b2d2d073b6,சரி,5
c174d55b-9fd1-41f4-bfb3-8ccacfa1b8fd,nice,5
17eecd25-9bf6-455c-b2f0-aa1404fce5cb,Good,5
6be79cf6-ff1a-48cd-bdaa-a57313392d0e,It's a fun game,5
eef4116b-98be-43f4-aab9-4991f15c47a3,i love everything oml,5
de2e49fc-1d40-41ac-b887-baa63067604a,i want it back in my phone,5
feb28e76-9b39-472a-9b2e-564101b0ef55,Nice app,5
d2a0d381-3307-41c4-813c-62176af95412,👌👑,5
06b00dba-eb92-480d-966f-928dadbd23f0,I like it,5
16d6cebe-c324-4185-bf5f-4b8b0cd69c94,good,5
53df2f8a-e534-4d91-80ae-51d24d81dec4,so I honestly love this app but if you aren't 16+ then u can't public your account which is important for growing followers because ofc you get followers from your videos.,4
a87838c2-2853-401d-8ab6-8c2b06422599,excellent app 👍🏻,5
f98bbcbd-4d55-407c-b87c-8ed5b5a4c088,itssss toooo gooood💋,5
b4ecf1ee-da63-459f-b64f-9c9c8fd1df2c,sir me live aara Chatha Lakin nahi aara option hat gaya option bhaj dod na @danish_model__01 please bhaj do ❤️,5
55c0af7a-dba0-44b6-b039-5f54be7e5d06,very 😊,4
c6b83d63-f008-4a89-aee4-00c33874fb6d,"This app is so cool , I love this app. I just have one problem,I am not getting new updates even though I update the app. I even joined the beta Programe but its not working for me either",5
424addf6-120a-4ff3-be08-169ca5c58a44,please recover my account,1
5cd9c675-7780-4b06-8a92-f5ff766714e0,yar is ma Bhoot maz ha sab bahi kar download,5
4bc7d6d1-07cf-4386-b5ce-e88595b47a13,the best app,5
b633e7bf-8b22-45b2-9985-78d9a6bbc78d,good app,5
926f9f8c-dbf7-4c17-a00d-6e01cc7b316c,"""Dear Instagram Tei (@faizan_mev20k ) has been deactivated. I believe this is a mistake as I have always followed all community guidelines and terms of service.1request you to please review my account and reactivate it as soon as possible.Thank you for your time and असिस्टेंस सर मेरी ईद sedo bend hogai paless ricobar me",5
5dd5170b-0bdd-4752-9950-03427a1ce312,nice 🙂🙂👍🏻👍🏻👍🏻,5
b50374f6-52b0-4408-8b51-64b873b4d958,"when I open someone's profile only 6-8 images are cashed and loaded, to load the rest I need to open the last one and wait a lot. very poor experience.",1
30ef8c7d-a73c-46fc-90d2-d93a9402f811,"no words to describe, amazing app. loved it 💗",5
e92f80b0-0db1-4511-b43f-c8c68bc4688c,Very nice,5
4f36f537-39c7-49ea-8108-a3c4ecca99d2,it's excellent,5
6810a32b-8ebd-4356-ba26-89acc825e983,This app is more good and good I'm very happy to have access with this app,5
54eb2441-c7a8-43a0-b985-e26ae9003c27,your Instagram account is lon in please my help not galat use,5
3324315d-df35-41c2-a538-2c0ade96d587,I like it,5
1beb7f49-8afe-4fd1-929c-3779f09d2244,👍,5
4759d707-bb3f-4b89-8f83-b5104c8e6e34,"Writing used to be good, but now the experience is getting worse. Too many ads and unnecessary features are ruining the app. It feels more like promotion than real content. Sometimes the app lags and consumes a lot of data and battery. Also, privacy concerns are increasing and controls are not very clear. Overall, not satisfied with the current updates. It needs improvement.",1
c34fa29e-af4b-4412-ba77-01c20688bede,Reel is no playing. just stuck with cover image. even with fast wifi,1
c16b98bd-37b7-4268-a6b3-a0380b877caf,ads comes after 1 reel... too many ads...,1
eaeeb02a-f2ad-4873-9164-4b65cb335b52,good,5
5c8f7dea-aa9a-481b-8296-8a8ea51630f0,best aap for entertainment and earning,5
fb3b20e7-15f4-45fb-9210-1be90c18a08f,good,3
446e550f-a1b3-4e99-a087-5896dd070542,good app for funny reels and chatting with friends,5
0d490502-6c31-41e4-9ff0-7093dd91a7f8,very good application,4
5591406d-d44d-49fd-99f4-9221af1e9ca0,"fix your gifs, and stop pushing bad content , and real creators are left with no engagement.Rest deleting your app coz of your Gifs not loading ever",1
3c805611-925d-4bc7-8f0d-fe0486453cb7,best of best,5
c22ed1e5-a668-476a-875d-297b35187f6a,Best social media app... but you should add one search option in the account of people.... so that we can found the video we want of that person,5
e05eeab9-55f6-4bea-9711-b4701862321a,PEAK,5
dcd4aba8-bfe0-4bf1-b1fc-36a76b9344ce,nice app,5
6fe12417-16f7-4ad8-a1d2-c2754a71bb6f,👍,5
5f3b53ee-08a3-4a54-9220-3c7e2242fe1f,"new pause to mute is just dumb, honestly, if its alright from the start why change it? stupid useless people who decide to change it. at least get rid of all the stupid gambling ads",1
a8ac0d20-a200-4a0a-a70d-bcfd3b22169c,my account is hacked please help id. (brothers_sehzadi),1
32804b31-58cb-4ed2-b3eb-df5826fac6b9,useful for expressing yourself,5
b875e1b7-1a85-4ca2-aa80-a09863aad0ad,best,5
5741dcf1-c816-490e-a0c3-45e8abd5d858,GOOD APP INSTAGRAM,5
1fbc8894-1bbe-4295-abdc-e9806412a642,😃😃,5
e8a2051e-3031-4faa-ab8d-e00e18058ab7,growing high with instagram day by day,5
4839d8be-6308-4376-a655-21c11ef20bef,it is good but they should reduce ads,5
db5b8a5e-88fc-46f9-a47a-d741ba90ce3c,good app✨,5
d2e2d564-508d-4607-b74f-d621863fb4ab,I hate this Instagram because I am always suspended why are you keeping suspended my account the first one has over 3k followers the second had 2k and the last had 1k and now you suspended my account why 6oo follower why why I am very disappointed why are you keeping disabled my account's permanently,1
c1c2e59d-473a-4e11-94fd-ba0efdfb7a70,ok,5
43d2b7d6-3c38-40ba-83f7-4f68e906c612,heart hecker boy 143 instagram I'd me update email address ka problem kaise solve kaise karen,1
b09a7aba-fabc-4a90-9008-f491982c692e,the best,5
1b9cee5e-2c47-496f-95df-97b7cea9fb8e,"Click on the send reals to opened list are over lapping on the list, but list are doesn't displayed the properly.",1
b1fcb864-37d9-4f7b-a0b1-2604be94b16a,awesome place for happiness 😇😇,5
dfaab0b6-cccc-45ca-9ae7-183f176a80fe,coment copy karne ka option do,1
a59bfe0f-5489-40d0-95c3-c06ce3563710,"superb, amazing",5
0cb5d141-2d5f-4cd7-ada7-0d721fac663a,"Nah, I have nothing to say <I do😅<. Insta is a good app, but it gets annoying sometimes... because whenever i post something, it also shares it with Facebook and it really gets on my nerves because I dont want my family to see my posts, I want insta to be a private space, where only people who DONT know me in person sees my posts <including my friends (If you think this is nonsensical, thats an issue for me to handle, ill find a way somehow) INSTA IS A GREAT APP, I HAVE NO NEGATIVE COMMENTS!",4
8e5d7200-d337-4057-a68d-63195f515d6a,Good,5
61d38f10-cac9-4737-b14b-b9fe241e9a69,good to use,5
b8358a48-59b2-4bad-a16e-b6eef72956d3,good experience,4
2ef4eb78-9d3c-43d1-9f68-65934a59d3aa,"Too much ai content, push notifications all the time for stuff I don't want, constant ads for TikTok, waste of time and data doesn't feel secure.",1
2b4bfe97-ad1e-4d32-9ee0-0a25764a3e7b,well very good app,5
47814f5b-1b4f-465b-87e8-0c4e0b1edeab,⚡⚡👍,5
d1dac683-18f9-4c97-8863-b3147f8287e2,GOOD FOR TIME PASS,5
f994f530-9d31-4cb1-a711-03a04e48d548,❤,5
4b9a1660-c152-484d-b4c5-bfb5027fd373,osm app,5
99f82e18-0a26-4d76-b9b9-acc6eba1ce02,good app,5
ce8bf7f1-0e3a-4c80-b482-bcbf7d1537cc,good,5
bf5348c0-4442-4251-9f8a-304b64e78b47,I'm so glad u made this,5
8c1e74c2-1f45-4b63-bbe8-c0aff2712081,good app,5
19e5ff73-ee49-4497-80ef-455d565c5ff9,It's better for teenagers 🌸,5
dde558a0-c910-4006-8d85-b50bfda9bb18,😊☺️,5
04c6943d-c040-4cf7-bfa9-7d58e5047699,bahut achcha Instagram hai main iska bahut bada yah Meri video Chala dete Hain iske tarah Koi app Nahin Hai,5
45db5ec6-5377-4c75-b1d0-c61e61080490,nice,5
5d696688-98c1-4324-84d8-4c0f0dd42cf9,"Solve the Instagram account disabled problem because the ID of 50% of Instagram users is showing disabled and due to that many users are deleting their Instagram, so solve this as soon as possible Instagram!",1
d9657026-cf63-43a1-8c3e-cecc18b4e257,fantastic,4
52b73753-35dd-4682-b482-982f567bdb55,"I am not following anyone, if I press the follow button then it starts following me again and then requests start coming after that",1
1fa332ab-0ffd-4f60-8ed1-c10e40b5b66c,my app not sported my id my in screen error image see me,5
28745707-d5ec-4b4d-af8b-e6cccdb6446f,Good,5
db56dcd3-1328-46ca-8fa9-7ca98dbb58de,"mind-blowing app for reel, photos,and manymore",3
09bf637d-4082-46ec-add5-1916e9fe2c46,“I didn’t do anything wrong—why is my account getting banned?”🤬😭😭😭💔,1
8f42eb47-5da7-4ddf-ab01-4cd806165dbb,this app ban my account without any reason,1
7d64077a-b047-4e6c-957d-5ff0cbd4f756,nice,3
487be2a1-4d16-4f33-bc73-53f727676b5d,good,5
7727b1eb-2720-4fc0-be23-bf88b0407d8b,poor app,1
1ea91933-c2d1-455c-b05c-eeed7446943a,Good app for connecting with people,5
52a5602f-88b9-436c-b887-fdc9c4208386,Thanks very nice 👍 support you Instagram,5
c5af308d-837b-4eff-9834-208cc3183284,waah,4
4bd9311b-a16b-47d9-b281-0c8d4092287b,"App is like 95% trash now. You get an ad every 2 posts, and the content in your feed isn't even related to what your interests are.",1
20df9f79-27fd-4540-8134-850ee0003ff7,nice,5
2291df81-7d5a-45fa-ad6d-b9517758a5e4,excellent,5
041b3ea1-6cba-4808-9605-30e35beaa007,ಓಕೆ,5
f2f4b178-2a57-4344-b765-83b71bf4aa9d,amazing 😍😍😍,5
a309e89a-4c45-45c5-8829-96b868cdf8dc,dear developers Instagram is really amazing and fun to use but I'd like to see voice comments soon,4
4bac690f-5109-489c-81c4-f30acff955aa,Nice app i am release,5
97ef09dc-29d2-4f3b-80ac-252606397092,"This is a great app as long as the Ai is playing nice, some previous accounts were banned for no reason at all. Petitions are on going for something to change. Apart from that, this is my favorite app 😊",5
f569dbd4-ffbf-4d27-b95f-286b6b9597ca,"This is a good app to interact and to communicate with friends/families. My only problem is the comments on my stories doesn't show up. I can see it in my notifications but on my story, none. I hope it can be fixed, I tried everything to fix it but nothing happened.",4
13d40337-65dc-49e9-bc72-bccc8e9517fb,nice app,5
d7064817-3a38-490b-b8e9-3e42120c14c5,i like Instagram and use mostly Instagram,5
d548d1f1-add0-4b1c-836b-17da188312df,the new tagging feature is annoying as we can't even read a post properly with people's name blocking the view.,4
b98a6b51-da64-4d60-834b-df97b2172ee8,nice aap,5
279a080c-bf66-4b24-93a3-111c83e833c5,"I can't login from the past so many days , The same problem my friends are also facing from months still there's no way to fix ts , entering password and correct credentials but still unable to login, while creating new password it shows incorrect password , like how tf is it possible showing incorrect password on creating new password are you serious @meta please look up so many of people suffering from same problem, your app is getting worse every year , atleast focus on bugs 🙏🏻",1
7a76809d-48a2-4ae6-a1dd-ea233131e76f,best social media platform,5
f63a50bd-48b8-4f0d-ad34-7d033cfe1fe9,good app and features but privacy is week,1
aec96d7e-6ee3-4551-ae29-438d660d4218,it literally boosts my page just in a day I started it,5
3e2fef7e-c31d-42d7-8edf-a7aec23fd57a,too good,5
66cb3637-b70b-4619-bc1e-da2475eb4ceb,show nice 🙂,5
a1c39734-86c6-483e-98d8-7048d4608917,lag,4
8c5f136f-3a19-4195-bf73-122967bf1d32,awesome,5
6e89bc7b-151e-42f0-8901-0210ae77a24c,best,5
cae3019a-9cfb-4759-98fb-df22912ffad1,Good,4
4cb4cc75-6e01-405f-84c8-53c7a5f21a62,very nice but some problem like password changing,5
e4b706d0-8f7c-4e6b-b9b4-3b6cd8c226ec,nice,5
18bae589-8283-4a50-ae49-cfbca18fe25f,👍👍👍👍👍,5
8707e336-fedf-429c-bb73-c49ba613b73e,arehhh vahhh🤍,5
0f24e35d-4468-4fc8-9eb2-decb42239862,"Obsessed with this app 😍 Everything is clean, fast, and super convenient. Makes life easier!",5
3ceb47f0-168a-4bf1-b4c2-331871a4a460,i can connect to infinite no. of people,4
4a6152d2-9baf-4275-97aa-d075023e1bdc,excellent,5
cf6e9bf2-7a5a-481e-ab12-10dca3b23530,Nice,5
2c59729f-5f0b-4a3f-afaa-fa16f95dbd2d,wonderful 😊😊 site,5
1bcc2333-d784-4417-9377-a3bfb8e03e61,i love it but it has risk of being hacked 😕😕,2
e059f2fe-8a23-43d2-bae3-7517ea9c3b23,good,5
012f0633-d923-49f6-83fa-190bdec4d6cb,Instagram has very glitches apk,1
c1b68996-5cf8-4e74-9fd9-d0d463bb0ebd,amazing,5
80905a52-63b6-4875-9e9d-abc88097b726,good,5
12fd54d3-f829-4393-8ad1-2888ca4d59db,personal details misuse hota hai,1
1b79fd94-be96-40ca-a79a-5f788839495b,very nice,5
1e8b9a6c-0cbb-4998-ae3c-aa4bcfc2f5ec,nice,5
8dd3bda8-a935-4f73-a99f-68912bc12ad2,sharp and nice,5
f1612224-b078-4ee6-9836-5ba11cd81ee6,good information app,5
6842a342-db90-4aac-b4c0-19cfdfe50c60,Good all round,5
410702a7-d414-4e17-a915-f9d0ec8b3600,Best social media....,4
54c2c089-9a58-467d-8f09-acb760d4cf68,i didn't have share button,1
2b8a3e59-1bf2-407d-ba31-6e0f2560cbcc,app is a good in a friend,5
8c350330-2442-462f-a551-3d68d7c06005,nice,3
02e0ec4e-0494-4ba1-8135-607ce7f18307,"My accounts keep getting suspended without clear reason. I already secured my email, followed the rules, and tried restarting. Still no success. There is no clear explanation or real support, which makes it hard for genuine users. I think they should provide clear reasons, better human support, and consider hacked users so they aren’t penalized unfairly.",1
2d941769-85c4-4565-87f2-a23cc184d0f7,Very good,5
18f667e1-55d2-4135-ba1a-3dd6189759df,💯❤️🔥,5
ca5a46eb-b998-4d6e-8d7c-2e3f7fa70d13,good 👍,5
387b9e0c-423e-4894-a796-214e3097a8b5,Very nice aap,5
da799527-d4df-40b1-8869-772e7d141c59,برنامج زباله,1
8d28cf16-c30a-4ef5-97a0-5afa8db13f31,very nice 👍🙂,5
03d48cf8-48de-4319-9b3c-d0bf5d57b0e4,very good,5
77af2e65-5dff-4582-b531-c0b62455c431,"my main and back up account with 500 & 1k followers got suspended in May of 2025 , now each time I have another it last for a month or at least 2 weeks. , or sometimes a couple of hours even without me using the account. and Instagram fails to give me my account back after an appeal claiming I went against guide lines when the account haven't been used yet , please fix the issue .",2
c6b7608a-fbb1-41e3-a1f1-ec97e0430033,nice 👍👍🙂👍,5
c8c2dce7-fc1e-477d-9084-4677d3735744,overall good app. but please add an update where users could see who doesn't follow them back. we already have a thing where we could see people we don't follow back but not the other way around. this could save people a lot of time! I'm tired of going through my following list finding people that unfollowed me but didn't remove me as a follower (wasted a lot of time on it).,4
2cc1b6d8-a74b-4172-9f31-f8f91b0a6021,best,5
a41b4b3e-37e7-41ca-ade8-6dad4ea553b2,nice 👍,3
92ca1721-7031-4e5b-af3f-7f42b73b94aa,one of the best app,4
2a01a29c-e3cf-42c8-92d1-fda8a232a1a3,good,5
aac2af0c-3194-474c-8c07-db0999abc8f7,good,5
c2791d0b-4a05-4eef-bb76-75a52f0f97f0,this platform is very good 👍,5
97ea49c8-f20c-4311-b960-304d349092e4,I have an account but my appnot open.. Every time say incorrect password.. What happened and what i do for this,5
a0aabba2-672b-4990-b3c5-8bee8dee95ce,May Favorite app,5
42c2d38c-14f1-4024-b099-c2395fd9780d,excellent,5
c6435fc1-36c2-4a4d-8dd5-0c092f19f24e,perfect,5
a97fea65-84ca-4acf-8fba-ac9f4cc4cc02,good,5
fce75df5-2852-400d-8c6b-a9cb4025bfb3,some show a glitch in my account login in another phone and after changing the password the account easily opens in another phone I don't know why,4
20d5377f-a19f-43fd-af06-cb308f57bad7,Instagram suspended ids without any reason any time they suspend users id even when customer service is also bad please fix this problems,1
434de3cc-a066-4022-9b42-45f607ef2635,Great app for photos.,1
9ccf7255-7ac9-4f76-bd15-fde881713556,keeps you going. stress buster,5
55419865-2912-47ce-897c-51e8cc66836e,best app for story and post,5
c5863d57-7bab-47eb-8cf9-20f5e6af8db6,nice 👍🏻 app,5
f80d0195-0562-4729-829a-ba4c4ff21825,much good,5
60b893aa-4edb-4dc4-a238-f5035f55a3ae,very nice experience,4
8422081f-2664-458b-ba4c-465231b8551a,followers,5
abd67977-e3a0-4d4f-b9a9-3ad151a974bc,vari good app public place good rating app,5
491fd9a1-0b11-4dac-8a5f-79a72137bb59,very bad app do not use this app,5
1cf101d5-d201-412b-ac0e-91f081963506,is like a dream giving a many opportunity thank you Instagram love you,5
3c41a465-ab9b-4fdb-bfef-c53f7a3607a6,good,4
66cd902b-8d4c-442d-b323-aab3e8ed4c2d,good,4
0c38f9c5-64f6-4397-ab29-712e44452caf,good,5
6e962878-b55c-49c6-80fd-22e34decd148,good 👍👍👍👍👍👍👍,5
c1af62be-27e1-4679-9e31-3352eb72f545,nice app,5
d70632bd-f6f0-4aca-b95a-d83b81847498,nice but ishme ads nahi aana chahiye,4
e2dd9650-52d1-4d26-ae2b-7cb429e3292d,My I'd recovery (pvt_sagar_01) my I'd disabled please recovered 🙏🙏🙏🙏 are you support I am support 🙏🙏🙏🙏🙏🙏🙏🙏🙏🙏🙏🙏🙏🙏🙏🙏🙏🙏,1
49713a19-9866-4a42-aa3e-5ab766e1838c,insta love hai,5
d35f2768-209c-4d4f-83cf-c2307af5c1f8,bhai yaar ye kya new verification le ke aaye ho na hi ho rhi h or na hi id recover ho rhi h kya kre bhai eska,2
a38c93d9-3b86-4fc5-9877-b076a8c48db6,it's very good and very nice,5
f8586e42-9d37-4b00-a151-1b48140547e4,nice 🙂,5
de69723b-d679-42a0-8105-395f70106a07,perfect,5
5bc6abac-8809-450d-b795-1ec9338be811,I really love this app..... it's very useful and important,5
fe1e5b71-2678-48ae-973e-a764142ef035,best instagram 👌,1
a6db4ad2-2ae5-404a-9d70-e41a845bfe92,i like insta,5
08b41eef-8346-4967-bef5-cc8180b3b8cf,nice,5
49a68a2e-6602-4abf-b36b-f6666ac273e2,Download nhi ho rha ...🥺,1
cdf328e9-5d84-46a6-aadd-134d64419a63,my account suspend,1
de4c894b-cacd-483c-b7f7-51d19a34f7d9,very good,5
84010826-7e59-4985-9522-67a7f0c599e5,super hai,5
33a91ae0-c7f1-4cee-add9-c02fd94737e1,rehab,5
889dad0c-757d-44c1-9991-82525b17fbc3,Account got deleted so i rate 1 star,1
77915c8c-53d7-4aa1-b16d-416e66fd4abf,why I am not reposteing the tag videos in my Instagram,1
9dcffe66-b7dc-4e3a-8758-8772f097d274,very good 💯,5
edc9f78c-112b-4a0b-8a95-e2b884d2d8a8,This is nice app. My favorite app.,5
68f8e6e7-2f28-42a1-a1da-a8827e61d18b,Very fun.,5
6cb2653b-82cf-4a31-967f-d42b8e4ad2e5,ok,5
d48647b8-618a-4254-ad40-4562c56904c9,excellent app to enhance businesses and connection,4
dda29290-0614-4356-85a2-6f515c0f16c6,best,5
088c1bc5-58bd-4a58-8ac5-e2a3fb0a77e3,too good to say good,5
255576b9-d2c9-404d-b700-766c39b8e196,best,5
d641f19e-c1e7-470a-b894-e3d85c680425,it hangs on calls most of the time.,3
355c4adb-31be-4b50-b747-6a2d1869d611,Outstanding,5
c0e5a857-5edf-4142-b652-3ba281a765b0,excellent,5
c0b89539-8293-4ace-9048-de00521ae110,bat nag naglalag itong cp ko,5
418d8022-a566-43a1-bd7d-759f8b3c4402,I need gif in my notes,2
629360d2-83c9-4e6c-9f13-8c3de4d039b4,nice,4
a731e540-a896-470b-be8d-fc8c54cbe8ec,great,5
25fcbfe9-ad45-4b7b-93e8-f738d0c21c9c,❤️,5
a92778c8-c1d5-457b-8cf8-af974a912da0,time limit problem this problem is very sad please help,1
ede5b3d0-55fe-4e9c-80be-5bcbe2903443,very nice,5
56e62bd5-77c0-4866-b7c1-9eb7d7ecfee3,best,4
9ca7493a-ff5c-4b64-907d-504381c89b71,i appreciate this app,5
b3e8cf7d-0890-47b2-9e8a-63d667d6841d,good service this app,5
541335fa-4295-4ece-b4d3-1cc19620cb7f,nice g,5
ece8f4e2-0dde-46a2-9d5b-183ffcc76d1a,very good,5
db17a07d-9918-4aa7-87d8-e04aef779ddc,good,5
25ce4197-fef6-4dd5-9391-8f5145f0bd38,Most amazing app download now 👍,4
2c59bfbe-b056-403d-a7f4-b0df3757821e,very nice to this aap waooo,5
27e90fa1-4fff-4579-8adb-034210747d31,enjoyable,5
7767868c-4b2b-41aa-b046-b82cc8932ea1,best experience,5
4bcec8f7-8046-45dc-a922-9a7d9f381425,Best Aaps for the Instagram,5
3ab493e2-7935-4185-8d25-d09e5241d8b0,"Why was my account suspended? I'm not doing anything wrong, wow? wow? i really hate this app!!!! tskk tskk",1
258ae711-d67a-4ee1-b949-c51e2084ef4c,nice,5
aaffc7bb-f25c-43fa-8cec-945ed0368927,just 👍,5
ec5f77b0-a4e1-4bd5-9d22-64cd766b7b31,again' and again automatic updates process automatically,1
24c6cd64-474b-48fb-b4b8-a7ff8ed6f256,I love it,5
572e007a-c746-40ff-835b-42d941feeb07,Itna bada bhai chara hai ki log hum logo dekh ke jalte Hain 🙏,5
689f13f3-466a-4a6e-9b06-f43983997e96,very good,4
b059e218-2a70-4644-b887-bfc558c23b0e,best app,5
538bcaa2-0c70-44a1-9c18-8b0f2037d55e,❤️,5
d99f2793-fcc5-4279-b354-6462a1cbeaaa,good for Entertainment,5
bc38d78d-425a-4b61-898f-89f017f26802,very good social platform in Instagram,5
d93951d7-2fdc-4aa8-8b3e-4d14c52d5a5a,vary very nice app,5
8aabc4e3-bd66-41e3-b443-30d38ce63471,good experience,4
b5dd32db-d58e-4b0f-8f5a-a1f60de25bb1,why instagram boosting illogical brain rotton content but not boosting logical good content creators,2
f5685817-3a1c-4e18-866c-8aca8340968d,mmmmmm super app 🔥🔥,5
fc6b4c00-0523-43a9-8422-6c5257a1b7f9,very nice performance,5
1c632855-5804-43b9-94dc-4fa778330c4d,Nice 🫠,5
e1c99ee0-3ed9-4e3e-92a1-93b6c07b23f7,good,5
af0566f0-4b50-483e-812d-e883b90ce10a,"it always suspending my account without any reason that against their community guidelines, i already reported this on their email and still dont hav their response. Fix this ig.",2
f9c1ea9d-7bf0-4233-b814-9ce45e6e2de4,no option for posting content no video duration time Facebook is way better than Instagram,1
5924d5d7-3264-4aed-b140-60b8e67e3640,What an app yaar superb app amazing 🤩,5
1e00b766-328a-4509-809d-1e61242a245d,good,5
57aa434f-3249-439e-8197-b0fe259218d8,hot,5
8ac6a232-a16e-44a2-9dd2-476f44054a26,"My fev app I love this app,, Love it 😘❤️❤️",5
59367136-0991-4fcd-be42-d23104bfab42,bugs on ads,1
030e1f5d-3eba-4b13-9cf3-bf696cedeb29,Best app,5
9b1ce40d-42b6-4ff0-aece-9fbcdbcb2e06,nice,5
9ea4326a-dcc5-45f4-8545-fb89b7953aad,❤️❤️❤️,5
10d208ab-4e4b-4742-a7c7-7c5938c6fedf,💝💝,5
573b51e4-27ea-438d-8a77-22a8a87cfd9e,"Update: still Absolute TRASH ever since Meta bought it! This app functions so poorly, crashes constantly and just pushes paid ads and content now, not to mention it's trying so hard to be tiktok 2.0. Hate this app with a passion, seriously Meta, Stop trying to change what wasn't broken to begin with.",1
3bf4c8a9-396a-4e99-9827-f0e095de3434,Absolute shame on you instagram. Always changing layout when it starts to fit.,1
d45992a0-3b11-425f-9ff5-80a28f9e61d6,wooaawww,5
4c5a73b6-a93b-4175-ad5f-bee139857aee,instagram not following people like comment not short,1
d0672538-1e3e-44de-a76d-caa0962f7a39,ok,5
f29877ee-f571-4521-84c1-1e54951b2532,wow,5
dccaa82a-18a4-4378-9dac-34c8f148b43c,this so good,5
5e54f420-ac13-4a37-a216-157e73fe9b3c,repost the reel is working but to tag a person is Not working,1
17b595e9-2cbb-4d8c-82cf-6aaf38d03bc2,nice,5
0f1966c8-19b3-4c90-8f02-ce73d4d9e25f,very good 😊😊 Instagram 💯,5
9d9ac8ca-eb91-4e3d-8040-7b57511e6ec7,nice,3
305af7d7-201d-4798-8df9-3973b73294a3,очень хорошее приложение но иногда попадаются очень много ненужных видео которые нельзя убрать,4
f11d137a-da76-4dbc-a66a-aaf7700a8600,very nice 👍,5
92f07e59-b583-47ba-855d-09caebc28497,💕💕,5
ff98baf6-3732-45f5-83c8-b4752a1d91de,supper,5
3db83569-2663-449d-aa7e-2ce236035133,good app,5
7c2f2f1d-5db7-4466-8bd0-aa5251bc448f,Going gr8...,4
15365dc1-dcde-47ab-b992-84b9b9dc3f19,Good,5
a93a5c15-5598-48fb-8cc6-bf52f03363ee,good,5
50ecc1a9-1a2a-406d-aeca-d38fb040f26e,good to reels,5
2b64f039-5c0b-45d9-acf6-e6b183a1f4e2,this is best app,5
bb118df8-67f8-418e-bd20-a58ed9c143a7,"My Instagram account was suspended without any clear explanation. I have not done any suspicious activity, nor have I violated any Instagram policies. I always follow the community guidelines, so this suspension feels unfair and confusing. I have already tried reporting the issue through the app and also drop mail on official e-mail but haven’t received any proper response.Review property my account and resolve this issue. 😡",1
f4bf6cfb-9ab8-49f0-99db-4585af7e49df,THIS UPDATE HAS MANY GLITCHES 😕,2
1a71a2e0-5785-4793-a14e-b3a59d8b5da6,I love ds,5
e66187bd-70ec-4268-9e18-f5423b3b8583,that is useful for mee,5
107cd6ff-4483-446d-a1c6-8a1df45ed719,nice 👍🏻,5
ad0d2ecb-3d40-449b-8418-2dd5a51af3e4,very nice 🙂,5
85d35950-d860-40de-8291-bbd28d074b4a,it is very helpfull,5
dc520c7a-d15f-45bc-8942-f47e4a3be733,this is very nice app,5
6c0c883c-26c3-4832-82f2-8f2f57e41313,this app is best of social media ❣️❣️,5
ab98555e-acab-49c1-b74d-f596f05fbb9d,for some reason Everytime I try to login on the mobile Instagram it don't wanna work but when I login on the browser it works fine why is that can y'all please fix I been a loyal customer for 10+ years everything else is a 5 star but y'all need to fix this problem b4 y'all lose some customers frl,1
aced5735-afea-4c45-ac1e-a120ac7915d1,kiya ghatiya app hai ek ladki tak Nehi Patti,1
410f2ada-f5aa-496b-86da-aa6a5f3258fe,sooooooo goooood,5
bdcf6b58-5aa8-418d-b54e-889f8ca46f06,Too many ads and less content in this app.,1
3330697e-1244-47ee-9186-26422c93c2c9,great this app please follow me on instagram,5
7eb375e9-5609-4abd-8bbc-e4c0f6049a52,Not good Not bad,4
737a85ae-8977-455c-a07c-9036e9a3e28e,it's okay. privacy concerns on the app via push notification are nice,4
9df51b8f-e245-4ae6-af9a-26dcddbc0c0d,disabling accounts with no reason,1
5290b17e-b123-47c0-a9ae-7d94a96951bb,good work this app,3
c5de1156-8d9f-449a-bd0c-d5cd23aa35e0,best thing,5
c1ec0191-d584-4920-89c0-6bfb4bddc7a3,good,5
25592fae-11e4-49b3-bae5-a2e104b68911,good,5
e66b2bc2-0c73-4054-9a8a-08e3854a79a9,"This app has this generation's life worst. I hate this app because of this app, my attention span has so lowered down and I can't watch a reel for more than 30 seconds. When I started using it, I felt connected with my friends but as the time passed, I got addicted to this app and at a time I got so much angry that I (who loves my mother so much) threw a pillow at her! I request to Instagram to make their app better in attention span expansion and making it a better and non-brainrot app.",1
675e3b17-99c9-4ccf-aea8-d18a17d820e3,100% nice,5
05cbc1c8-4ace-42ee-8d71-c4e0c455ea43,nice app quality viral brands,5
cc67b23a-5bc9-4006-8c8c-af9f7a3c6909,Mera ID nahin khul raha hai password Dene Se bhi,5
e1f37017-6c44-4236-b38d-beec4e7c8537,A one Appppp,5
d63787a2-9c90-48bf-99b8-68409d9c3918,nice,5
244b5868-df0a-4dff-9b6f-ad92194eee20,good app,5
3d6c4cb7-d214-49ea-b63b-823cdc415117,"i love Instagram, its that meta disables accounts without a reason. Ive experienced this plenty times, im so frustrated",2
9fa29204-4359-4f19-b534-18ab760a9e8c,Dear Instagram team I have a problems when I went to open my Instagram account they show we disable your account please fix my problem thankew Soo much,5
1f366f4d-35e4-4eae-8167-8abd61537789,"it has been 2 weeks still I'm unable to see GIF's,even my internet connection is really good it's still unable to load plz check this ASAP. fix the glitch soon.",1
84898c84-3154-43c1-a631-cae0bb0508be,My account reels at not viral if possible then grow my account @vx_uvhiha_xv thanks.,2
e8cb829f-7623-4fc6-b68d-64d0e6feb224,overall amazing,5
6919433b-4c31-4c3d-88cc-405c52e6390c,v good,5
9b2feed6-a983-4d42-9a79-afa966f1265a,why the hell are you not giving me ai voice and gif note effect😤,1
d78d579f-5d13-420a-b0c1-b28327e5f0e0,nice,5
28faaaa6-bff3-40b2-bdad-8b2a8b639a9d,A good perfermance app..to be honest,4
3a895b4c-4959-4808-93d4-75b553c6e5fd,excellent 👌👌,5
09061d9d-1305-4882-81f1-3ce727e14a57,not bad,5
c25f3f0c-cf91-4982-8a85-3d0e5a1ca1ce,nice app,5
198ac8bd-8e2c-4b66-835f-58c0b40594f9,🙄,5
571e45f0-977d-4e01-ba22-d4264648de31,suspend account no solution.... very bad app🤬🤬🤬🤬🤬🤬😡😡😡😡😡,1
655d2e1f-ae98-4324-8345-59da6fc1e7b2,सराहनीय,5
2302cede-0ffa-4302-90ec-7895b69b8aa7,badiya app jai,5
bf004ac3-6a09-4c7f-9ede-c7fe0e228af5,incredible awesome platform,5
ddc892a2-1a0a-46e6-8c05-eaf638bc9b49,king_by_anand_46_ tis views not history,2
774bd2ef-08ef-44d7-b232-3b25a0de2061,Its better than Facebook.,3
60e4ad36-336c-4bca-9e1f-db33dc762745,superrr app,5
be7a1481-032a-474f-9273-5d11b0271ea3,nice super,5
58ea6339-138c-4543-bb1b-8a98a7fd2a88,nice,5
f85c5550-22b5-4a44-9016-dda4b3ed15f9,as a full time doom scroller with nothing else left to do. amazing app 100% recommend,5
27f00197-1182-4078-8e83-5a02eac74fb3,वेरी गुड अप एंड,5
9fdfac18-752d-49ab-8f2d-7beb6908712c,superb 😘,5
16d9a271-e481-4a7c-88c0-0a78ac79c20d,Good app for Android and I love watching reels on it,5
027fbfd0-cc63-447e-af9c-2d8370fad06b,nice,5
2e112623-0cd4-4889-bc23-be8947fb0573,good app for texting with your friends,4
c24b657f-a2e9-4b86-85ba-fd4b0f27838b,no complains is work fine,5
395dfa48-365a-419b-b37d-2496f33e4198,Nice app 👍,5
3817d047-4d0c-49ee-ba7d-b69a26be6857,nice,5
3135a315-1517-4179-9ed2-c6e4f55bb99d,ugh. this whole thing with cropping the sh out the photos really sucks.,3
6f44c52e-1724-404b-91b6-515bfdcd959a,good,5
f46dd605-0a62-4ac8-a51f-0622a3cc16b2,supper,5
ca49046d-21b4-4013-aa6f-853715b534ee,The best app ever👌,5
9463eacd-fdd3-4afe-8bdd-57615ef730bc,Amazing 😍🤩,5
a91e87e7-cd4b-4fc2-b362-86fec240b5e0,amazing experience,5
128603d7-4e5b-45d2-99ed-fe24ccba7670,there are so many bugs in this app . I can't even login my account,1
e67bf5b4-913f-4848-9785-81fec833d51b,3rd class app,1
875ad30b-6999-4e45-bba1-04fe2173aaf7,instagram reels ad 😡,1
01dc9840-a891-49c6-ae3e-9aa8d51d6ebc,best social media app but my reels not viral please instagram push my account reach 😭,5
45e63209-e899-4775-99c1-bfa3b4b20d20,You are upload a story then your mind say you are in your story add music but you are see your music option is left in our Instagram why why why why why,5
c0783c4f-5347-4456-ab6e-cb1a41d25751,good,4
c630388a-6429-471c-ae27-9663aad7ccc7,awesome,4
b0e31a53-fd77-4c6b-8a74-e13fe6a2ca9a,very baddddddd,1
2029648f-f66c-4670-86aa-e22e5f2c8817,bahut acha hai,5
e1d894e0-f130-463d-a774-abcbd2c6dd91,I some disagreements with the AI algorithm. otherwise a great social interface.,4
8d5864e0-36e8-4b20-83c8-2696d4cb43ee,nice app,5
d8504e26-00a0-4297-86d8-363c976e5cf1,best connection to friends app,5
21b21d20-a198-4fae-a74f-3062497cab0e,Totally time west😏,1
f7af9e73-1d21-4db3-af6b-c557e22917d1,nice,5
b976c440-e819-4d9e-9bd9-7c2319565d76,very good,5
e5626d0c-9325-494d-80c5-dcf922e1307a,I need help somebody use my pic and create a reels with abused word ?? please remove the reel from inst and help per,1
8602791b-3fd3-4733-ac09-35e85a12da63,Instagram tune kitne parivaron ki jindagi kharab kar di,5
ac0b0822-9606-42d4-8230-5356d914fe25,bet,5
fd8b6df6-55b4-40d2-9a22-452d2c5293a2,i love it 😍,5
a4d332be-4370-452d-a2e0-db3b178bedc4,My life,5
659087b0-9217-4715-96d7-3e596b5b67a5,Insta is a very funny and best platform in the world,5
fff3a577-11c6-4ac3-8a86-55732ea925bb,good,5
de35161f-8e12-40bb-8627-bb9c6e9e4e00,When I call my international friends so the call couldn't connect or sometimes when it connects it may occur voice problems,1
da34f59c-db21-498d-93a4-95f52a5b8640,instagram please meri videos viral karwa do yaar 💯💯,5
c346ef98-d41a-4092-96c0-475a238ec5bf,addictive,5
98e55ac4-3b00-4cef-8f25-33d25fc2505f,guuu comments are very harsh,1
ce04f8e8-fa36-4e5a-8311-61d4d6c259dc,Full support,5
e95e9448-1abc-433f-bf9f-4b96b3b1ca77,super,5
5614f51f-b775-4d21-84b8-cc102435d92e,video editing,5
0d55b216-2216-422b-a9d4-10f21fa9bb6d,in Instagram this time Instagram platform is not good for anyone because 😔 this platform is giving to person sexual content and other content which people do not like 😤 when I not interested in any sexual content and I trying to report those content but Instagram will be repeat sending those durty content this is why Instagram platform I have respectful suggestion those people interest in social media please do not use this app because it promotes sexual 🙀content.,5
9d2627a4-6656-4eee-9644-f00c418392c3,wonderfull,5
3003deb5-e73a-47ca-a8dc-3ea7050db396,bahut hi acchi Si videos aati hai aur mere ko bahut maja aata,5
0032d348-08dc-45cf-9b7b-226fe197d5da,itss good ✌🏼✌🏼✌🏼✌🏼✌🏼✌🏼✌🏼,5
15d1957b-697e-4b2c-921c-195e1e7b30f2,bakwas,1
6915233b-72ab-4174-a30c-8da90d402843,ok app ha bhai,5
66b4d365-0534-477a-8601-e91efcb1bdff,Good,5
167ef2bb-9001-4286-80d9-c3156afd9962,Bouth accha app hai,5
7794be62-d216-4ea7-8ed1-a05b042784e4,this apps take your gand and time proply,5
23bd9c42-9c8e-43cd-91b1-c04ee5130f7f,cannot open my id although typing the right password,1
941dc684-f6c2-481a-beef-448c1d6016e7,🤩 good,5
4250bae1-b77d-4447-a9d3-28d0cd9c0aae,very good,5
59144fe0-abd6-4ced-8646-5bd2c960f1d5,my account disabled please __mac__wave__,5
c0a16f65-c3f0-4b5a-bec5-b317cf4c32d8,nice,4
9e4e6768-e56b-427b-af34-b6665b4e8c4f,good app ❤️,5
3fdacc23-88d0-4c7d-b13f-c542f8eeba7a,very nice app 💯,5
a3a6ecc7-1e3f-40d9-8838-f22fdec7b159,I love Instagram it gives good feedback,5
e6095b63-e127-4754-b497-10a74d3194e3,bahut badhiya hai,5
6e3f6aec-4d4c-4dd8-900d-b634510b315b,i am really enjoying the app,5
dbd77ba2-7dd3-4f5d-92cf-636fbb28cbc6,nice,5
3e84310d-e640-4e8f-8572-dfaaeecff811,can't download video ls on s22. always says error,2
d97c4845-3054-40f7-bf6d-f2c430526999,my favourite appppppppppp in tha world,5
0d1873a6-8be2-4907-a0bb-36839d5e3542,very 👍🙂🙂👍🙂👍🙂🙂,5
5b1c9cec-4cca-489e-abbf-69871af06cd9,very super app 😁👍,5
7c2f3209-33e3-4f04-9f21-4306dd29894b,nice app 💯 and Very good app 👍,5
da296ae3-6200-48ba-84c0-3b95cdcd42c1,good app best app enjoy all insta frds,5
11372dcb-9388-47a2-8c79-235517e73a89,really good aap,5
bcf6759d-c9a8-4af3-8e47-3da14f5c8844,nice,5
f3cc4815-195f-481b-8b39-4281db89127b,ok,5
f7d1a554-0925-4b63-8bef-b715ce839e40,mind blowing 😁😎,5
0b863e58-83be-450b-bebd-eb44efe24e61,"No words, just love it",5
fd9f5eec-71bd-4d92-a323-3b8d6c67087c,bring back the end to end encryption and let our chats be private even from your AI,1
f48e8b9b-a38a-463d-af62-393d4f759012,nice,5
5dc7eca6-f74d-4ffe-a006-c6d619b117d6,ok is very good 👍🏻😊,5
e0ee9b64-2f96-4dbd-866f-60ab2cd49d20,next level experience,5
e6df730b-64d6-472f-88c3-7424ce3e1f70,very bad app,1
abfeebf4-70b1-4a2a-9b7f-86989f8d666f,heaven indeed,5
4a7e2295-62ad-4e49-b77b-6acfb6334e19,helps my business,5
41413a22-1dec-41d1-9316-aae47ec11455,"If you think your account was disabled by mistake, you may be able to ask us to review the decision by logging into Instagram and following the on-screen instructions.",1
6f9e11d8-b918-40f3-a819-8d1ae5e6bb84,nnicce,5
b6655f61-952e-403a-94a0-d6e9cfe33081,excellent,5
1efc15fc-afea-4768-99fe-5d90e0258632,very good 😊,5
ce9461fc-c9bd-48f2-b521-4f01e41b8205,very nice 👍👌👍👌,5
e10fa4f4-a989-426a-9833-aae5ca8b60c0,good,5
a583063b-fd01-4e41-b5d4-d3aa253565ee,wrost experience without any reason instagram disabled my 150k followers page,1
628bf5a2-e693-4a40-ab5b-6a5cd0c6cf78,nice bro viwe nahi ata hai lave you,5
ae9df85a-4edf-4b73-b376-c66bf52701c6,mera account suspend kr diya saalo ne,1
c69820a7-3db5-4452-b3d7-244824bca607,worst for no reason I got suspended my 7 accounts I am fed up of these suspension 🤧,1
a68aebf6-8a19-48bb-8853-b73a890cf82a,goods vibes,5
561a2eed-a535-48ba-8e87-6da470c8ef6f,this app is very interesting because it's pass my day very nicely 😁,5
d294c6e2-f03e-4241-968b-28514c2686f2,very good app,5
906fffd4-7cc1-4c88-8a0b-f42f5dc62f9b,The best app for wasting time,1
e8189ca2-d808-48b2-91a1-eab2039e657f,best friend 😘,5
06cc81bd-6057-4d6c-8db1-c918c7c47730,best aap for ever😄😄😄😄😄😄😄😄😄😄😄😄😄⚽✅,5
c298747f-fff4-4d74-9ad1-3af06228c4c6,Instagram password error,5
24e0e9d7-5524-4777-8194-268accf2fc24,bekar,1
5d4208e8-834a-4d35-ad82-63fe5fe645a6,I got suspended without any reason why insta you suspended my 5 account why the hell you did this 😑,1
c7a83f5b-96ea-4e98-9f6f-6bef517664a1,👍👍,5
4fa9d959-bfb9-4623-b734-0bd42b4347a4,Nice,5
fd1cc0db-0653-424f-9088-fc6d5ddec5e0,"Greetings Instagram Team, My account (yourusername) has been deactivated and I have tried every possible way but not able to get it back and I believe this is a mistake from your side as I have always followed all community guidelines and terms of service. I request you to please review/analyse my account and reactivate it as soon as possible. I have put alot of efforts in growing my page. Thank you Cheers (Yourname/ user ID shubhamchaven8979)",5
380d8847-e624-483e-af0a-0b56af37abc9,good,3
8185da4d-f02a-4d26-8014-886c78d69c06,good app 👌,5
87044b04-961d-4b6a-8721-0bf8d561ed1e,buggram,1
1a6e11ec-b99f-47f7-98b4-49a95fe54ebb,কও আমাকে ফোন করলে ফোনটা তোলা যায়নি কেন আমি কাউকে ফোন করি ফোনটা হয়নি,5
2899c14f-bdc4-4ecf-a4a0-20bb082251f6,good for all persons,5
11cb0b24-c558-4cc5-a56f-ec58d5d3d973,great app. you can have so much fun. like it,5
46c37702-432d-45d7-9b37-66123e7f00b4,good,4
dd7a1f6c-b4d8-4772-99b7-a6c62c94862a,"I don't know what to say about Instagram, but I really like it.",5
4142af81-4d1c-490b-804a-fed394fe5cc9,👍,4
3b7f097a-62f0-4ff6-8d15-458c60989e80,Instagram✖️ Gatiya app ✔️,1
87212556-e680-4e74-9f04-a52cf1daa89e,i love this app alot,5
62f40655-447b-406c-a330-cdbc01d49f58,shandar,5
1774ac57-6bce-439b-891d-59636e5f4e83,very poor,1
fd110f8e-ba60-4266-9450-3a2acec43304,hello instagram team All my ID s are getting blocked. pls kuch kare ki meri id na band ho thnx instagram team,5
491e753b-1734-4c60-baaa-d0399193fad6,this app very nice 🙂,5
9ac45398-5056-4ed8-9e30-a53c3d7200f5,this is best but sometimes it becomes bad videos,3
92020e3c-7ac8-46ef-acff-01834ec631f8,king of all same app. best app,5
f17297a5-43ef-4185-8555-91df0d1ebc97,this is good app to my editing confidence improving please support my l insta,5
665120f1-c187-412b-b64b-2610ecdfc9c4,"GIF take a half and hour to load, can't able to mute the reels, No Time Reminder option for watching reels",1
b6b8412d-9b6d-4808-8ad9-5de55290db62,excellent,5
3f6c7fe1-25de-4d45-8f6c-4f643fb93f98,hing quality reel uploaded problem,5
60c1a63a-00d0-455d-87de-5890a22805df,very nice picture of you and family members 😍 our love to be blessed ❣️ and family together with lots of joy 😊😂 and family together and family together 🤩❤️ I am in the world of joy 😊😅 God and always bless you and all 🙏💟 and all of the family members 😍 God has always happy with you and your special name likith and all of the family members 😍 and family together and family members and family in life and family members in the world 🌎🌍🌎 and family members and all of the world 🌎,5
6c8b1201-f2b2-4361-9558-5ea5cee03ff9,Good,5
057e83f6-8e57-4f36-a0b0-bee82f0d68f0,super,5
82ea1061-070b-4499-8561-6f01fb0744e0,good app,5
8249c58c-5593-4bfd-959b-c627c0b87540,it is best💯👍👌,5
8045201a-8d05-4a65-aa3a-570cd90566dc,I'm not getting the repost option? why? and I've already reported many times but there's no response to it! figure it out ASAP!,1
5d79edf8-ce79-40d0-9be7-2c76bfb8ff5f,wow,5
a0f13443-7b84-45c8-8ad4-5f7096156025,this app is very amazing,5
cad4f45e-907b-4c55-afdf-ffdb7be336b5,accha hai,5
2702a40d-2862-49a7-9284-5b7d7ef7bcb1,nice,5
53535c20-e41d-48bb-b221-6be0e053b970,best app off social media,5
9abfc29f-cfe6-4e8a-af78-9a7b3c631b1b,Instagram is best app,5
5c8699bc-476d-4a2b-81ab-4455d60be40f,Good,5
6478c301-b50f-4fea-ae0f-801a7dbde45e,my favorite app ❤️❤️,5
36b276dd-5a7d-4016-9a7e-f7e9e8d24ab2,great 👍,5
a79c1a8d-01e7-4966-971f-4a314a3cf1f3,I cant understand this app likee whyyy. I need to update butt there is no enough space thats why i unistalled 3 apps and and again asking for more space likee whyyy worst app,1
64da5cb0-c826-4edc-a849-a66bf72928aa,Super,5
9b66f235-914c-423d-b577-d84e351cef6d,amazingly helpful,5
b0516358-c67e-4ed1-936e-c0800d56e0fc,Best,4
0f6c99a4-0783-4a9a-8ae7-ad78a2823333,Good experience and very easy but I need increase followers so please suggest how can possible,5
87990932-055f-4350-8b89-23e777cac180,"very disappointed with your team guys . Why u suspending my account again and again without any reason ,very heartbreaking moment for me 💔",1
bcca3ab0-1916-4554-b4a6-14d491d367c2,😘👍🏻,5
36898313-3b4e-4569-afc5-c83ca124b915,IT'S MADE ME AS A EDITOR AS A GAMER,5
6288ad75-e15a-47e8-96d4-c299e793fdbb,super 🌹,5
f5ddc420-6f0e-4287-8464-1529f59bd080,pls Instagram my id not supend you iam follow your guide lines,5
22a52231-6383-409e-a91e-eace9b1cf6ef,👍,5
5f0d731a-59cb-4438-967b-4d4d94df37b7,the button to add new highlights is very annoying for me who doesn't want to put highlights on my instagram profile,3
dc1c1410-5ad5-41b5-8aee-14345edb3632,best app,5
e2cfa3dc-79e4-4dc1-ac11-420f9b9e3b08,super 👍👍👍,5
29107734-3fd8-4337-994f-8f6f103406fb,I like this app,5
063777cf-b55b-46df-acd4-a50900bacef3,Good 👍🏻,5
63331b31-4d51-4183-93e1-d730f8139f05,i love this app,5
567f70cb-39f4-474f-9dc9-a3ee20c957c4,good,5
a4f35959-6580-482f-a123-0829404aa42f,dhanyawad,5
93a59008-fd9a-4de7-9d65-d544336c6219,love the reels and shorts,4
e6cd9c32-d597-41fd-a4de-5d50e884c3d2,"very bad app me mera password bar rahi hu fir bhi nhi hora hai ye Instagram wale pouch rahe hai confirm you,re human? why please fix my instagram account you don't fix my account so i gave you 1 star okkk",3
7ce4cdc8-6eb4-47d0-ab92-f1f6c73046c0,it's a awesome app and I use everyday,5
ab695808-4258-4224-9945-defa491c31be,❤️,5
48ab1826-9908-41b4-a561-90a8a1363384,"I NEED MY ACCOUNT BACK INSTAGRAM, YOU BEEN SUSPENDING MY ACCOUNT EVERY TIME INSTAGRAM! I NEED MY ACCOUNT BACK PLEASE I DIDN'T DISOBEY ANY OF YOUR RULES AND REGULATIONS PLEASE BRING IT BACK ASAP MY BUSINESS THERE IS REALLY IMPORTANT.",1
09d476a4-de6d-4f69-8dd4-a415de72a8b8,good AAP 😃,5
38f8052c-8d22-4598-a2c1-c3a00c69087b,this is amazing app,4
c32a618f-50d5-4f3b-b8f3-8445b5595443,Instagram love,5
8d628ea3-a0a3-4940-817a-bb439e5e97ab,gif option not working help @agxstya.wav,1
ac244347-2138-492e-ba86-2e68bc513b65,Instagram is very useful and useless application 🌹,5
ec1883fc-7732-4857-a68b-4aa9c32c4ab7,really good,5
3e35d54c-c1c7-4e0c-b6ad-d898d17df7c6,BEST APP EVER❤️❤️❤️❤️,5
13e6137a-be6b-4b93-9edb-e84e387b2dbe,This platform is very good for new biggners...they can fly and earn somuch of love with new insta family.....,5
1624b266-cc4a-4951-aea9-d07ff75a3996,it's only good app nothing especiall,3
7c620ff7-45ba-4c18-af94-6c2201d475e9,ok,3
685bc4ab-ed06-4462-9b29-bebaffb8365d,this is the best app I have ever seen,5
e664e75e-76d6-4f88-8b2a-bd89839f147d,all 👍,5
2d24d810-937f-4043-b39c-0d5537d44da8,"nice aap,",5
acacdaf6-6f8e-4740-994d-69055978fc39,"why phone temperature increases while using this app👀 also while uploading video it's consuming too much time and data🤨 last but not least 🙄 it's consuming too much storage in my phone ☝️🙂 still I'm giving 5 stars because i hope you will do something for this issues, don't let me down 😃 friends",5
837c3658-2535-4a61-9a6f-3460b89b9573,best app,4
de50d2f4-6fb9-4c4d-a316-a7d5f0993a65,nice and वेस्ट,5
0ddae9ee-e004-46bd-993d-1808bb60b7be,bhut khrb app h,1
fb9e9c03-0afc-40d7-b3a9-1fffbbb4e619,nice platform,5
68d7d007-16a6-41a3-8e01-a83489649c9e,instagram is best app for enjoyment but please solve login issue,4
91cbdbf4-edf1-4bae-b81b-bb96615a01e4,okay 👍👍👍,5
cf5e40dc-10cb-42e3-ad44-2c3ee661f086,excellent 👌👍,5
52d524a2-34b7-41f0-b553-f189623a3932,nnnnnnnnnn that prety 👍,4
21909cc0-979d-49b2-8256-a3ee160a92cb,nice,5
7a324899-77ec-40dd-a7b8-28a0a10132d7,good,4
0bdd9aa3-895d-4f18-b452-5d9b8fa7a684,"​""Instagram's recovery system is very poor. I lost access to my email and phone, and despite having my photos on the profile, I am not getting the selfie verification option. This is a security risk for creators with many followers. Either provide better support or delete the account to prevent misuse.""",1
c8cf692e-eed5-4be5-81b9-d63b29ed728a,"I could talk to my friends easily, and its a good app to get to know others, along with getting to see other creators.",5
fe3ec9b0-0389-4385-8d9b-fb905787c821,awesome 😎,5
165860ea-4e5f-4f70-8dd1-612fe09c83e9,good,5
1230be23-5e6b-4d65-ac3c-c2432e198a44,i love this app!!!🌺😍😍💓,5
a7800c18-3367-4a8d-a1ad-83aa0865bdeb,very good 😊,5
60fb25e2-abcc-4d1b-b34c-003b61439556,world 🌍 best app,5
3b085cff-a020-41a2-b68f-1b05278328ed,my Instagram account is suspended for no reason I want to just recover my account,1
fd77f5b4-efa8-4d0b-a5dd-2c195c005fe8,good to see him,5
f647405d-44f6-4f02-b28b-366b6b9d4a1e,mere account ko bina hi matlab ka restrict kr diya gya hai very bad aap,1
80b1c66f-d5cc-4626-9267-776540ae6956,good,5
4ae78dcd-d1c3-49ba-8000-1da617644a22,🥰,5
649af4b6-e6db-4a04-a799-e865e7253454,👍SUPER,5
11adb85a-fa20-4226-8e50-de6274fb4392,i think instgram should have incognito type mode too where you can watch reels but your actual main account content algorithm don't change based on incognito activity kind of like sometimes I want to watch some reels but can't because then the algorithm always shows that kind of reels which are not prefered so it will be nice if you guys can make incognito type mode here that algorithm don't track activities to show reels on without incognito mode,4
ae5dc9df-a2d7-42d3-830f-44842cb8844c,so addictive & intresting,1
8a83b675-3124-473b-b847-ed5bd8413c1d,good,5
a614f4bf-93e3-404a-a128-0cd7de4e2cb9,based on entertainment purpose it's good and to grow professionally also but some female under 18 videos should be control,5
7c851a77-ba76-499b-b887-d9712936ee26,"Rating: ★☆☆☆☆ (1/5) 🤡Instagram is one of the most disappointing apps I have ever used. My account ""smooth.kush"" was suspended without any valid reason, and I was not given any proper explanation. I did nothing wrong, yet I am the one facing the problem. The biggest issue is the lack of support. There is no clear appeal option, no proper help system, and every time I try to fix the issue, I face errors. Even password reset and verification codes do not work properly, which makes the situation",1
eb811a90-bd2d-416c-9073-b6d62d996377,amazing one of the best social media platform to showcase there tallent and art...,5
44de1687-2020-41a5-9671-ee9feb79ca09,too good,4
d5edc98d-e232-4a71-9d5d-9a4d9942baf0,nice,1
fe3f95b2-affc-41dd-9c5f-ee575fefb556,Why is RCB searching Chakke on Instagram?,1
566fdff6-d5cb-40d7-80ec-002d96358511,nice,1
6f5f9367-6ce0-470b-8666-81c8fdf353fd,the aap was very amazing 🤩,5
beea9440-ba60-4ca8-b175-720c42abeacc,good,5
c6d79eab-adf4-4c0a-b4ee-6c29cc16a1da,Great App,5
980f8c69-596e-47e9-b5df-5693c1719eec,meri life ka sabse accha app instagram,5
0e9a5580-e6d9-43dd-81d0-3f42dc425f06,Good,5
a4fb5496-5ffd-4e88-9ef3-2be3512ef3ea,😍👍 arbaz Khan 💕💕,1
31493cdb-8614-45e9-ae82-ac0fe8bd70ef,best app,5
3249a04c-fc6b-483a-8858-e01790a5c245,excellent,5
840eb6fe-8b83-484e-a844-0740665aaab2,"This app has so may glitches I've uninstalled Instagram bcz of some reason and then when i reinstalled and tried to log in my id with username and correct password its showing wrong password please try agin later, The ID is opening in Chrome and other mobiles with the same username and password. can anyone resolve this issue.?",1
3a9c3da4-9ac5-4ffd-afc3-fdca676acd13,nice 👍🏻,4
8e261ccf-d509-46ee-901a-977dda7c56a9,nice app,5
db4544e8-1d37-4833-8501-b13b1956c5ab,brilliant,5
eb8cb91a-b105-4ae0-903a-7571deb67907,"this app has always been extremely buggy, I even lost my account due to nothing. it says account integrity, but I did no wrong and regardless if you make a teen account under the age of 16, it still asks for an ID which no one under the age of 16 in America should provide. you claim your app is 13+ but require IDs for teens? I'd legit never upload my ID to an app I never trusted to begin with. I lost my two biggest role-playing accounts because of this.",1
3a00d93d-6844-47cf-930a-6706c7214db6,very nice app but my reel views arecbery bad,5
069d2172-41b6-4a02-9f0a-0c3971b157e9,good,5
c04f8815-5078-4b2f-9bfd-3c14dbc0014b,Nowadays Instagram is a addiction.... Instagram should ban in india to without linked with the age (I don't want to give star but without it's not posting so),1
17bf7c5e-2231-48f7-bd63-4ce72f5697e3,top♨️,5
71b90b2e-a7a9-4e88-ba94-f0400b17afe6,my fav app,5
cf0df857-7201-4d33-ab57-9d00eb4c1c0f,can not download Instagram show kar rha hai,1
ce2adeef-5e6c-4352-9a79-0c238d0fbc0b,nice app love it . ummah,5
9ee2ff16-1a8a-4c32-99f6-1cd6b6688766,it work for me thank you a lot for showing this app,5
f92c7a28-4373-4344-8030-1d3ed7ecfdf2,very good app is instagram world good app 👍👍👍👍👍❤️❤️,5
3cefd42a-5d5d-445f-b38b-ee449a641c01,good app,5
a376a1e3-461a-4c09-accc-f8cdf167d181,nice app,5
e3d83831-2980-4ce2-a545-4673bb7c1b5f,bahut badhiya hai,5
1c481623-07c2-431e-a0cf-29df5755b2e9,didn't get the msg the opposite person on time ! and it shows all messages are deleted what was happening????? till now the glitch was not solven,2
ecfb82ef-96b9-4392-bac7-3b5fdb4ad70a,very bad app,5
49ef4687-c02f-4b07-baea-0d04e9b455d7,bahut ghatiya experience hai my all accounts are suspended 🥺🥺 I request to all please uninstall instagram bycote instagram,1
f633e2db-3b51-49f4-a0fd-40be0ef9103b,love it,5
50a6435a-af44-4ada-8d8c-2d9e7941d737,"Im quite disappointed. I uploaded my photo a few hours ago in HD, but now it has become blurry. Please fix this immediately...",2
e32da6b3-6f65-41c2-982f-b05e34e4801b,Disgusting app just my pvt id got suspended again 4th time like wth guys? without any reason you are doing it just need to delete this app,1
68c16a5b-84aa-48e3-a3e2-e1c2b5a030d0,Instagram is team so many solve problems and relax,5
7d29477f-eb24-45e4-abb1-b389800f7c90,waste,1
06f46bd8-f223-4973-b9a3-857b283c7a56,loved it,5
e864f474-569f-44e7-af33-a6eaacff7f9b,nice,5
3177c679-d202-4f7a-95e9-aea99c6da772,yeah 4ever fav,5
db1f6b4a-9711-4b32-bbf0-6e0458f92281,good experience,4
c35ad961-e413-45ad-a78a-227ff6ee83f9,had an argument with a family member for the first time in years and two days later an Instagram reel is suggested to me that mimics the context and details of the argument. This was also the first time in recent memory I'd had a reel suggested to me relating to that part of my family positive or negative. Felt gross and wildly invasive and it happens all the time but this last time really riled me up.,1
77a3a6b1-cbed-48e3-82db-40c98cfaff94,very 👍,5
724987d9-32ad-49c0-80dc-862ae56864b3,nice,4
4371702b-1a21-432a-8bb3-d19a1330c435,Nice,5
cd65c66d-4f95-4830-9eda-b0ca0539acd6,su weas,4
8396df79-7d24-4e3c-91f7-dce391bde7d5,Teri maka bsda mere me gif kyu nahi aa raha share wale option ne mayiya chod dunga tum logo ki agara nahi aaya to,1
1380f835-300a-4f95-9bf8-ae96827820c7,There is a major problem with Instagram They suspended my account without any reason I didn’t violate any community guidelines,1
269ffe97-44df-49ff-964b-386d33f394cd,good👍👍,5
10e108f6-3813-45f9-8da8-a15a64f65aff,instagram is most ads,1
1f4c9579-8fea-4a60-8607-47c9321e2cfc,aamqzing,5
7c47f815-1599-4993-bb2b-b154d7a35d84,ladkiya reply nahi deti hai download mat karo 🥹,5
0ad1f3b7-1124-4362-bb48-05897b75cc6d,yes it is good,5
bd7858d2-a81c-49d9-896f-2b861abc1a01,nice,5
4a1a10b1-cf0a-49ee-b1cb-1eed5a372828,amezing,5
eb61c88d-3ff7-4227-8354-4d61031693af,My favourite app,5
80d04ebf-169c-46b0-a7fd-9944a4059428,Plz Delete this app my son is not studying,1
074a74a3-8187-4dd8-b0e9-4cd00b792156,nice,5
725d8888-9ebf-44e8-92f7-0186b8ca8f4a,se bat,3
7e5a65fe-506d-44dd-98a4-1cae4f9ff86d,this app is so amazing,5
5aa0a44e-22c3-4e4a-aa7e-1af8d3a34b22,good,5
efad9452-7a68-4cc6-829a-738385886a59,nice,5
c7c4d1ce-7b90-4e8b-802a-a090b5d2ed0e,nice aap thanks,5
280e103b-84d2-4c59-9403-b292434f0dbe,good,5
0d2a5185-c75c-4b3d-9f89-9a44d79f3214,yes it's a nice app but optimisation is just so poor. not just for my device but all android devices in general because I keep facing the same issue no matter which device i use. screen times out while using song picker. stories barely upload unless you keep it open. screen turns off while drafting a story and then it gets stuck when it turns back on. chat themes work when they want to. gotta refresh insta too many times to get chats to load sometimes though I have s strong internet connection,2
552879d1-ac78-4813-950e-4630c423d072,osm,5
747bb662-b113-44ed-8918-32ba1369349c,it's a really good and easy tool to have,5
c4c9bf24-658c-4e06-8d77-5ab0ea6df891,very good aap very nice views,5
4f762854-fb5e-4841-aa2c-ec8c402d1fae,reel ma view nahi aate hii,1
fcb828ae-f68a-42ad-9b3f-0c9832a5a6e2,best app,5
e2613273-43a4-44a9-924d-94d691042af6,"lyrics are not available in some songs .please, resolve this problems 😤",4
ec3ebd0f-118d-4678-82fa-9109b2e7e5de,This app is awesome we can call it the best app ever,5
8477f2e0-9021-48f7-8590-3eae4570c486,"Instagram's new update voice changer is very cool, I like it very much",5
0d321dab-8627-4113-8ab6-6b41b44dea9e,help full,5
fccfca67-af7f-4993-86ba-9f91d22233d8,super,5
4917e7ed-4f1c-4d31-bf42-298252cd4b95,This app is literally very amazingly,5
89b26758-ce90-48b5-bfad-bea051af6742,I like the way,5
7998c9fc-0c8c-45e8-9546-4994d983360b,good,5
73a9ea9d-eea9-412c-b2db-ba9f88d28426,notification problem but it's a very good app,5
acacbba7-d878-4557-8257-bea119e5965a,ok,2
1efd1540-30ed-4015-abbb-e201e73e43a1,bro fix your app I cant pause it's randomly choses where the download button is most of the time there an error when I want to download a video I cant like comments cause it unlikes it immediately just fix it HALF THE VIDEOS I WATCH I DOWNLOAD DONT HAVE SOUND SO I DONT DOWNLOAD THEM,1
3d322cdd-1ba0-40cf-95a6-405d8f6ba544,ok,5
ef3e3576-7f65-4467-bf77-fca885fae344,gud one 🤌🏻🌊,5
f26cecd6-26d7-4ac0-8614-907bc5edf3c2,i love this appe,5
30cdf059-e922-45a0-af36-bae46efcc99a,my account keeps getting put on a appeal notice for no reason and I never can use my accounts again for stuff I didn't do and doesn't tell what I am getting this for but says you are somehow going against the guidelines but doesn't tell me which part of it i have gone against,1
ecd8be16-0bb6-47c8-bc2c-de14ebe09964,that gives you a wander full experience,5
f68871f0-5e7e-438f-b5eb-38a310ce24f6,awesome 👍😎,5
1a26f2bc-bc18-40d8-b494-a15c83541253,hello instagram me kisi ko follow unfollow nhi kar pa raha hu issue ko thik kar do,1
8870d7d5-ed37-45b9-9dd4-7891f48f4a4c,nice,5
b236983a-281b-4d32-9294-7eae0495dcfe,loda,5
2970fed8-a77d-44bb-8032-7d1343420700,"dito kami nag kakilala ni bebe ko,joke lang pinagawa nya ako ng ig acc tapos sya yung una kung following tapos sya rin yung una kung followers tapos dito ko sya story sya yung laman ng archive ko sa ig meron mga araw na super miss ko na sya as in miss na miss na kung makita mo man to I miss so much na my baby,haysss wala talaga akong masabi bongga tong ig sana pwede na ito pang rate HAHAHAHA",5
6e33f413-7f0e-41ef-9a49-069948566087,it's very cool,5
40efafb7-9eb2-45ae-863d-cdc2116c485d,bed app,5
712ccc32-5b53-44e7-9cc7-527077fe2fae,nice,1
1f8b7515-16df-486c-bc3c-04d1b9341062,don't bother 👎😭👎👎👎😭😭,1
518ef201-15bf-4558-9660-e63d8054ce03,need to load vdos with sound,4
e301d3a1-1c51-4452-b0be-cb6fa28980bc,"The Reels used to zoom in before, but they aren't anymore. Please fix this.",1
03eff136-ad9b-4004-a883-bc1d588cc437,Very Best App,5
752be57f-2b4c-4b3d-af53-05c8add511e0,my instgram account are suspended unnecessary without any mistake and violance. i texted to team of instagram no message no reply why you make the team 😡 they not seen and solve the problem.. shashwatt31,1
00cc3c78-325a-4894-9544-0a5568cbdd25,instagram I'm trying to login my account from last 8 days and unable to do it even tho entering the right password it shows incorrect password please try to fix this issue,1
fe0b51cc-e9c6-43d5-9620-29012b4ddc86,good 👍,5
85e2076d-037c-440f-a865-dcfcb49561ec,wonderful,5
37803c51-5f8e-4008-a992-a9a3c43f372b,good,5
f1113a2d-206c-498e-9b93-9332e1bd308b,bhai mera instagram ab na disebal karna please 🥺🥺😊,5
bcb4a4ee-d00d-4ab3-b9dd-3d34f3f87ac0,good,5
80b939a2-e925-4123-9f5d-a405202299a0,my choice is always instagram because of this app is very good app and iam enjoying this app very much.,5
42679b75-deb5-4074-8c38-82b60c1237c5,nice,5
7a2cbf20-4e3d-4099-a2bf-abd1d4945e2a,nice,5
79e5db4b-0227-4b12-b8a5-5ab8639c7f68,excellent app,5
77e8e7c5-1526-48db-9caa-f9ea2e57de37,fantastic,5
1b9c6ea9-a970-42eb-92e9-81ff674ad177,love Instagram vergoogy very very very much this is the good app,5
00423781-1900-4855-bf78-b57c56d7d2eb,naala irke,5
a8b87ce0-485f-4abb-b50c-dfde53cd9cae,best 👍app Instagram,5
93f308e3-5840-4681-bc85-af9a93e01cc7,it is safe to use. it is very good app.,4
92cfba32-99ee-4586-90e8-469e39edc78b,good,5
ae25a952-6741-42f8-bc0a-c69939cffe34,insta gram is very interesting app,5
10bf3f32-37ce-4592-8dee-640e62be6197,@rohan_maloya_wala_ this is my account it's not working so please fix this problem 😞😭 @instagram,1
3e258e89-1929-44c9-bf89-7e8240142160,nice,5
3abe55db-553a-4d00-b14b-c4f5da65263c,op app,5
24bdd0f6-14c4-4317-80bb-0bb1c108a484,like kyu nhi aate hamari post per,5
0fcacf04-5851-4976-805f-f064df24005f,I can't log back into my account at all not only that but the same thing happened to someone I know back in January of 2025 (from what I remember) I'm so tired of Instagram being so buggy please fix this already,1
382b181a-e6ce-43d8-80fd-b25373ba2ca1,super app ❤️,5
851796e3-b9b1-4a9c-9697-63d07e6f8b3f,nice aplication,5
5a056d35-7776-438f-a8ec-635955aec302,good,5
30a7a283-1d72-42ff-95c1-2a82860ebcbf,good app,1
96be1431-5f18-466c-b2ab-9c4ed4d847a7,it's cool 😎 hot 🔥 App have never seen before 😄 🤣 😂 😆,5
ccfdeb5c-79da-4489-9490-33b20f346078,"app has been trash for years now, half my feed is ads and suggested posts. ever since it stopped being chronological the experience has been so much worse",1
97478ede-b1e9-4a4d-9c1c-9ecddc1f0e06,privacy invader app,1
49e56ca2-ffa9-4e30-99df-f7f08e161654,good,5
9e8854b3-ec56-4cba-b7d5-97490a0deaad,❤️,5
eed27a0b-a75a-49b3-a45b-c0c71b3016a2,In now days I am very angry with Instagram privacy policy I lost my two accounts without any reason.I don't why Instagram do this with us but actually I am very embarrassed with them,1
81b27dbf-6a41-466b-88e0-f7bdee0324ce,poor management Account suspend or disabled without any reason 😢😢,1
410fb06e-21eb-43ad-adf4-70c8d043cd5e,good aapp,5
aee421f7-7853-4a20-bbe0-f3a588db70f5,amazing,4
e9fe6bd4-3fdc-492c-9215-f7ca77c59b7c,♥️,5
3e5a8c8f-ece2-4121-8080-661341bab135,punday,3
251e0c01-8658-4615-a234-459be2093d0f,nice,5
0dc4decd-4d4d-441a-b3c3-e63780e0c7cb,aura jannat,5
5b9fa0ce-ed84-4cac-a388-b8b07635f0b0,ok please log poora bad111 m,5
8c45e6c6-5108-4a16-a962-ddddfe2e0ce0,love itt,5
fa4e7f13-b019-4bcd-8276-c80fbf786cbe,it's a very good app 💗,4
92fc91e4-0d25-4144-b118-d1c6e84ed27c,Me encanta tienen tantas cosas para ver y el un facilitador para guardar fotos,5
8f3264e6-cf83-42f6-ad8d-a21ead273613,I love this app it's very awesome Because this I can know everything so I like it very much.,5
bf6542ed-955e-4fd8-be21-a5703e489a88,very bad,2
8ad18953-4ea7-4d41-95df-9151cf2e03b6,really i like instagram,5
277752d0-81f2-4e42-a5ba-da6e7bb8523c,so good,5
1a433d21-6cec-4777-8035-0e1bcbd2e0eb,very good,5
50397988-dd0b-40fb-b463-308f0bff016f,Hi Instagram team 😁 update ka option nahi a raha hai please solve my problem,1
7e0ad268-351d-4d6c-8d65-aced790416df,😍❤️,5
3d953a82-0213-41f7-8d71-6d42447050dc,veri nice,5
c4dc999a-aa01-4764-8414-3969a80517a2,बहुत बढ़िया है,5
e899faeb-34c1-4287-a5b2-b915b9224683,👑,5
416b894b-8bf8-43e6-9770-e8ccb91fade7,good,5
0ce184e8-fcdb-4dc6-bf55-ceaf7c97cfe3,A intresting app to chat with friends share posts and reels etc.. this a amazing app to explore definetly try it 👍🏻💜💯,5
b3daea2d-ad8e-415a-84bc-d5e49b037595,super,5
7d086667-aa82-4fd8-8017-4462614c82e1,ববহজন,3
997368bf-35df-426c-a2c0-06c744caa63f,good,5
f1f2c466-010f-4745-b429-54e80943853a,∞💜🐾,5
21fcc3b8-2200-463d-9457-69047804928d,Instagram is a very nice app,5
d65129b5-9523-44e7-a9fe-93106c920a29,Followers,5
67a67749-6850-48b7-89d5-3ee492095316,🥳bohot hi good ☺️,5
94383604-6212-43e8-8a33-b65bc63ad672,soul and nation killing AI scrape bait,1
a98b4a13-77a2-4388-9482-0b3a20946e64,Aweome app,5
4e42c7be-75f3-40b7-91d1-46cbfa8585a4,bahut mast aap in Instagram,5
d8d54b42-05f5-4072-bf29-2fe5a99f7f49,very nice,5
8a614447-1d6a-49be-86a0-c3b39575bb3d,amazing,5
3f23a3de-01bb-439e-8b9d-8b9a84b89c0c,"beauty of the mach app messaging, earning,",5
629726d2-324d-41e9-b7b4-bb31336ab437,😎,5
94de852b-6ef8-4ed0-be5f-3d441e52060a,nice aap,5
9d0db38c-9fb6-440f-a539-c21b50fbfc69,super💗,5
16b081db-775a-41f7-91a8-2e723f2a2139,great but new page grow slowely,5
4c60197d-ce80-4b16-ac69-0c645292f013,in my id I can't use new features so that is the reason for low feedback And also in the update I can't see the gif on a note,1
802fd1a1-5f3a-4971-9c7f-749e00236d4d,best,5
8238d17a-af53-47c3-91c2-b563223bfd03,bilkul bekar Koi mat chala karo bhaiya Kamla Nagar,1
99c640c2-22a8-4ea2-bf0c-c37cb0a9a448,Good,5
8ebabd83-af8a-4ad9-b7c5-7eca59bab543,verry nice,5
c49296b8-04f3-4fc5-b621-6f6a40e1df3e,"It's very bad, the banning problem is really bad, the program bans accounts for the smallest thing and without reason... and without convincing reasons either. If someone reports me because of a problem between me and him, Instagram disables me because it's a stupid application, excuse me.You need to reconsider this programming.",1
f2929329-c561-474c-b5a5-9cbd6a76af27,good timepass app,4
8de07be1-543b-4691-925d-b9921ef3619e,waw,5
05152b07-2e27-411f-b2f0-5f09fa073160,This is good for counting with family and friends,5
010e8987-6442-4cef-8619-01230fa54b76,very nice,5
e57bf6d4-aef9-4cfa-8c79-695aa72ae4ee,Very very bad,1
89281bb4-2767-43f9-ba5c-5884e61a28a2,super app,5
829a7f62-b87d-4aaf-b57a-93f7762613c2,please epdiyachum vara vainga,5
9de8928d-fbbc-4244-a082-0dbbb3726350,👍👍👍👍👍,5
37da109a-ad07-40cc-b2de-5038cd31dd39,best,5
e0820570-bfea-4274-acbe-37daeadf5d0a,viry nice app,5
e09fea31-5f50-448d-a483-d8f0f5d33c08,excellent,5
730a92e1-1f3c-4577-88b8-b2a03052315e,nice,5
bbfcc23d-e6ac-432e-9ee5-b05833d0da1b,very good,5
2d49c67e-9e42-43cc-baac-d3e6d7817ed7,"when I've done nothing but my account still got restricted, even after an appeal my account is still not back, I've given everything the appeal needed but my account is gone and I can't talk with my friends anymore, after the appeal the page suddenly gets reset and when I make another account it's restricted within some minutes, at this point how will I communicate with my friends. 😭🥀🙏🏻",1
7b1ce980-7e94-40a5-9a62-6bf400889a07,most beautiful app for contents,5
f1bf5cea-4a4f-4cec-893e-c20d53675b53,wow,5
35063142-5bc0-474c-8a19-07a09e59b494,I was hoping to give 5 stars but I unfortunately don't like some of ur policies,4
b80b2f67-06bc-41b8-b4a3-d2962de77d90,viral my reel,5
4b0a69ee-1bb5-47ea-89b9-7dc0888f7242,muje ye instagram,5
0b035463-a94c-4e80-a6d8-33cf0888ac18,very good and outstanding,5
93e4ae09-bc10-46f3-a7b7-320c21b0ee75,very intrasting,5
2dd9c94d-a249-450a-9d21-d9c210f47a9f,This app is good for us!!,1
4dfe7d1c-1dfa-46a8-a597-711a53a2d5c3,good app but only problem here with fake profiles otherwise insta is a very good app to connect people,5
3c735393-8a8d-4f4b-8abe-0578e3c1458a,love this:,5
87b99e78-e38b-4cbd-9b2b-c9d54b52546c,verygood,5
a32a649f-a461-4aaa-9de6-1da18fa4d24c,My daughter account is consistently getting banned everytime she makes an account and she seems to be getting banned for no reason.,1
aea77535-7f22-4ecc-af4f-8f76dd955b1d,good,5
dd39731f-52c9-49a8-aa62-4d60217d8644,"my Instagram don't open . the Instagram app was show me the insta gram stoping close app that option will show so, pls help me to open ta Instagram",5
aac6f30d-2dc4-443a-80e4-d866e3f8ba8b,i like this app and this is my faivorate,5
6e3f0b81-9120-483f-bd65-fd90454ef54e,super,5
ff43e8b5-ade5-4516-a04d-5a53e2647eb4,he is the most popular page and enjoyable app,4
75b2ebe5-36f4-4e95-9994-79bedb57e37e,super i get 1m+ follows,5
3272f64b-bd40-472c-8ad3-d14e1bc05799,good 👍🏻,5
f7fbcd8f-261b-4323-9720-8c271f0125ae,love,5
6a293416-ebc5-4b4e-aa90-ecc7c87b55b4,this app parssonaly love this,4
69aea8c5-37be-4b68-82e3-bcf69304971d,All good morning 🌅,5
9f66bd84-19ac-4988-952a-5d0f64c7de48,good app .,5
8a4dc336-a142-4bf9-8196-54fbc6e76be0,Instagram is very good,5
cb70d7c4-904c-497b-a3f3-0cd94b2cc55a,this is the best app for social media and marketing or intertanment.,5
1eedb7ce-4210-4e90-ba44-c25e3bc3f45a,"disabled my if for no reason, also asking for human verification.",1
473ff2ce-3fbd-4e00-9a26-4c1faf7492c3,enjoying 😍,5
d7c8daf5-53e5-43ee-9084-72ae400e7b8a,good,5
7f26d0ac-5592-4e0e-93eb-0680a48c2b3e,Tik Tok is annoying.Censorship.But can't really get into Instagram.Too cluttered.Algorithim not as good.Seems like something a corporate committee put together thinking they were clever.Everything is extra in the wrong way.It's just a backup for certain accounts for me when I'm sick of tik tok.Which is good because I really should be doing other things besides looking at social media.So there's that.I watch LESS now.🤣,1
61ac12df-ea14-40fe-8fec-46fe200152c9,"awesome, perfect to share my hearts desire from our Lord",5
54e79a4d-aa6a-4efc-9009-330915e4cfd8,it's better to show last seen in Instagram chats,3
f40246e8-0bae-4df0-98fe-14be9a3f7993,I can't grow here but I really enjoyed using it,4
1dc33dd0-139e-4897-9220-e1dad0d8ea01,this app is very fantastic 😊,5
43f558b2-38e9-420e-9e3c-1e03bc6f3b55,INCREDIBLE,5
a0709065-2d14-4383-a6b0-4ede04e45623,❣️,5
ebf8f885-ed13-4e42-ba12-ceb32e9c9c9b,insta is fits to my mood,5
c3c92bea-082f-407a-ba45-93420b710b9c,I can't install the app,3
58faf2af-0345-4e08-b441-c167a5569788,💙💙,5
319e315e-d875-45a2-9536-4750ff39fd06,This is very important appa all mobile must have this app hast of Instagram this app I give 10 out of 10 ratings for only this app,2
0dd59128-cad7-46db-ba33-1b4b3b902d50,Awesome,5
002ad5fb-a307-4cbc-8b4f-ba65a50533b8,good,5
5fe6818e-772d-4af9-8e35-fb8d7c8eeee2,I like it,5
c9c3cb58-9510-4030-b7ab-261402b9520f,good 👋 😘,5
dc707e63-c425-4e80-bc6c-f798f79b9625,very good,5
1de30e90-0bc9-4753-aa94-e49577e80987,nice app,5
b55f353e-3c21-4356-a583-84a2f987c7cb,This Is So Good App But Sexual Videos Ban kar dijiye is par jisse bachche Bigde na,5
14218dc2-e5b4-4d9e-a113-b2f44e53eb54,good,5
75b85376-e796-485a-9165-98c02c1430b1,this app is so beautiful ❤️,4
a72bcb35-d288-4fd1-ba81-3000dbc20aa9,fantastic and easy to use with various functions,5
1167b52c-d1fa-4f12-aadd-d7f209da234d,my experience was excellent,5
8e718121-e714-42ca-95ac-35481242bd6a,good,5
a1f85f15-4444-47ab-9b13-4eafb5eb5b64,super app,5
85542e98-7151-43d9-9afe-373da36e9051,Great for scrolling through and watching videos that are interesting and posting your own videos. Also you find advertisements for something you might want to do.,5
0026f9db-9756-4ad7-9d9d-54b46971da81,best app forever ❤️‍🩹,5
ec913135-33c2-483a-9bb7-5e613ffb0253,bhut bekar aap hai instagram agr hamari kisi ne report Kari to or oske followrs jada hai to hamari id deactivate kardete hai,1
b1bd403c-7019-452d-9248-8db5324dff00,bahut purana,5
cd724bd5-82dd-48ae-ae69-c9b80bb2d332,GOOD,5
3f28d2e6-f620-4334-bc8e-4aeb290405a7,very nice,5
43b01096-cde7-47bc-b72d-8af45a447d49,amazing,5
acc40c76-9e64-4b97-85d1-a818d012a933,very best app instagram and new generation are spoil this app so don't compare 2021 before time,5
7b155757-ed33-4a20-9aa8-84a31f424629,not like this app,1
b3acb443-6ba9-41f7-95f3-a3b66c144820,video 📷📸 virel,5
01bae8ac-0a59-49f3-81a0-b7fe0904130b,esta applicasion es muy bueno aparte de que consegui mas amigos no me aburro y Tengo con que distraerme 10/10,5
f1b6c821-551e-49bb-8d23-e3ae660f30fd,best performance 💯,5
36aa0f2b-788f-4966-8be0-5b4c8503a25f,🥳🥳🥳,5
9fbdc65c-d14d-4a85-9ea8-e8b5c1800b81,veri nice,5
2bbec2f8-f6f2-4a87-b113-079393989930,Instagram is Amazing 😍 Social Media Application,5
7d492c0d-a739-4fcf-b50f-049d88af1705,best experience to use this app,5
566bd0e7-7fc2-41ac-b93f-f3f77a3b2969,very nice and good,5
34ca1709-6832-4005-9ddf-2e15026fa0d4,super 👍,5
4c0c4add-04f8-47ad-9541-dfbd827715c9,👌,5
452ed975-2879-43fb-ba0d-873dec5fb06f,yaar Mera Insta I'd suspend ho gaya hai,5
b8334b41-0802-4943-961a-cb184533c5ee,Long hold for full screen view removed in recent update. Are they trying to alienate users on purpose? 😡 Notice it's going down well on Reddit 😂,1
60d77289-d455-4cfc-a38b-ebd25ad77751,excellent 👍🏻,5
66d6e3da-3026-4ab5-8eb8-3aedd4b99f8f,"Please give us an option to turn off that notes bubble above your profile pic , please",1
9da5c7f5-efb0-446c-9311-ad33b5505f65,Meri Instagram donon ID deactivate ho gai,1
6aab300c-a1fe-437e-8d5c-9b32a0de06d9,nice,3
cebb856e-4041-477b-83d3-c9ba1130bf79,Good 💯,5
f875b6f2-d355-4231-9c71-09159d26364e,The best videos suggest according to my interest and amazing algorithm too love to use it so so much ❣️❣️❣️❣️❣️❣️❣️❣️,4
26f0bc82-04ef-46f1-b15f-7f25c6b00740,pretty much amazing way better than tik tok,5
c593918b-03d8-4ce9-aae8-0f67cc1ffe14,I love instagram 😍🥰,5
9bde1a51-6dee-4e0f-ac22-cbda8e449bff,very good,5
cca7b3a6-5ae0-4570-9523-cc0fe5f193d5,❣️,5
57773b22-df35-4789-9e63-02cf2fa68d83,An app that allows you to waste time in a good way......,5
0bf7f3c6-81dc-4490-bf7e-3f48725675e0,Good,5
da30d5ea-c76c-4faa-8dae-edf744ac7f8f,superb,5
4982b8d9-dc0b-4a21-a4a3-11d67e55c5b5,it is fun 👍🥰,5
54fb6473-dcd1-49e9-86f7-dc336efc73c0,this app is verry enjoyfull,5
127f993a-5090-4761-a7ab-8c129615b155,Tuff asl also we love billionare❤️‍🩹❤️‍🩹,5
b549eee9-d3a5-450f-8d3f-31d9a895783f,good,5
7bc44c32-6aee-4b68-ae0f-355b290f52d3,i love it',5
89328114-3c6a-4577-89be-b0bab9196850,YOU HAVE BEEN AWFUL YOU KEPT SUSPENDING ME EVERYTIME I MAKE A NEW ACCOUNT AND FOR THE FIFTH TIME I DIDNT DL NOTHIN THAT DOES NOT FOLLOW ANY COMMUNITY STANDARDS YOU ARE RIDICULOUS YOUR SUSPENDING MY ACCOUNT AND DISABELING IT WITH MY FACEBOOK FOR NO REASON! FIX THIS!,1
57864c05-6fa7-4824-a439-48732c265b55,this app control your privacy leek your data this app disabled all my account 😭 don't install this app.,1
021cbcd2-cd11-48fd-a7b0-3e702cb19d9e,addiction,1
32a9d77a-e545-4ff4-8e3c-e6abcb31dbb3,సూపర్,3
6de98141-3267-40a8-9ee3-58fb70b55ecb,lovely app 😍,5
27d7febd-220c-44f8-88b1-c5d9785465a3,will not refresh search page,3
46a75eb8-3d6a-443b-a1be-aaf87d2c2cd6,nice,5
968761ee-27aa-4701-b4f4-591b2efc10a5,beautiful app good social media app,4
e5260d36-a326-4a5c-a099-9c21aea24bdd,great App,5
ad5f2157-3641-4aee-8cbf-ea775ddd64dd,amazing 😍,5
e579be2c-f95d-416e-8ba2-ae1a29ba6d2c,❤️‍🩹,3
ff1e1744-6683-4d1e-924e-fa97205a1fcf,my Instagram account suspended problem,1
cc97bc1f-061c-4e01-8076-41075b58e6f1,thisis great,5
bd40098e-84fd-454c-854b-3571a73b3b24,it's good to use,4
ab1ddf40-459e-4220-9a18-033305150e0a,too much good 👍,5
e7c68f03-5b88-4f24-874a-d0141aa64f77,good apps,5
a1b7f1fa-6e37-4bc8-934f-ddbbe28ba071,thank you inst,5
7d6c8bd7-3868-4260-80a8-32773905fc7b,great,5
84cad17d-52f8-4e58-b961-6dd704eac23e,👍vlog growth,5
64a7be0d-5e36-4c70-9e8b-99953d7cf594,"Hey instagram for the last few hours when I opened my Instagram it didn't worked, it shows COULDnt refresh the feed and when I uninstall in open it ran for 2 mins and it closed automatically turn out it was uninstalled automatically and now from play store when I try to open it is in a loop it finishes starts again finishes starts again please help me",1
1a937691-ad9c-42b8-8d4e-5e7a5ba54865,can't tap to pause anymore.,1
af8a3fb8-6235-4f2a-8dda-753f400656cc,best app,5
5510d223-c2cf-4955-b1d6-ef781dca3689,"Beware of PERMANENT DEACTIVATION!! I've had Instagram for awhile, I also had it linked up to Facebook... Yesterday I got a notification that ""Your Instagram account has been suspended. This is because your account, or activity on it, doesn't follow our Community Standards..."" It not only deactivated my Instagram account, but also my Facebook... I filed an appeal, but a but hours later it was denied, and my accounts are now PERMANENTLY DEACTIVATED!!! This is beyond frustrating!!!",1
26eb6bcb-7f71-448a-b150-670a94ec369a,Great doing business with you 👏,5
8d9055a2-e61d-43ca-8f09-e2af1f3c9fb1,Why is my post unavailable to some,1
ff64b8e6-bdd6-46ab-af47-471bf8dbd673,I like how the app keep the algorithm stable like memes and reels. I hope it will not affect the outcome when I watch cat videos.,4
56a31763-b99f-4cd8-b57e-1ffa3ea3d881,amazing 😀😀,5
ae48b1b2-08eb-43a2-9e63-8faf927d6432,Latest update changed reels. When you hold down on a reel while it is playing the video stops but the buttons remain on the screen. Before the buttons would disappear. Change it back,4
5c705aca-dbd1-45ac-a8fb-2f815ae75584,I love this app,5
d8e68f2c-4ef7-4dc2-95b6-07c0f8318b07,very useful,5
f17818a6-7e5f-4349-960a-5204fa042ebf,impeccable,5
b4c5f180-03f9-45e2-938d-5b7bf87e7463,"App is straight trash. Logged into my account because someone was trying to access it. Added 2FA. Now my account is locked and it wants me to log in using a device I've used to log in on previously. Well, I don't have that phone anymore. So I guess it's just gone for good now. What a joke of a company.",1
024b8f73-cbcc-4e9d-8041-0a0c7de1b484,amazing app,5
1669b344-6cc2-4151-bd8c-a7083cfc0995,"since the last update, I no longer get posts, stories and reels notifications",2
6c27ed37-ed54-49e8-924e-ba27559c5462,Instagram is best but fix the issue of the reels posing and un-posing can't see the whole message in the video while posing it so plz fix issues plz 🥺,3
1d8fe73f-0349-4e01-99dd-78ef4d09573c,The new look that is forced to users is terrible! I wish all the worse things to the people who decided to force it to users! The app has been getting worse with every update!,1
63363d59-80a6-4312-95d7-e1cbfe7ac79b,my freaking apo keeps crashing and its its lead me to getting des up an deleting it for awhile please fix,2
ae2590ea-91e3-4d1d-a519-9b463e2eb73f,"2 months ago, all of my accounts were suspended saying that ""the account did not follow community guidelines"", and after I appealed to restore it, I got not of my accounts back, but I can't log in into any of them, it keeps saying ""deble account "", and I've tried all the methods, reinstalling, email recovery, mobile number recovery, but it just shows incorrect. Instagram, please, I want to log in the app, do something😭😭😭😭😭😭😭😭😭😭😭😭😭🔒🔒",1
2f513f6e-a789-49a8-afc5-9173a94a9c7d,"""It"" is what it is.",3
21d1d8fa-e240-4bf5-b437-79f169c5fef9,Updates are not reaching me 👎,1
ae21fc79-280d-40bd-b140-188394a24f66,Nice,5
78379bb5-3cf1-4f59-a306-0245bcf311e1,good,5
919a461b-007f-404e-afc0-7e1e93570da8,it is not a good app my get take a way and I don't do anything and I am going to gave it 0 star and delete and nave use it a gan,1
2367b5f6-daf8-4208-8203-a7546bf94785,nice aap,5
9e8088ce-d561-4ba6-83e1-24ab329e530e,For some reason all my accounts are closed and I can't open an account or any account,1
f7d14f97-0700-42c1-9b6c-a88c7960e646,good,3
0590a5d3-289e-40cf-bf29-b789b28a8426,nice,5
2dcb15c9-3cb8-4fa0-a348-4bca66402607,nice 👍 does aap this privacy control,5
ddeb1b58-d0e7-43e8-872f-86e420bca2d7,india top app instagram,4
57b2354a-8435-4032-afef-9b4d0456d7fb,❤️❤️❤️❤️❤️,5
12357536-2620-4299-8635-2abf0b8659ef,nice 👍,5
eccfcb1e-d949-4504-b74c-3af67a57d48d,"has been great years before, but now with all these updates, only 5 hashtags when initially posting? my archived stories are not possible to be shared anymore. a lot of my friends don't pop up on my feed anymore, a ton of annoying advertisers, I don't even ship from any of the products! this is just not as good anymore, miss the old Instagram from the first 5 years...",2
2d45e192-c382-4b42-b472-739d72d884b1,I'm very happy,2
c7f720f6-1813-4163-be4b-ff9a6c47c562,Can't post a reel. Every time I try I get a blank screen where I can only choose to save draft to go back and it gives me an error. Been like this for at least a week.,3
c80440bd-888e-4cd7-8611-a3d20165fcef,I love Instagram a lot and it's Easy to use,5
226419e4-4960-443f-8690-6afcd2eae5fd,"there is the issue of when posting a video as a story comes up with Waiting for Connection / posting which is slow / takes forever. I've tried deleting the cache , restarted the Instagram App the recommended steps Nothing worked and the video I was trying to post as a story to add to my Highlights is still stuck on Posting/waiting for Connection the mentioned frustrating inconvenient problem / issue needs to be fixed asap not Good enough especially for a app that likley millions of people use",2
31bcf9a8-4d3e-4bc9-bd5b-aaecec86c250,My Name Md Nawaz Shrif App good Very,5
97e50469-27e7-4214-ba68-4fff8abec3d6,"Feature request: Add a liquid glass UI/theme option for Android, similar to modern translucent design trends.",1
20f3477b-d096-4ac3-93f3-52b8acaecd05,me no have the gift to put on note help,1
651d2870-abc0-454f-8cb0-f984630b9e29,बहुत सही है,4
3b59768f-59cb-45b8-82dd-63b7b10bb647,it's all 👍 good,5
c3f71759-8d20-4ba4-affc-04544c2bf15e,"search box has error , nothing to show",1
816a98b2-dc05-447e-b84a-187a8bc0bd57,very very loser aap his message delet 8n 1 time seen bekar,5
c12a7cba-e4b2-47e0-af29-48d6e6d0ffaa,Unskippable ads disgusting,1
7ecf7a3c-d83d-4659-a374-c0880489f01e,Apparently reporting someone's comment where they tell you to kill yourself doesn't go against their Community Guidelines,1
2d0601cc-3b19-4262-ac01-62417fca8c59,best app,5
395b6dce-6ec7-48dd-8ce7-b647b169df38,good,5
b3afaba6-f1b2-4d9a-9f6c-7822899c441f,I just updated my Instagram n i can't make calls with it anymore,1
9c1fe702-f68b-4e15-94a1-bbcba4488859,"super addictive, hate it",1
9cd315ae-0141-4c1d-a42d-5c0a0920727f,i want the voice changer update :(,4
495c62f6-7a65-45b6-bc57-ccca4d49ab47,amazing,5
0e4b0df4-5ac9-43b2-a59e-62bc9a703cdb,good,5
d9eb162f-d6f6-4d80-a7c4-b8a84c1f3af6,Take your Ad breaks back into your caves,1
72e4288e-b0bc-410f-9510-b7e852127636,good,5
f4487fe8-4aff-4d76-8430-4784d79ea847,very very good app🥰🥰👌,5
8f9da8cc-2f68-47b7-84ef-69786be17a19,"So, you try to upload a video and it gets stuck at 90%. So you say: maybe my video is too large, let's shorten it. You shorten it but the short version also gets stuck at 90%. Then you finally realize: this is not software, this is a mockery made by a multi-billionaire company just to keep your attention busy at the app. 🤢",1
7d935cfe-2f97-4721-be23-538980f871f9,wthelly I can't click and hold to make all the buttons dissappear anymore I need to screenshot images,1
cf03a9ee-3031-4b15-99a0-a48308e0a0b2,good,5
9ca1f58a-d94e-45cd-9e9a-4facad356f9d,it's a very bad and useless app and it's showing if we type chakke then it shows RCB team profile no use don't install it at any cost 😡😡🤬🤬,1
c13edd46-9340-4347-a8ce-1bb0eb53463d,"This app is doesn't boring, it is good for boring person ✔",5
a476d64a-7374-489c-8691-bd4d361bc91b,good app,5
5ddc97d3-ada2-4c8f-827d-21f8876b1ea7,lntagam gam chaiypilis,5
58bd84fc-1c34-457a-b994-6ec43a7ddf7b,"better othrodox church feed then u tube ,fewer rules",4
8b1833f3-156e-427d-abb0-6eec241e5b9e,"used to be good, too many ads now. i get an ad every 3rd post",2
7c51345b-61e6-495f-824c-bf14cf378a34,Very smooth experience with jio finance is a super simple and seamless application to use i use it personally and i really like him must use this application and everything works perfectly.⚡,5
0826eee5-accb-464c-9ce7-743286f3102f,not. good. so. bad,1
0891105a-f139-4860-ba24-9b22d5f439f3,"For the past two weeks, I haven't been able to see any of the posts.I've been really been making.It's really glitchy, and it's saying that I can't refresh.I've uninstalled the app multiple times i've cleared my cache and restarted my phone.There's nothing I can do to see my posts and instagram isn't really doing anything",1
c0b1aded-7e16-4517-afee-b4b2a5120362,"I'm 47 year old, banned for age violation??? Awful experience. I'm use Instagram for work and now I'm closed.",1
74e217ac-9704-49a4-9554-8ac3ed2d4938,"fun but disables all my account, I don't know why but I need answers",5
11bc15c6-5a09-4fcf-aedc-8d7c4e086036,I love the app so much,5
57b6c2f7-8e61-4106-9390-79f00fdd57f5,Good,5
4bf78528-3ac6-4183-8f3b-e1b4fdca3154,nice app,5
321d4d6d-b2a6-47b1-a650-313bb91ee733,extremely good,5
20d0861d-0ae1-4662-8f84-2757b3df74dd,"instagram is starting to piss me off, I have now had to appeal an account suspension for the EIGHTH TIME when I have done literally NOTHING wrong, so PLEASE, STOP USING AI TO DO YOUR WORK FOR YOU AND STOP DELETING INNOCENT ACCOUNTS",1
6327f51c-4c30-45cc-8b4b-d7b226b21a8d,I just love it😍😍,5
cc7e780d-c525-4df9-803c-1a68ba911653,very good,5
a28089e1-e0f0-45f7-a678-02a267f268d3,good up for the moment 😉,5
0e7f2fee-d7f3-4c41-8538-37fb481177c4,distractions,2
c52b603e-09a9-435d-8f19-7c1485731681,its great,5
76365c3c-e11a-40a2-8216-f6d3f2dbdca2,"can you guys fix your ai security? I made an account. it got suspended. I appealed, it got unsuspended while I was asleep. not even a second later, it's suspended again. I WAS ASLEEP!! HOW COULD I GO AGAINST GUIDLINES WHILE I'M ASLEEP???? So I just appealed again, and it got unsuspended. AND THEN YOU GUYS SUSPEND IT AGAIN LIFE 5 SECONDS AFTER IT GETS UNSUSPENDED. I'm actually done with instagram. it's unusable for people creating new accounts",1
c8063a80-6cfb-4f26-b4bf-a3839ae60471,this app is amazing I only use this three days and iam like I couldn't live without this app so my opinion is you should must download this app,5
4cf90053-e161-4cd1-8e74-0169a016af43,"The least thing i can say about the new update is that it's awful I can't download the image or the video with the lyrics, and because of that, i can't remove the music, which makes it so hard to upload any story I wish this app didn't update itself automatically",1
23ef39f0-3a7f-4605-a893-0096208d23e3,"this app is really frustrating, cause I opened Instagram and it was working perfectly and suddenly I got suspended on Instagram for no reason and I appeal and submit my details and it opened back and suddenly again got suspended again, it really annoys me alot 😡",1
25918d17-1389-41f5-8593-25803790fd59,absolutely we're together this a four star even though it's owned by meta if it hadn't just turned away my ability to screenshots off because there are things that are funny on here that would show people who won't use Instagram who won't click on the links to look at it the last update just dropped you to zero Stars,1
bad13398-7e8b-4c12-975e-5740b9fceda0,nice🤩,5
460bf009-75af-457a-bacf-156578218e56,"I give Instagram a 5 star because you can make a lot of new friends & you can make over 678,000 videos & because it's just so fun & awesome but, don't forget to follow BabyTiare104 & just you know im Polynesian & you guys are probably wondering Tongan or Samoan or Idk I'm Tongan & half Brazilian... 104 Baby... 💯 🇹🇴+🇧🇷😘😘😘🥳🥳🥳🎊🎊🎊🎊🤑🤑🤑",5
edf31d45-98c2-4f45-b831-2ff63c2bf821,best,5
68f7b712-89f1-45fb-a0bd-e0da4c73e274,"Sometimes whenever I post a story, it has a glitch that doesn't let me tap to my desired specific album, keeps on going to recents only.",4
ece74c1e-8c2d-48b6-829e-5e2df4b35482,I was receiving too many contacts and unwanted photos and it seemed that many were for the purpose of a scam. I have uninstalled Instagram with the hope to break any connection.,1
e2066c7b-b872-4274-beda-947b06a30f98,it is the best 😍,5
8e9a1fa6-9083-48aa-ba53-9dac110d721b,"Ive reposted few things accidentally. Some more harmless than others but some i wouldn't wanna repost so not great. and there is no option to remove the stupid button from UI, so deleting the apps for the time being it gets fixed",1
b2848fa8-0dca-490d-bc46-9bc46c4de3de,spectacular,5
57b14119-4b75-43d4-bc51-16210cd7f88f,very good app,5
eba13f9e-1553-4c01-92df-901dd0738234,why can I not repost any videos please fix this please pretty please I give it a five star cusz is a good app but I can't repost videos no more,5
409d6cf7-dad2-4adb-afd4-317bfb6a7eb4,Excellent Tool,5
335c083d-db18-40d7-82bc-f2bfa4bb1028,just perfect 😌😁,4
e244ef56-0d2e-4cf9-ae99-027c7b6092cd,👍,5
4308a9df-f131-460b-9675-480ecc5107c9,it's good👍,4
b79ad0ae-0597-4dd0-9a2a-2f2510dcc912,Thik thak 10-5,3
d055e780-1b07-41bc-9ce4-398d6318a6b9,"for me I think Instagram is one the best app, especially for celebrities...",5
225813c9-f6ef-41f1-8656-bc64e838e862,good app,5
24ecc6f5-cd5c-4d2b-91db-77d1c715e100,nice app,5
f96f6fc7-8f0e-4054-bde9-c4dab03c322e,Can't use any of my Effects during Video calls. This app has become too trash,1
c4e56a2f-5317-4ede-9c11-334e7ce9634f,best app,5
eede36f9-7cef-46dc-80c9-2e558fdbc6c3,I love Instagram,5
a87ea29f-0991-49a8-900f-246a238d33e7,I want to viral all my reels,4
baee1bca-05dc-47c7-ab82-44e79b2bb0d2,it has literally everything,4
24c0b89c-c4c8-46b4-acc0-a873b56e5fc5,It one of the best for connecting with friends world wide But I hate it when I get disabled when chatting with friends 😞 I think they should work on that ❤️‍🩹💪,3
7bc31099-8057-4364-a3f3-cdd2800d82e0,itshanging and sometimes disturbing but its also the best app💋🥰,1
e05b58c2-0c15-4599-8a00-aaa8633bfd66,love it ....,5
46c4c40a-5810-4acf-b1a8-8579f23c30e8,thanks for the new cute updates Muaaah 💋,5
99ca6cad-e0c6-42fc-9375-e29951916316,one reel viral 👑 1.8 million 👑,5
d92c03d2-9bce-498c-930f-4fb715af674a,it's just awesome app 😄,5
40ed04d4-63f8-457c-8ecb-087033197f11,fun,5
8081ea69-e410-41c2-b64c-21cf93ec363f,IG show me tasks to get my page right like the rest of my videos,5
8a1f62ab-1e8b-479c-9a9e-a786c16edb36,good app,5
1a183296-8d90-4dc9-86f9-89534a02f948,"Subject: Security Issue – No Verification for Contact Change Hello Instagram Team, I was able to change the email and phone number on an Instagram account without any OTP or confirmation being sent to the original contact details. As a result, the original owner is now unable to access their account. This is a serious security issue, as there was no verification or alert before making these changes. Please review this urgently and help restore access to the rightful owner. Thank you.",2
88b33b7d-85df-4caa-b2f9-e0c433492402,"This app is cluttered with ads. Every other post is an ad or two, sometimes I get 3 ads for every 1 post. I literally see and watch more ads than I do my friends' posts and reels. It's to the point that I wanna uninstall because it's so overwhelming. Really ruins the experience overall.",1
b4bd01c0-9717-45fa-bba8-15c2ae031e71,it reliable,4
df420bfb-89b1-4b6d-803a-d004fdd4a2b6,I love Instagram but they always restrict my account,3
9332eb7d-2238-4554-83ed-9a84095ff1f4,good,5
06294700-971f-4517-889f-85649a203d93,🔥👍,5
53eda384-a3ce-4249-b46f-8d1bc78bbe55,I have the best algorithm,5
382204a2-2d7e-4f1c-94a2-9ec1328c2e87,good,5
d206105b-02e8-4d1e-ba38-c73a79c0bb3c,i wish more likes in my photos please,5
fb4b4a25-c853-4092-9dbf-fbee4224f5e9,I don't know it's fun 😀🤙,5
b0c03e8d-687e-4a3c-a17d-1c8f1f901f65,Nice app,4
ded0a1fa-aa33-43a0-90f3-8171e8d243ad,wonderful app 😊😊,5
94f9c8f4-4801-412d-bd67-136bbd311627,I can talk with my friends,5
c2f385be-0b43-408f-bf63-b0a7c7468bf3,absolutely love it,5
c7482a37-b843-4427-b932-7990bd40c6ac,تطبيق ابن جزمة,1
669afbb7-a24c-4dfc-8cab-d73a10feb470,"OMG, the ads are killing my IG experience. There are so many!! Why?? Do that many people actually click on them to generate enough revenue??",3
0fcf23e7-24f2-4f5f-96b4-2c8a290db29d,good 👍 👍 👍 👍,5
8a4cba0e-5735-4d23-8a90-925650baafbf,Makes my Day,5
dd537530-ea95-4c40-b97d-05d776139a1d,awesome 😎,5
ed7804a5-e9c1-4807-a580-d32f1e8a93d4,Nice😊,5
a4714a3d-04a5-461d-bd3b-b59deac20110,Good 👍,5
1ee62300-e2af-4ea1-9a56-d14e11ba3d59,😘,5
61e587b2-fc94-4a5b-b1a0-3a4b786f91ea,sever down 👎🏻,1
b015148e-a965-449d-9dfb-f5af6ee32e29,it's a good ♥️♥️🫀,5
f12d7578-b2e5-45a4-9e0d-ae4c30ae89c6,lovee this app tooooo muchh🧿❤️❤️,5
112a2a98-173e-45be-82bf-4857ca6f5606,Best app your everyone,5
f49398f8-c985-4fe4-8f8d-69262b97e3ce,It's all just ads,1
0fae4bc0-96e1-4d2c-b22e-b8c5335b52a4,love 💕,5
cb0b5554-5439-48b9-835c-af791ba505c2,Ban my I'd without any reason 🤬,1
4ac5135b-01f5-4061-bf0a-43e2c6c0f8c7,influencing differents artist,5
6b8dc3b1-9383-4dae-a4ff-42f53b2391af,such lovely experience thank you Instagram,5
c2ae8da1-d0ac-4779-b4bf-cf8ecd98e85c,good,5
2b8626ee-a64f-40b4-bd18-fb8b6d59f9ea,best,5
9fe69750-8be2-4a30-a4b5-b04ee372a66b,Pathetic app! ladkia msg ka reply nhi deti glitch hai,1
c9a54fde-dd4a-4141-ac5b-e1c72bf61193,good,5
ffcfee72-9f18-4f6d-9d7b-a1b6c08b54a1,good,5
b0ceea57-f147-4478-acc3-b6a3100710a7,I love this app ❤️💋😘,5
7bd9fdcb-87d2-43b3-9f60-6de37f168c08,it's very slow and i can't update the app! i tried 6 times!! it's sucks,1
ee0bfebd-dee9-4f82-857a-0b1174cdd716,my reels are not getting its potential reached...i want 100 million views on my every reel then i will give you 5 star rating,1
413e77a0-e821-447f-bcc8-013059e17779,👌👌👌🤌,5
a92bc9a1-f41b-4316-a0bc-83a26c623311,nice,5
da417fa9-0a5c-402f-871f-6605af1f77a5,I am really happy about the new update we can add gifs on notes now but I really want to have a new update of profile like I wanted to have and it is a wish that our profile can have a theme just like we have them in chats. But I've seen some off official accounts got them w golden ring :( and I can't get it sooo please please please I really need that update it makes our profile cool. Hope yall can do this!!,4
135abbb9-c9ca-43bd-9cc9-3fb7d074ed0d,best,5
a6ebd92a-2a18-4d40-a7ce-17453e39c850,lot of unnecessary content and too distracting.,1
e72e07b6-f8b7-4e0e-8e5c-65b2c468d9a4,good,5
18fa8b53-ecf8-4f27-a432-4cd349b84e3d,nice app,5
fe288ac2-9c68-42a7-858e-5b6778673c8c,its a place where I have found some of my friends and people I know,5
0072817b-99b3-4667-b3a8-a32ce2cafeda,wow,5
91089567-9179-4ee0-9bd3-86294be828b3,ok,5
4a54f7fe-efb3-49d7-8526-1e9c5a851a21,very bad because there are more ads on Instagram and reels between the reels there are more ads it's not good irritating,1
a05bc254-be6d-40ed-a013-f2246dd1d1a5,good,5
42438d31-c910-4c77-bfcf-f3c8b8048a6c,The app has alot of privacy,5
23ccc59e-cf58-40aa-af67-f3207bf1fff3,worse update . keep on crashing,1
70e829ff-d94e-4921-aaef-cd2b493bde50,Very nice प्लेटफॉर्म,5
49b29389-cf27-4ea9-bed5-b3ff96d09764,"It would be beneficial to implement an option for users to disable the ""Reel"" feature, as its highly addictive nature may detract from the overall user experience.",2
92705a34-8dfc-4bbd-995e-5b8ca147f398,Excellent,5
f5ee6ffd-2876-48cc-82a7-1825fb392481,this is the best app u can find,5
e90d7709-36f7-40c8-aec1-c0b8358b59a7,❤️,5
4fe77666-e6a7-4d9b-a497-2597dd53ec25,niceee👍,5
e1ddd9b6-c7db-46c6-8238-68b62a9cd3b1,nice,5
476a7a0b-a86d-4622-a97a-a1bb96a1c8b7,💗,5
fceb37f7-b14a-4d81-8aaf-c1a4a9d37242,hye listen add gif + note music,5
0dcfa587-0545-4680-a169-b5f4311c95fe,worst my id without any issue got banned,1
548e6514-1cff-41ca-832a-b5aaab5a2a36,Damnn bro great social platform 😍😍,5
97daebaa-5d81-4846-b4fc-52e2fffd1fbc,good,5
79494ac3-94ae-4944-b20b-e52ce354c644,app continues to crash on the Galaxy 26 ultra,1
d1600a7c-1360-40fc-ab86-ee216c370108,"Instagram suspended and disabled my account without warnings because i didn't follow a rule, which i don't know what rules i didn't follow. All i did was scroll and like posts of people i follow. Also disabled accounts that are linked to it. It's unfair to me.",1
7cf78e26-2e0a-40df-9614-4bad869a1447,my instagram page has been experiencing some problems like saying wrong time and taking time when i unsend,1
2f527f54-f2c3-4c60-92bb-9a4cc7b2e280,"Extremely garbage and trash service. Everything is bugged and glitchy. Contact support never responds. This is the worst app i've ever experienced in my life. It's awful and nasty. I contacted instagram several times regarding these trash bugs within my account, and it's the account issue, not my device. As proof, I have tried all possible troubleshooting and steps, and yet nothing seemed to work, so my reports should be escalated to the development team, Please fix my bugs and wake up, please.",1
8326b7d8-eb71-44d1-abdb-2b85dfaea141,working great,5
c11967e7-a16b-47a1-9355-be32215c91f4,one of the best Instagram 😍,5
3f11ef9d-968d-43a6-8faa-adad2a517e33,good,1
807d783a-4694-497b-b7ac-7c8594b66010,thank you,5
13f407d9-f3f8-4c7f-af12-dbe209e20949,bad app between any two videos there is an ads 😡😠🤬,1
b3c0b89f-5b86-4043-b047-a78c4be8908a,bad app koi kaam ka nhi hai abhi maine phirse login Kiya to mere account main click Kiya to please try again dikha raha hai... ab main kya karu 😭😭,2
d8e7538b-b297-420f-8bfa-ec4311606346,"can't log in , then when I got my password, it logs me out for 180 days and I didn't do anything.",1
a4b2cce3-eca3-4034-8cdd-c49569cc1e08,👍,5
0fd55ddc-19c6-4a71-bc6c-d53970f3300a,Good 😊,5
3d5c0812-cf43-44a0-bb37-ee2c13b903ef,iko tuh poa...its the best,5
9cb0b263-ad5b-4f31-9603-97c0d87ee750,yes nice yaar,5
21c72890-8213-4045-b292-0dde836bc24c,Good 👍,5
8036f328-6fa8-42ea-96da-bf31dd58232c,the best gng,5
6aaa35a2-7acc-4214-9911-c5d7e12f4006,Your blocking feature doesnt work. Please fix it,2
4c770889-4d7c-45fb-9bdd-159ef232ec01,Instagram had subspened my account for no reason and also has glitches with in the app,1
45bad2bf-ef80-4958-93b0-4f8550a25fa2,good,5
6a7da682-d05b-4453-aa01-c6d37d3de6f9,I cant call my friends or answer their calls,1
c1f9f01a-06ff-40a7-a1d2-a3ef15800103,good,5
2842a18d-255c-4cad-bd1e-4d602ecc6d03,This is is very good,2
51f8a497-ed0e-46ef-a319-f0a23c92a6a8,best,5
ce23dd18-35e1-4cc9-9913-5329964aba43,this is one of the best app I have ever experienced,5
8a706522-8e11-4fe1-8416-b4c7341d61ab,disgusting. disabled my instagram and 15 year old facebook account linked to it for no reason. lost my Spotify too.,1
9d18b11e-5d3c-456e-933c-c545e51cffca,This is a good app,4
8c28ca9e-e3c9-43c9-9bec-aa36cb25b622,Thank you,3
cc212c36-14b3-4981-bb88-0881515c4729,loved this app,5
87cca7ba-17c6-47b6-935a-9cad509a5503,I don't like how they keep suspending account,2
322b3ad1-003f-4e95-9a96-da53c6308d2e,my favourite instagram,5
b040d6bd-0327-4770-ab4e-e620f1b3b502,"I really like Instagram but I wish they could change it up. for example, I got insta in like March 30th and was happy but on April 9th, 2026 it asked for an appeal, me thinking oh okay it won't take long ,instead it suspended my account and saying the community guide lines were up to standards. but I got so fed up I logged out and logged back in but my password keeps saying ""incorrect password"" but I remember my password and tried again but it didn't work and made a new account and did it again",2
18910a7f-5785-41e2-a7fc-ec2e83dc9c77,Good work,5
94d8858a-a40f-4632-aeff-4713a1858dbe,good 👍,5
9b9a3840-a226-4505-9874-f34cccff9947,perfect #brababa,5
64640200-e1f9-46fc-92ee-3c64d1deae8c,just wow,5
cae968ee-7fec-4922-ac9c-ed9da2ef3e5b,"When we get a good number of followers or our views start going viral, then Instagram IDs get disabled or deleted. Shame on you Instagram team.",1
364c0654-fc7a-40be-ba41-d04b2cb8edc5,kahe ka rating ek v maal fas hi nahi rahi aur inko hamse rating chahiye 😒,1
3891b981-929b-4f80-9046-f2eab721ce89,best aap,5
7cb28f4d-720d-44c6-b016-5c7ed0e83166,Horrible unskippable ad breaks because I chose to not get personalized ads!!!! Absolutely illegal accordong to EU law and extremely anti-consumer. Greedy corporatation,1
d2e21c1b-7517-4894-b32c-c51d31adb42d,best for time pass,4
4169a150-5a91-449f-be10-c44615cf4495,"It's good, but I have a problem: automatic updates aren't working on my device, even though I've enabled automatic updates. I don't know what the problem is.",4
b89bcf36-2b97-446f-9335-77df2d03efd3,This is a very good app. I am happy with this app,5
e01c918f-1971-423e-a4a5-fb1b747197c3,👌🏻👌🏻👌🏻,5
1b39f5f1-b97c-4b15-82ed-27f2be5f7c54,good,5
df699a9b-deed-4b46-b684-d2515a758370,because you😘,5
1c3b10c9-b6de-4ffd-b621-6aa40aa10057,supper,4
383b51a8-7471-4bac-a5c7-344739a0f000,मेरा इंस्टाग्राम में कमेंट नहीं हो रहा है,1
994cc4ba-f85a-44a7-b8fa-9e483c780a4e,world class,5
5c35607b-784a-41fa-8f1a-e491b52bd64c,good,5
de6224bd-3a3f-49f1-8229-597959e41b25,🤑,5
d40a2cdc-d222-4491-813f-e5341aa02866,feel is varry good,1
8e049b58-24a0-4c6b-83d8-34ebf5f71838,priyanshir reel options hotano hokkk wo amar sob pathano reels age dekhe neiiii,5
c9839af9-ea52-4b52-b2e6-948fa588993a,I love this app,5
e2174767-c842-4d99-9534-2e576616de61,nice app and we can save in this our memories and our life 💖,5
3866f8a2-60aa-4546-af10-800862da86e8,please recover my acc,1
45e59fa0-0a55-4c5b-8e83-0430edb0be3b,there are lots of glitch broh...,3
f0d06b76-e8e5-4ef5-8b22-eb1ced4f40f5,Instagram very best 👌,5
247e580b-e735-4c1d-813a-ae20a5b1824d,nice,5
f6324b9a-33b7-4e16-8256-69917fe41cae,Super❤️❤️,5
8260e8bf-71d0-4d0f-a022-43d1f316775c,"Hi Instagram When I go to post on Instagram, I see some strange songs that I've never heard before, and they all say ""RF"" on them. Please help me, I'm worried",5
b1f3b7b2-ae66-42a9-a9c8-58e2be8f8a05,good app i really like it,5
ef443e10-ab2b-413c-88cc-d0ce050fc262,very nice Application,5
0cf58545-aba6-426e-baa4-9846b619b4c5,it helps know what's going on out In the real world,5
460bfdaa-ff4b-4482-b727-13dfba802023,only for entertainment ☠️❤️‍🩹,5
c11e1437-5e71-4b60-9238-c123832c5aa7,hye insta team my insta id grow id name :-@3__action,5
2810a211-cb28-40af-8d7c-b632e4424047,The forced ad-breaks are crazy,1
c4799ef8-2aec-4378-a60a-dd826e56dd29,Good 👍👍,5
44cdf775-12c1-4dd5-a43f-372308ecc2f1,so nice,5
2d202c3d-06b4-4d1e-8c36-d20197f488cf,how do I get my recently Instagram app installedI,5
2bf8e0f2-4c20-420f-9f44-be21e7ae214a,It's the only way to living my days and having so many existing experiences 🥰🌼,5
b9d49a7f-8517-4e9c-a8fc-957ec0a674c6,Good,5
365f70ef-9aa5-42d1-9092-22c2010b999d,Instagram is best app,5
d8876eef-dc38-407a-8d27-47bde851ad9a,good,5
081a3459-7a5a-41a3-a052-708e69592f36,good app,5
413281e2-dca4-4732-a1a8-72d874bcb019,super app,5
662ae5a9-4b33-4579-8e63-89078c77eba6,"family gram فملتے گریم ,😁🤣",5
2fccf256-7c16-4ddd-90ba-162783161744,Good,5
f75cd898-0f18-40c6-9ccf-ff6202522dff,"Dear Instagram owner, as you know that nowadays most of the people are connected to Instagram, but Obscene reels and photos are being uploaded on Instagram, which has an impact on the upcoming generation and children, hence I request you to improve the guidelines of Instagram, your kindness will be a blessing on this world.",1
5540cd7a-f633-40b2-b691-6316e16ab8ba,excellent to use,5
80c5703d-985a-4d44-ba67-684c34dd5e05,fantastic,5
729b5d56-9526-4670-90b2-69a60e5855ee,good app,5
b068e42c-6284-4f85-afbe-0389c75a54f8,This is great for both entertainment and business.,5
974aaef6-f506-409a-b6cc-e2e9a57e4ba2,nice app but restrictions for teens,5
df595b82-8ba7-4db0-aaed-b4c8e33aaeb9,good experience,4
6d0d8608-f703-4c0a-9869-eacd1584a9e8,this app great full 🌕🌕🌕🌕,5
eabdb105-c87d-4309-a3c9-5708a065f1e1,"this is the 3x happened whenever I post it doesn't appear to my own profile feed. even though it says on my profile ""no post yet"" ""create your first post"" when I know I have posting it. I have done solution the internet says include Instagram's get help. nothing works really. I'm losing hope here Instagram. and I don't even know if my 3 individually post are up.",1
6b14b0f6-0255-4330-bc31-77ebe0054500,good for time pass,5
81a9fa0d-864f-4d7c-aac1-964842f3b015,Great Instagram app. Very informative and user friendly app. Install and Enjoy 👍,5
4c2aa676-5352-4d95-8c48-d74353fc56d4,good,4
7bb3d6fd-7230-4212-8bbe-9e439d240939,"It’s hilarious how this platform works. If you’re a 'chapri' doing cringe dances or someone constantly using 'gali-gloch,' your account is treated like royalty and kept active. But if you’re a normal, civilized user, your ID gets suspended for absolutely no reason. ​The moderation team clearly has their priorities backwards. They protect the toxic elements of the community while punishing the people who actually make the app worth using. Absolute joke of a system. Fix your algorithm.",2
d91ec0df-b51d-4c06-b10a-6c815bbb739c,osm,5
1b5abd18-fffb-48a6-8e1e-1aa83c9d2a2e,so amazing definitely my favorite app,5
236326db-396a-431f-9c0d-b8f71e177a07,itss mind-blowing,5
b0892e2f-d754-4752-95be-03e4cd8fb9c3,When I try to upload a video it force quits😠😠😠,4
a4b16c97-5702-4341-8cee-7e6f07a2542e,beautiful,5
9db62a94-c20f-47b4-9ac0-6e66dc0a1366,I can't login into my own account,1
9963083f-cdf5-4bfd-b944-0b61b293f314,my experience so far is good I appreciate,5
2b38da41-df47-4388-8faa-e09044bc0fb6,nice apk,5
174ccfef-fc1e-4d9b-a165-acfb22bc05d0,♥️♥️♥️♥️♥️♥️,5
77ee3a53-b57a-4da9-9541-910d4629f67c,I theek future mein sab Ke paas yeh Aap zarror hoge,5
76bc45f0-5598-4958-8f34-7157f65d5f13,"This app day by day promotes soft porn, that affects a lot in users especially teenagers.",5
49e33e1f-9cf8-4af7-8492-495a23196e22,not download why,1
f9458747-63e9-43ad-938f-e3dd4610fa94,nice 👍👍👍👍 Jay Shri Mahakal,5
9cf96262-0fef-4c9c-9a70-7f9810be2e60,good,4
b1c344e1-60a7-40cc-9a8d-d3f4b4cc7c74,Nice,5
2f34af90-9fa7-4b39-a829-88b52fb6ca2d,excellent,5
d8f96da8-c2da-431a-9d82-5ad212198fd8,Thanks insta mere jaan se baat krne ka jariya bnne ke liye 🤗👰,4
68542bd7-42b6-47ad-9fb9-e9ac93e551bf,best,5
19f7b1bf-8cdd-4acc-8d2a-b1e5ec92a1df,outstanding,5
0e29605b-591f-4838-bfb7-cab61a1c3870,goodness,5
5bdcfd44-43f7-4a61-8e71-8196e96e16f6,excellent 👍🏻👌🏻,5
6a2c0206-3323-4787-8449-bcb4feaf09c1,reel Creator me hau instagram ya aik aise duniya hai ke abhi thak me koi pata nhi laga chuka hai,5
d71a0565-ae43-48b3-aaa2-f08ed2fcd92c,good experience,5
92962d7f-7286-4724-8280-e2f45bea5041,best app,5
b3f6f180-bdf3-43f8-b6cc-3d129c2c9eb5,Instagram is the best application so far on the Internet space but I'm having issues with my account lately I don't know why community's guidance will always take down my Instagram any time I make new account please look out to this thank you,5
e3373e8f-6c51-493a-8ec5-88ad9758a00d,very good,5
809d485e-db2e-42aa-84ce-1edd7e60c12d,good,4
9c5996fc-2166-497d-8886-0be42f49cfa9,whenever there is a new update why does instagram experiments with people why can't everyone have the same updates i am talking about good ones not the silly ones obi,3
43746e1e-6a08-4845-a156-d2a6fb7ef4c2,good,5
076b71f8-10e4-4635-821c-5f66ae0d1a30,this is nice app,4
940787d8-3d67-4858-9056-ee5a1bb1061a,I could not call in video,1
fca05025-0545-4af2-a1d4-2756a10eefce,"Having trouble logging into my Instagram account. Kept getting 'wrong password' error despite entering the correct credentials. Tried resetting password, clearing cache, and reinstalling the app - nothing worked. Can create a new account just fine, but can't access my existing one 😕. Instagram support, help! please first you banned my main account for no reason and then this 🙂",1
18aafd88-c107-4ba9-a0f6-7795a30acf03,😡😡,1
b946d43f-4899-495c-b8c9-1f49d4827aec,nice instgram,5
45acf0b3-2e96-4db4-ace6-c27c9ba1c80e,best,5
6fef0a45-91a2-4c17-94b4-682ecae45dfc,good aap,5
526541c0-45b4-4c88-92cb-d6ff6b3f87b9,good,1
1c15e505-8b25-4b2d-885e-736251ea1ffd,actually my accounta are getting suspend one by one i don't know but if I create a new one and that account getting suspends in day after creating please solve this my insta problem,1
9d9d458a-00d2-4e09-af7e-810f401f50cf,amazing app,5
ebe0973c-feb3-4ed4-95dc-9fc9e01a5650,"Well done instagram,but please recommend my post to people 🥹",5
14bb1ad2-1bcc-4ff7-8d30-bd32199d89a8,best app for timepass 😍,5
1e7aa9cd-4e9b-4f04-8f37-393337bc0c0f,Best Apps,5
ec1c62d8-c7b7-4282-b563-f10189f5774a,good,5
7c34c29d-be78-419b-b515-5570d93337b3,love it,5
607e4f66-bff7-415a-9ae9-de0565685576,wan jeclahay app kaan Wayo Waxbadana Ayuu iqabtaa,5
6980f7e3-ef7d-40f9-bb43-3876db106f83,It's good.,5
6b66fc2f-1aaa-4cfa-90de-fbf3d1e943a3,This app is very good,5
b1556e0e-cb35-4d9c-ba45-b921f0d682f2,bhaut acha,5
b8d6eaff-4070-4919-8b09-636576c428c5,i like it,5
fd51d2bd-0cf4-47a9-8c9f-d45381097528,Nice app,5
f15ed336-e2dd-4b42-b282-3de34eec1354,my favourite app,5
ebea61b5-c53e-4c9f-87e8-cecbe12c4089,so good,5
45a0508b-cc27-4d5e-809e-a1a1fe1febd9,এটা ভালো ভাবে কাজ করে না,1
4b2566d8-44e9-4431-acde-733973b10f79,"as of the beginning of April, post notifications have disappeared on Android, only stories and reels notifications are working. They are even gone in the app notifications list. so there is no way to know if anyone i follow had posted anything unless I go one by one in my following list. I've ever tried removing and reinstalling it, no change.",2
6878f2bd-e202-47db-8b4c-955dc0963fa9,very demure!!! goodness gracious!!,5
0e69329f-34de-4d77-8292-362284e03bc5,very good,5
558637ba-ebc0-4b5e-bc25-563bf619dd3d,fantastic 🎀😘,5
da19f267-28d9-4e2c-9a82-117d46ad0b48,very very very good app I love the thing that I get video about study aur knowledge about my future career,5
71fb3094-4d28-448e-bb64-ac29e97f5612,happy to use,5
47a655bd-8592-4e5c-9a05-ad07771fd527,how many ads,1
c777e30a-3976-4d06-a759-ce29651c5e01,good,5
d628a349-977e-472c-925f-4a56c9f64774,"Was great, now my feed is just people getting murdered so uninstalled",1
1c9e7bc8-0078-4d1d-b59b-c38252382032,❤️❤️❤️❤️❤️❤️,5
3c80f83e-872e-4ff0-b3f2-027091e903f9,very poor,1
e012d742-61c9-485b-9f7b-8d7eb8944234,love it😞💗,5
e67a55e2-eca8-4aa7-8063-0934346eda75,It is a good app for time pass then its length gets longer,4
7b26b3d6-7406-4f46-8b78-af426bd74782,best social app,5
6df589e3-2fdb-4824-a83c-1920f05b5d92,❤️🔥🔥🔥🔥🔥,5
62424284-3ac0-446a-a070-002bc6341dc8,very nice,5
bca9eaa7-3d4b-48dd-b70c-95bb1903ae94,very nich,5
4ccf445a-f427-48e4-acf4-308167eb6259,"Instagram is very creative since day 1 amazing app for sharing moments, connecting with people, and discovering creative content. Easy to use and always entertaining.",5
0f8c657f-55e3-46b1-aad4-4faec023bb2c,good 👍,5
aaeebf4b-0b29-434a-86ef-7c99603f303b,best ap,5
5e96303e-af43-4a91-9ca0-aabe3ea73df1,super,5
807edb14-b7d7-48cc-98ca-f12280327b1e,💓,5
f5da4ab6-ff62-4be1-9bbb-7d63d9ac1037,thank you so much Instagram supporting,5
72977e2d-0880-4189-aac3-4a2d95082893,best,5
24a7a693-e2cc-4e60-8c89-f19789868107,"Instagram hayatın en güzel anlarını fotoğrafla videoyla paylaşmanın en eğlenceli yolu bence. Filtreleri, Reels’leri ve Stories’iyle her şeyi daha yaratıcı ve eğlenceli hale getiriyor. Yeni trendleri kolayca keşfedip milyonlarca insanla bağlantı kuruyorsun. Günlük hayatı gerçekten daha renkli yapıyor, süper bir uygulama!",1
f8b8f382-8a39-4211-abff-549e30d35e0e,somveer__gurjar_6583 Mere mere 100 200 views Kyon Aate Hain,3
7837c5b7-e14a-431b-92ef-6153d70a5588,12 years of instagram experience this type of bug and issues are not facing on Instagram now everyone account got disabled and suspended and my account also are suspended and,1
d1404d82-f141-4bc1-9f49-9c0375939558,nice,5
2f76b92e-7785-47c9-be2a-2898c370183b,video clarity going lose,1
860e8a85-e6ee-4d84-970c-aa49fd8d5797,when I chating with someone not someone everyone it start saying sending for loooong time.it take sooo much data for those who don't use wifi espatially for poor country,2
d9b2d95a-cd93-417a-8f50-7959ba442ef7,worst app ever suspending my new I'd again and again without any reason,1
70dfef4d-590e-4d02-8c96-677c655a86b6,Instagram Always Suspended my all I'd 🥹🥹 am The old one Instagram user am using Instagram 2018 but now the last 3 years Instagram every my new id Hass been suspended I love Instagram but why Just with me 😭😭,5
ebfdfbc0-b26c-4a37-b70b-ca76ac15a3eb,my app is don't download 😔,5
def023f7-9b4d-4c71-8fa7-5e608f0fcc8a,good,4
17f923a3-1bb8-4527-aeac-336a9d71bca3,Best ap,5
e3eb9b2a-d2a8-4ae4-afe4-88c276d38efd,very good,5
34abaaae-8718-4e7d-ae5f-af6b368f8e76,awesome 😝🙀🎀,5
b4249c09-3ae9-4e2f-9267-7928cc56ae0a,good,5
1a036daf-3f6b-45b8-9508-8d6ba56ad5c3,it's so nice and perfect I always 24hours keep on watching reels,5
ae6ad881-56e2-45a0-a18d-76699b3d0b07,good,5
cc260a17-1c8e-43e1-aafb-297920f98cfa,Amazing and helpful,5
0f72fa87-0043-4b74-878f-e14ec1f51f15,yeass,5
492ab6a4-8211-491a-8ac2-92415fcdaa5d,The app is very good and quite interesting to use. But I'm having issues with my videos being recommended for others to watch and my page also for others to follow. Growing followers is very hard.,5
b477a202-59fa-4528-a48a-31ee74950640,👍 great awesome fantabulous 🪭,5
26a6b565-b85a-4e8b-93b6-414be98c1949,👌👌👌,5
21b4dce9-ca5d-4dc6-a899-e4c8c949c0a7,excellent,5
8411588d-ebce-4d7e-b69a-598701380ab5,Best App,5
ecacf66c-88e3-41ba-b74a-41447286fcdf,can't switching account,5
9274ae41-3143-44e6-aa7c-aafac3f19db0,Too much system false positive due to heavy reliance on AI automated systems will kill this app soon.,1
1eac83b3-7057-4549-a6a9-29a76377b81c,good apps in Instagram,5
54884d20-7be4-4ac7-944d-964d0209d5d7,good app,5
e1e38195-7492-42c6-b2af-512703ebe61d,help me,5
8ed8e925-9616-4ecb-ab2d-fd052cb5ce47,great 👍,5
eeeb4821-f3db-479b-995b-3a11180c9bbc,verry good,5
3d221f64-20a8-4bff-a5cc-d5a5906be45f,Best app i.... Loved it... but I have a query.. I have installed instagram in a new phone and now I can't share my Insta stories to whatsapp status I t has been showing not logged in with the same phone number as in Instagram... but what's app is logged in the same number and I can even share what's status into insta stories ... but can't share the insta stories to the WhatsApp... what should I do?,5
46b75376-32cb-4325-b943-f2dd4110f482,best aap fo the world,5
04d72620-8a70-49e2-a439-9320bd90c1c1,"so I want to report a issue so my account got disabled from 3rd April and they said ""you did not follow our community guidelines"" but I did not break any type of rule. after that all i appealed and and the said "" we'll Tell you our decision in 48 hours but when after 24 hour's i opened my account they show me your account is permanently banned no one can see your account. so I want my account again or tell me which community guidelines i broke. account username is jot__17s there's my imp things",1
fcbf7d0d-1406-450b-8d9b-19d050aea525,mela balo app thank,5
61db117c-5af7-44b0-894d-61ac55d32e02,woww,5
1b082195-2ee0-43d9-aeba-a7464bc136b5,time waste he students ke liye,1
ff6256e2-2d2b-4055-87d1-1078ef467490,Ye beta babut acha ba ho,5
7b45a21c-a569-4a8e-862b-4ad30dc633be,noice,5
c0ec5628-06af-4b18-b6ef-7037a8398b81,"Instagram is an excellent social media platform that perfectly combines creativity and connection. It allows users to share their thoughts, photos, reels, and stories easily with a global audience. The interface is simple, clean, and user-friendly, making it accessible for people of all age groups. Regular updates and new features keep the app fresh and engaging. Although sometimes ads and algorithm changes can affect reach, the overall experience remains enjoyable.",5
bea1b171-cc8c-4ac6-9f87-3b86bb210fad,nice Instagram,5
9ab4dd79-eb33-4620-9048-13bb154398ee,nice,5
49a0a486-e131-4996-8aac-426b92c5ad9e,i like Instagram 💖,4
ec6e602b-b120-4bcd-bcb1-2e1c0912e69e,"my account got suspended without any reason. It said I violated a rule, but it didn't say what rule. it's so annoying because I don't see any reason why am I suspended for cause I barely use my phone, and this app is the only app I use for communication. it's so disappointing and so annoying that my account is connected to my other accounts like Facebook. and it's really important. when I submit a valid ID, it doesn't accept it. jeez. I hope you guys fix this.",1
20de9ca2-187a-4ef2-90a4-fc7628311a09,Amakay kharap korar jonno dhonnobad,5
f9342085-2649-4b14-8f46-9b74cfb65fbb,this app very nice 👍,4
526a46e2-6632-4748-ae35-944583636805,excellent work,5
d5ff9625-2020-4e04-8d95-ed53801286b7,super app,5
b90809ce-d510-40c7-954a-acdd2618f226,best app,5
3dc18b83-b6eb-4583-aede-ce7b6c917ff5,addicted,1
8c1f73ab-6514-4cbf-8da2-a121e2446ed6,are yaar ye colour wala like apne aap hat gya mere instagram se kripya ise wapis la dijey🙏,2
4d620db3-948a-4dfb-bd3b-6a2f5714e2b5,good video maker,5
24c3a2b3-229f-4bfb-8d32-80825a509c5a,I had Instagram in disabled all my accounts and I didn't do anything wrong it was working fine yesterday and this morning it was gone what is the deal they don't even help you with anything cause I am not famous here.. they need to do with to people who go against there community not people who listen to the rules,1
53f932af-61dc-4a69-adbf-a188f05c9c06,i am entering the write passwoed but app tell it's wrong please help Instagram,2
2e254107-93ef-4c11-92ab-6b96b394e79d,Excellent,5
593d6659-f285-42f1-8519-c093d8cf5c39,love it,5
a55978ef-0689-490a-ad9b-d597076153f7,ok,3
544ab13d-4487-4234-bb63-2c8d7052996d,They shouls add Instagram alao run in PC google or Opera browser becuase it have many problem in that,5
e953ce4e-749a-42ba-9bd6-d6f6f231d2f3,wow!,5
47d3e0fc-52ee-43e4-844a-0a76eb3e912f,super app,5
ad6a7d6f-18bb-4696-bfb5-d9aef32e49e7,osm,5
8b726fea-737a-4ce0-919c-516e30dae1f1,it really nice and gives my content attraction,4
f8f18cc7-03be-43d7-97f8-41f96d5579f9,nice,1
964fed39-f668-45bf-9953-8f3256ee3f0e,good,5
3d276d97-7f2a-491b-aad0-d789905c35cd,"This app is perfect for killing time and making friends, but my fingers have a mind of their own—they just scroll reels nonstop!",5
b9ec21e6-19f0-4c85-8eb5-8f19a5f064c3,ok ok 😏,1
66545721-5ee6-4fa2-ae4a-34d0fcda9744,automaticlly my account suspanded,1
ddbf7e68-c453-4f4d-b7a5-382011602265,nice,5
ad36d3cb-edd5-48bb-a41a-71d11e31fd8e,nice,5
405f3910-46bb-4427-b83c-ec600c666138,good,5
aee30cce-c6ef-412c-821f-69720b48f10f,honestly I've been using Instagram since 2018 but now it's just trash Facebook is honestly better to this point app is mad stupid for anyone reading spare the time and use the website like the app simply doesn't work can't login either incorrect password or straight up won't load me in when I reset the password it still doesn't work then when I know fasho the password is correct it still sends me links to reset it then it suspends my account for suspicious login attempts lost alot of photos,1
65ab9d18-cde2-4e08-bd7b-5da052973130,very nice app,5
68c5d4d6-5264-4275-a8c3-5f8220280825,i love instagram app,5
dc374e82-ba5f-49dc-9501-479c24c62ca2,so nice,5
1812e788-17ab-444c-a5fb-4463d835ea90,I'm enjoying by using this app,5
4c3e24bc-1ea5-4409-bd8d-ffe7d13414dc,good,5
33e87de6-8f32-431c-9a66-0c1cbaf7e1c2,👌👌👌2,1
fdf678b1-2f1b-4fd1-a398-ed3dbeccb431,I LIKE THIS APPLICATION 😎,5
2f18525f-3af6-408b-aea1-adbaacebd2e9,Not good,3
27b87922-629c-43b0-b39a-d302017615b4,distraction 😔,1
19928d7b-df0c-4eb8-a1de-20bff0778519,nice app,5
3c3083f0-842e-4983-a012-cca639774891,so poor tbh they banned my id for no reason,1
db8e4f95-8f9f-4f9f-87d2-bf3f4ba075c8,excellent,5
d2c13060-f909-4c1e-a756-777cb9d984f1,good app,5
6a6b543a-c540-4f72-b388-2770136d40cd,very boring aap,1
e8f8ef0c-60cc-4ff4-9e3c-3c0a27baf67f,it's best for me,5
af80adc7-bdb7-4a1e-aa5d-f833e4517baa,osm,5
7a107cfd-c544-499c-a5f2-aceb3e523cc1,",👍",5
9bfee083-7922-4081-b214-e2062a58c117,great,5
d956d2ce-a191-4f32-9dc1-538000d09386,it's very good app,5
653396e6-387f-412e-8606-41dcb964fab9,Good,5
8a627194-ae43-4316-a588-07b3a6ff49d1,goog,5
366c5194-bef2-45c7-8565-c65031c38947,had se chutya feature hai ye to send same something and below sh niow two feature either send separately or make group I don't want to make group but I don't want to make group it just create and send and there is no option so delete that group,1
332a4137-2f06-42ae-8e64-5efae1c1df66,"Always when I see an Instagram update I'm saying ""What's going to be broken this time?"" How can the developers work so poorly? No fix for many old bugs. Instead, they give you more with the updates. Using IG every day is challenging. I'm really tired.",1
e488e383-1052-43d4-9aa5-84af1c1490e2,Love it🙏,5
a3b94468-53a1-4fa9-b1d1-3ef5dc2f9dd7,nice app👍🙂 but rech my reel,5
ab7d8701-dee9-42d0-b311-f9750a682caa,i love you,5
5200b8dd-89fc-4c73-acbf-3c7464aaea66,super,5
5af87112-2e1d-475d-90a0-a5f834b9545d,Amazing 😍,5
df8cdfdf-ed59-4b1d-82f4-b7a2817d7378,Very nice experience you explore so many things you get different kind of knowledge from other areas in different areas totally up to you how you waste your time and how you consume good content from it,4
0817fcd2-b1ff-4314-8191-606dd19923cc,instagram application so cheep bilkul bekar application hai bar bar account suspend ker deti esse accha koi aur platform use kro,1
d9c6e213-3726-4187-a637-c05a2f86e2a3,Good,5
d67323fe-763f-4600-ab2a-268669d2de5f,super Instagram and help fully method so using me i like and good💐,5
3f780109-6035-4c17-8c0f-5c2ee63556e3,"Let me screenshot you idiots, who do you think you are taking that away???",2
537ff88d-c030-40f1-8275-4e119c57a1e8,good 👍,5
0253c30d-b842-4b8d-a7d7-eabaae379c48,💫 good experience,4
fac1e982-0b4a-483e-aadc-44f3a643f327,fantastic application,5
be989150-7fb1-4087-9a53-66353d9a9ebf,love the app but I need more followers,5
1e177892-4175-4ab9-814e-5a10b2ef0851,excellent,5
e56c7f8e-e41b-4867-b467-917d789438f3,so many glich plz fix it,3
f1186367-531a-4cbd-b190-30e035d25428,I didn't got the gif option in note,1
9193aecb-7418-465d-afd9-b85f095cd300,Instagram Ne Meri id disable Kar Di Hai 180 din ke liye koi recover krne ka option nhi hai....,1
63671468-46df-4615-8136-d0c859040df5,it amazing I loved it . looking forward to spend my 1 hour atleast on it . it have the features to call and chat the followers and we can also make group in it .,5
d76c03e6-299c-49fc-b73e-8b46a61591e0,i love instagram 🤍,5
828f6b5b-7493-4cbe-b8be-a8ee084d0019,good,1
0bd40c42-1d4c-4f4d-9d21-a2cc46338deb,nice,5
34ec6ca5-e143-4f96-b77b-8a83e1227c96,the good 😘,5
e127c702-0a0b-48ba-a5a7-547a81951dc9,very very good app,5
e29ebf9c-97a2-4019-9f9b-ec291e1e0fc0,IN MY INSTAGRAM ACCOUNT MY ACCOUNT IS 18+ BUT IN SENSITIVE CONTENT MORE OPTION IS NOT SHOWING AND I REPORT BUT THEY ARE NOT REPLY TO MY REPORT OR SOLVE THIS PROBLEM,1
b5502bad-baeb-41a1-9d0f-5104c79e5472,this is so hard,5
106af0d2-3993-4a65-90d8-14c825c31ca9,xlente,5
02840418-08f6-480b-9160-93b0b5303f88,good,4
33567ae2-4e1a-4bce-bd01-14d91e27ad3a,good,4
c5f45d0f-8a2b-40db-9294-9026e125b32f,amezing app,5
fa0ec342-f9f3-460c-b996-60cdd7dcdbe5,This app is also very best for entertainment and you can also upload videos and can earn money also.,5
1a75f719-a1a7-40af-89f5-c6317e4ca7c9,best👍,5
463afa9d-9eef-4fef-8c3f-19b3d1770659,100%...I recommend it,5
9072e7f2-e9dd-4d0c-87ad-e8437f9c7cbd,yeh aap muje continuously 3 4 hours sa please wait try again later dekha raha ha login nhi kar pa rahi ma apna account,1
49e195d4-044c-4f93-bbf5-60aca8879e20,i love you,5
1576e1d4-bd40-4047-a532-47da2db7f1b5,very superb app,4
1932ffa0-35e9-4b2d-a9af-c1d9cb8663d9,nice app,5
b9a117c2-5c6a-4e76-9ade-b7347fbb16d1,Instagram ko sabhi log delete kar do ye I'd ban kar deta h mera 4. 5 I'd ban kar diya h,5
21054ac8-3e0d-4a38-96f5-1133eb7f8044,best of all time 🔥,5
2c4eae22-0ca2-4cfc-86bb-e97c19c290a6,This is very good,5
cb2485c4-dbf5-4e25-8921-53825f6f27e3,very nice,5
2574e387-9c5c-49be-8f58-1300054602be,best app,5
82ef4f03-3d93-4829-8625-2e273e8ae1ca,my insta account got suspended without violating anything on insta. facing issue insta account suspended. completed all the process still facing the issue,1
d999dc96-77f6-40b3-a424-a1592b07b9b2,intsra is best aap,5
257a0b25-5f7b-457e-ac85-860bfdcd2d5b,nice aap,5
e6993d46-f6af-4e19-8e6c-a189ba723a93,it's good ❤️,5
2c0fd188-c884-4c04-af83-d41291f2259e,not bad,3
ca3c0079-4342-4420-ab4a-39d9cae7d3dc,very nice,5
e8ec832e-1af7-4885-ac4d-1809459a84ce,awesome,5
9ba5c5c0-6086-4516-86d7-d3e07579fd10,"Es una de las mejores redes de interés sin discusión, aunque cada vez la privacidad es menor y ya ni se puede considerar una red social…",4
c67c0393-a357-494e-9be3-2d63f1bc3eea,❤️👍❤️‍🩹,5
a749bf32-80d9-451a-9f93-99945e16b771,nice,5
dc9e2370-2e47-4676-91cc-2909d853efed,laundiyabaz apppppppppp,5
1851d7cd-15af-489d-9270-1c5eed14d841,better app amaizing,5
2551f468-bb45-41ff-ab8f-58157026fd4c,best,5
63d6c222-d3dd-4aea-b843-dfe35d4ded24,"Dear Instagram, I really love your app for connecting people and helping us make new friends. However I've been experiencing a serious issue. My accounts keep getting suspended for no clear reason. whenever I create a new profile, it gets suspended almost immediately, I have tried using different accounts but the same thing keeps happening. I want to emphasize that I follow the rules and guidelines, Please kindly look into this issue because I doubt I'm the only one experiencing this.",3
489576ed-71b6-454c-ace3-2b91aa3afe92,its a very cool app 😎👍🏻,5
2aa48c95-993d-414a-a48c-7c46e4259b6e,this app is suitable for advertising products,5
e2f8e268-999f-452b-a0a6-fa99fc1a39f1,𝒇𝒂𝒏𝒕𝒂𝒔𝒕𝒊𝒄,5
a0032033-f2fb-4e1b-a3a5-a8e31ec8fccd,nice app,5
97a8551e-2c3a-40c5-8768-32a06930d5f5,"This is a user friendly app,get it.",5
30dc6e0d-8920-4422-ac52-05ab173cfcda,best app ever,5
9adebba8-b01e-47a6-9edc-01dd762c78a2,best,5
67410c43-2dc7-471b-8a9a-af1cb7eadda7,bad,1
5969c447-8550-484b-946b-6f774cc0d69e,this apo is adorable 😍,4
48fd85d4-108e-4dc3-973e-70a029678984,a good social media platform,5
13982718-534b-40e8-8c27-0abf114efde1,good app 👌,5
fe0674cf-ede2-4e3b-8024-31ede14809c3,best of best,5
14f695ce-e4d3-4db5-b79b-fa44299c6a14,best for time pass 😄😄😄,5
82968df0-c6ee-40ba-8381-6f7163a7e9d3,good,5
701e0c7c-2030-401f-8352-16ddd7fb41ff,Best,5
aa9a040c-4cfb-440f-9dbe-40c992b1212a,"Instagram's been good so far.. can't say the same about the ""BETA"" version.. cuz out of the blue my 4yrs+ acc got disabled after joining the ""BETA"" version and after submitting a plea it was permanently Disabled... funny enough after reopening another acc under the same ""BETA"" version my acc just got disabled and it hasn't even been up to a month I opened it...😒 you guy should work on it pls... it's really frustrating having your acc disabled twice when you don't even know what caused it..",4
7ceaf2ad-f453-4fd5-9cf7-cc7121c6e9a4,best app for time waste 👍,5
e3a8760e-d9be-4c41-a161-ce5010b30b33,very bad security,1
ab86a97c-c2c7-4cb7-8f28-92128082442e,👍,5
a990c74a-d3d9-4025-92ed-c7281b50a78d,the best app,5
06dbce5b-5d40-4d83-9ab0-a053089e419e,I hate u,1
12400f88-32d0-44c0-95e0-51a34ea5c10f,good,3
b9340add-7fe6-4f4b-bb5e-87e805e6a3d6,maza nahi aa rha,1
a49a13aa-da6c-44c9-98d9-2e2a65572104,👍😊,5
530e1e87-82ba-4a82-9297-402e3d051296,good app,5
04e45b42-52e5-4771-8897-1b36bb02cd72,A place where you can make New friends,5
6e854c5b-6bfe-44ae-bdaf-01296324b63c,so basically for the past few days my Instagram been bugging on my main account while my new accounts are completely normal. It was about the notes from the others that won't show up unless I stalked the person I want to see their note is. I hope this get fixed soon.,1
8636de12-516e-4246-9b65-04a5b9322865,Nice app,5
fb91b3ec-8a75-4eff-8b6e-0950011eb4cf,new updates,5
e6d47d9c-f995-4de5-b87a-92d8796b2143,because not end to end encryption,2
aea884bb-191e-44ed-ade6-26d327f1a92a,নাইস,5
d762f945-6e31-4024-8c51-df96accef31b,bahut hi khatam app h,1
66bfb5ce-4c83-4cfb-87ac-df91b152b73f,amazing,4
ed1a8cf9-9b02-466b-935d-bb53e4073c7c,mm it's okey,4
62c85962-87db-4dcb-b499-ce2fad414ac4,Instagram is tha best aap,5
e6f25e27-84e2-4b54-a0fc-aefad02a0560,😎,1
41c6f6f0-227e-4172-91ea-39af31f97594,👍,5
495d5a23-a35e-4fcf-8f79-f1bbe3064cbb,"this might be the best hangout app in the world made by human, thanks to meta for everything",5
a28eccff-6d50-4966-a4fe-f177878aa847,always good 💯😊,5
a0bff607-8126-4701-94e0-d581cd070aa9,واااوو,5
f6cee99e-59ff-418e-a56b-da82d7a89a85,marvelous,5
07fe2dd5-6321-4f23-b7ff-198330b9577f,"this app is really great, i love the features",5
2f5c4d01-26fb-4f1c-a650-970654fa2981,experience with this one is good,5
55bde3ef-3876-4db4-9208-a4206c3585e7,wow wonderful so nice i love it thankyou,5
ccffe0e2-2517-453c-a79f-248d67fd9133,fantastic 😍,5
fbe50808-0989-47ed-9cee-5934045b4db0,👍,5
ef0ae70e-4862-4d99-afce-6bc4f1675c10,good app,5
21fdc421-b550-4794-abce-4e6ce3a7f2d4,please do not suspend account without any reason. I am tired now with your this behaviour. I am gonna sucide and write a note that you cause me mentally harras.,1
17ed7149-5a3a-4d2c-aef5-c6fb6bd6354e,It changed my life and my business. don't know what I will do without it. 🥰,5
21ce1468-92f1-48e4-b4a7-8d5b580a88e8,insta good,5
e3bc0463-0dbb-4147-b930-c561839b1b9f,Next level platform,5
2c691771-bfed-4e48-a62a-8212ee571cbd,thank you,5
20dca765-f6c7-4b24-b2bd-bcb78c7eda98,super,5
173b42fa-c66d-40b0-a884-fcafcda9f7eb,it's great 💯,5
a5da5671-a481-4c29-b0ef-123ea2e5a3ba,"""Instagram is my favorite app! The interface is very user-friendly, and it's the best way to stay connected with friends. The Reels and Stories features are amazing. It’s a perfect platform for creative people.""",5
9a2dd868-87e1-40ab-8d12-8f6df2b67e39,voice call video call nhi ja rha hsi,1
4abb368a-2d0e-4a26-8348-7ff362c0ff2d,this app could be better... but it's not...enjoy your money tho,1
40ce312a-630c-419d-86d5-d082522a2933,good 🙏,5
2bfd15d7-fd03-49d6-8ebd-e080504ca1be,good,5
6b94770f-5ddb-4b3a-a641-81044cc1b3a7,"far too addictive, will ruin many peoples careers without them realising, STAY AWAY",1
1e594a42-d128-488d-b09f-7a784ab35f0b,super insta,5
8d1289d7-6b6d-4680-9fb8-06cedb3ac3aa,very good app,5
2aaeedcd-08ee-4889-ae0f-ca651c50151a,very good social media,5
7e83128a-9054-417d-92f6-0aec59c1eea0,it's good I got more people,5
b40a539a-f445-4258-8407-d5d85dca04d0,best,5
6f9383ac-1d17-4f4e-9c4a-c8697ee55374,I love it,5
b4f85695-8c81-4e19-8994-a25e9790f0e5,best app ever!!!! so good,5
04ec4d85-9876-451c-9711-80e1055ba8dc,very nice,5
aa428f8a-a257-4917-a2ff-6a4c2a4017e1,nice very nice,1
95f1ba19-ad71-4def-ae3c-405fe3c352c5,good,5
37e725a4-fa98-401e-86c6-f73f4548679f,Best app ever✨🎀,5
f992c933-6d93-4490-a498-3793a47b4caf,very bad q ke mera reels vairal nhi hota h eske liye main ek star dunga,1
43eb6856-20d5-44e2-8f84-a7b378a6648f,thank you,5
53c79f7b-3693-4028-a30a-5aa8ee8fc9b4,best app,5
03c61dbd-d422-416c-a5d0-dafa2e8f5403,nice,5
1eef62d9-5fc0-4704-ae02-925de28309ac,favorite aap from Play Store,5
4f65b0e4-6e72-423e-b1ef-f4a0e0a3ac5b,nice app 🙂👍,4
2cc1aa2c-b7aa-4d7e-80ce-487ff6b80682,nice,5
bb877273-7864-422b-be97-6a70d13eab55,I like it because you can see what your freinds have posted and it's just a very nice app,5
4f8c694b-3278-4227-ab4f-e93009865d71,fine app,5
306b5b66-fb86-4fed-b993-058e79a5c3fd,"too many posts/links to other meta apps, that I don't want to install makes the experience less smooth.",3
4f1c3eee-03e5-4b46-974f-2ba2c89c707f,Very good app,5
a3965f79-a734-471f-930c-15d03e80927c,ok thank a gye uiiuuiu I love it oi,4
799ef6e6-e1e4-4584-891b-7577827b8abb,❤️😊,5
77932984-6a45-46d1-affd-33eecefd5f0b,wonderful 😊😊,5
40b78325-a3eb-49b0-90bc-211d5fb59e74,0 starbut why,1
85ac9bc2-3dcd-4e5b-bd5b-5a97ae32c69c,nice to mast app insta 👌,5
9dcc2660-96ab-4ab0-b300-4e89a80c4411,i luv this aap i am so many friends and chat with my classmates,4
3a00c06b-a67a-4097-af93-7de3cafe1520,good nice 👍👍👍,5
8c49834d-ae47-4f11-bd52-ea7f5ebe0b72,good for teen and it very advatangers,5
dc6274b3-c885-4eea-87d4-3d5ee2c2166b,it's very entertaining,5
cba361ec-125c-4257-8034-fc67a79528a4,Goooooooooodddddd 😎😘😘,5
1bc86f89-09c0-4591-8f02-155f31f68cdf,nice,1
d9bc86f8-b934-4ac9-b3a9-eb058c5675fd,am not sure but try it,5
e91fb2ea-335b-4f57-8e22-7940f4b38843,bina baat suspend karra id😒,1
1723846d-e81e-4bac-9c53-9b97a8159a8b,fake app,1
d4469972-33c0-45c6-becf-80752af56bb8,Nice,5
89a4ede0-feaa-4adc-b941-f340f88f7663,Great Experience,5
6a82f326-8e7e-42bf-9c69-617e7f7fb65e,Kitna ghatiya app h ek bhi ladki reply nhi krti,2
bfce2e15-66a9-4eee-8e7c-4a025ec5d9de,yah chat bahut achcha hai,5
2cb8a661-029b-4ac3-a89e-e02d96f92b86,best app,5
5e0c8f7a-1d17-4178-8fe8-fc47e34ec79b,very good,5
de13cb6f-2ca2-4500-a81a-f591df9210be,too many ads / unskippable ads,1
e5f81a47-3b5a-4755-9998-e8d2596c4b13,nice,3
66518e48-f0f1-445d-bc60-9f6442a1e5ba,इंस्टाग्राम बहुत अच्छा है,5
e2fd45fa-6306-4969-858d-79b933b85f16,this ai the best pp for timepass,5
bcffea6a-f5ea-4422-8902-5dddf17771d0,Instagram very very bekar app sari I'd delete kr deta parmanent 100 se jada krdi bhut bura app h I hate this app,1
97cb37bb-da45-4106-a5de-0fc22e8020bc,W ig,5
2ab563d9-e790-4047-b89b-82c063be36dc,"why am i seeing a lot of NSFW content on instagram, i tried many times to report, but everytime it says "" something went wrong"" i am about to delete Instagram, please check into this matter ASAP, seriously",2
c088c557-e2ec-456c-8827-9e0c5cd6ff44,it is mc app only girls is finding and I doesn't want girl,5
8481c079-8368-4e24-a20d-61a519175cf9,nice,5
87dc9237-7d5b-4b97-b39e-834fd176143b,best app ever,5
99de6007-d363-42de-85ee-44af576c9ce9,very problem today couldn't feed please solve the problem,5
b3b230d7-4d54-49bd-aade-9ff6e84ec53b,Nice,5
03b7955b-6504-4f36-a45f-a7f9f1e2a5e3,👍🏽,5
d3856e86-581a-414a-86d9-1314238c5337,Disgusting app,1
f48e8f1a-7028-4d19-8fba-aba965b83516,this is best app for social media and type of videos really this is my favorite app ☺❤,5
e82024ce-2aa1-4cbb-9f8a-5f2a96ce243a,it's was good 💯for under 18+ and I love it because I don't have WhatsApp and I talked to my friend on that and the side effects is meta ai,4
2257dc49-625f-4744-be73-449a7b3e9aad,best aap,5
d97d5892-ccd0-4c9e-abed-c918f50ace3a,So beautiful,5
ee5a8b5e-b72e-4d79-a1e1-960880252bb5,It helps alot,5
c588540d-1c07-4ba4-9e7f-4516cc17edef,From past 4 days I am unable to post my stories. I have closed app also done log out still unable to post stories. this is one of the issue now I am editing this review on 11/04/26 Now suddenly the text has been get removed from my uploaded reel,1
194ed503-cc97-4abf-a0d4-40ae0e48dae8,meta see the photo video and chats,4
892abc00-9d8a-4ef9-a8bf-2a3b5afbde2b,ok,5
414f4d19-4ad3-4c8b-bcee-fdf5f82c211a,Best,5
5b2da114-35ec-480f-a22f-d7db3005eecf,मेरा अकाउंट डीएक्टिवेट हो गया है arjun singh rajput7773 ये अकाउंट गलती से डीएक्टिवेट हो गया है यह अकाउंट वापस रीएक्टिवेट नहीं हो रहा है।,1
95feee6f-22bb-4c7b-bb78-a55686708668,👍,5
09c2f7ea-11b9-4b3e-a231-d6b23cf253df,this is the best app for ever👍,5
2bbfe192-9426-47a4-9988-aa251315a5ad,ye Kya hai,5
f9920572-6688-49e8-945e-651ccfe199c9,I love this app very much,5
c9a6d6fa-2375-4f49-80ff-69d584d13caa,is very interesting and i can have an online friends easy,5
e9c9678e-50bb-4e28-bc2e-0b4e647d2d62,best,5
90ef4a4c-355f-41e4-b9e8-00b0c9b78656,love vibes,5
fcc1d842-8987-4e8f-a18b-9f09ee8b218f,very good,5
f40ad0ee-1b9a-4e69-92e4-84af96f82456,why can't i login my acc through my device after i enter the correct password,1
50f1980b-6bf7-422a-a50a-befe37da5d8f,it is wonderful,5
20567632-0427-4c67-823d-726eea0fcc34,very nice platform for middle class to grow up...plz support me for become a star,5
e98e33bf-7866-41a5-9212-4748b6ae5b3d,Nice 👍,5
17886417-a0c2-43be-b5e9-02ae225fcc38,Let us see,1
05a59712-460b-457b-988c-f05519ea14a6,good,5
ab2d65a6-8bfe-4897-aac0-5df7363a2f6e,it's a fantastic and marvelous app,5
8ca2e51b-3e7a-473a-bd2b-180da109099e,"you could literally update this app every month 😭 so many lags, bugs, and bullshitting. also way too many new options like why TF do I have to go to my profile and tap a button to post something. we used to have a simple button to post and then you choose. now you added gifs to a note?? like I said, we can update every month 😭",3
9e51bace-9192-448c-a1bb-1f0135307135,📚🏕️,5
b72c234a-8596-4cfc-9846-942193ea93d1,❤️❤️,5
8df166d8-ff6e-41b6-b2d5-9c7decaa4d2b,👍👍👍,5
12868104-2a03-4bfc-8a7f-2823b75a6d46,it helps me win,5
ff0fe217-425f-419f-b302-418613f6fdc6,super,5
4e762d86-9770-4abd-a82c-f5b3581274db,Not bad. I don't know how Instagram can feel but there are a lot of pop adds,4
2845f388-6331-436e-97a4-0cf561c12484,I ruined my life gt so addicted wish I never downloaded it,2
9ed70b5e-6e4c-481d-af54-56b7e353d681,💖,5
b63ef8bf-bd4b-4448-a859-271828d7339f,very good,5
94825ee5-9e7d-47db-848d-e0796a52dd0f,Good for entertainment,5
48d87090-a8f1-4716-a945-8c79795eadb4,not views instagram bad,4
44f61c84-c833-42a4-ae64-f164a506a1ec,superb,5
bc9eee85-8282-49aa-aa21-e6800c7d2307,nice 👍👏,4
d45e7153-224a-4961-b3a0-42b736d75ea5,my problem is Instagram daily time limit please solve the my problem,1
9e3931ee-0d3f-4bb5-9f04-92f6bb76cf82,good,5
035cfcde-fb24-4c6e-8f5f-36740fb94e32,please request for you my ID request for option gayab ho gaya hai,5
25457f14-5939-45e5-9cbb-b383518bef5a,worst app ever 💦😍😍👅,1
96ebc183-0335-48c6-b962-902ef0023bb8,"as a consumer , i find it more peaceful and real ,instead of getting offend by I love how beautifully people share thier journey",5
dae6e9fc-190b-49b3-bfbe-5c86f23f81bf,super,5
da395ff0-dd84-4889-b104-c1ad91dce873,very very nice,5
b77064fd-5efc-48bf-86f2-95566c3410f2,yas,4
92a128c8-23ff-4850-9059-f5255845232f,I love instagram,5
cd47c0e0-b983-47f3-b8f1-0a1cd2f891b5,best,5
af8069fa-9b87-4ea2-a3a5-0fba1a2e6723,😁,2
f9207b41-5583-4678-bbdf-d961aabaf2f0,"Worst app ever. My 7-year-old account got banned for no reason. When I tried to recover it, my appeal was rejected without proper explanation. The servers are unreliable, and the app is full of glitches. Extremely frustrating experience.",1
0b64b451-4a92-4fe1-a241-e517f41e1ed6,I love star,5
4e774a9d-29ea-4131-8836-41bf0332d424,good,5
2b224b16-bc54-4d5e-a34d-a46933df7bd7,it's awesome 💯,5
2d655cc1-0e29-461c-abe6-435f3bbc03ec,now Insta don't have privacy it's not safe for us i don't like this aap,1
3d8da044-364c-405b-ac3b-fa968f816816,This app is very good and this app get many facelites,4
68e2812b-3a72-483d-a25a-44d354d16c5f,Instagram keeps improving for the most part so keep up the good work Adam and the whole IG Team 💯,5
7b556330-56df-4e1e-a8b0-54924bedadb6,i have a problem when i wathcing the reels and the ads will show my screen will be freeze please fix it,4
d19a6ce3-bad5-4091-ae09-321ea78761f3,i have 3 accounts. but one of 'em doesn't have the repost option no matter how many times I updated insta I never get that repost update.,2
46170642-7939-4c1b-b84c-9d7a5a6e6ff2,best of luck 😺🤞🏼,5
f79538b8-f855-4682-93be-faa7f7ae5b11,it is very good app already using me everyday,5
ee0e157d-8189-4874-89ea-34890421a0f5,great app,4
bc2f8dde-930c-4bf5-9aec-7ded85cc5e0e,in instagram i can talk with my old friend and when ever there is no time pass i can Post,5
ed1f44c0-9209-4444-a679-d4db6e07129d,bahut bekar app hai ye is appp ne meri 9 ids suspend kar dii or sab me yahi reason diya ki account integrity hai jab ki meri I'd sirf mere pass hi thi or kisi ke pass nahi thi or mera 2 bussiness account wali I'd bhi suspend kar dii ghaade instagram or instagram ki team mujhse bahut gussa aa raha hai mera sab kuch chala gaya hai meri sari private information bhi chali gyii is app ko download mat karna kabhi bhi - rating se bhi bhattar rating wala app hai yee,1
0f4fe44e-ce6f-4464-8f5e-c8971bbb7948,love you,5
cb250167-a01c-4b5c-83a7-e7ccf3e1edd4,nice,5
6a165e15-107b-4c51-965b-07ed40ded745,Insta is good app 👍,5
6c9e0e61-4bbc-4fc3-8ac1-ac5cf3babefb,I updated this app but the voice effect wont come out,1
ec81cccb-203c-40e7-bdf9-6dbe2236bf28,super,5
8d0f26bf-f290-431a-8b59-bdec9aa83163,App is buggy. AI suspends your account for no clear reason and there is virtually no help to unsuspend it,1
d4902d49-8864-4801-84ad-1424041b5d38,amazing,5
6d4af12a-2081-4fe2-993d-acc05cbd939d,❤️🫀,4
a49b89a0-ab89-471e-957e-83da321358df,Instagram Bina wajah hi Account suspende kar deta h aur permanent Ban bhi kar deta h jinka karna cahiye unka nahi karta aur jo sahi se insta use karte h unka permanent Ban kar deta h agar 1 star se bhi kam rating hoti to wo bhi karta useless app h,1
c4aac42e-ae3f-430d-be3a-5b189a71eddb,this part of my life🥀🥰,5
73d4475f-480a-4b40-ad14-205ad7833ae6,good 👍,5
daddbe50-87d4-4abe-aef6-530ed9c426e4,I think this app is not recomended to children but it is a nice timepass for everyone,4
03bab186-bd82-4586-9f9a-e1193b92ce1d,"I love this app , I use this app for work , leisure and entertainment. It's very useful and help you expand an reach a greater audience. it's amazing.",5
eb83f700-c72f-40e3-9bc5-7d0d7afec12e,🫂🥰,5
61ad5263-2d45-436d-8418-58270468b3b1,ban my id without any reason,1
590dcc8e-8f38-444c-8e47-9b79f1adc7cc,in bast app,5
207c70cb-e958-44a6-9183-8df8cb00343b,"Full of bugs. I can't see any posts or reels sent to me in my main account, it keeps saying post unavailable no matter who sent me. I cant change highlight covers on any account, it takes forever to load- I mean forever. It never loads and it's so annoying Sometimes when I try to upload a story it does not upload at all and I can't switch accounts unless I delete the ""uploaded"" stories Not to mention the grid looks ugly as hell after they ditched the square",2
757228a1-4ba0-4046-8771-2c72f0a98757,very nice app but please give me 1k followers please 🥺🥺🥺,5
e3e93387-44c0-4a79-ac6f-df4800762c82,I like the content on this app but it's super annoying that the keyboard is constantly covered and you can't see what you're typing when commenting! I also want to use my screen recorder to save clips and the new version of this app doesn't let you do that.,2
ed5101f0-7166-43a6-82ad-3bf98a831364,public acount nahi ho raha h 😠😠😠,5
9496af74-1452-4ada-a72a-a5ea4c7da4ef,I love Instagram but stop killing my account,5
15dbcad1-af42-475b-aeff-e535a152830d,I no but this is a very good 😊 app and wander full 🌝.mood + Happy movement fill this app,5
c5851944-54c8-4d1b-8db6-bf8ddd2c95e8,it is best app to introduce ourselves in it so we can easily introduce ourselves to others,5
27baa082-111d-4f0c-8d21-d25bbae463af,good,5
022076a6-5b79-4407-8758-e129dd4da17e,BEST APP,5
1861151d-3fb7-468c-9d2a-e09af7784668,like,5
8f649a46-bbfa-4563-b031-b803297b4fa3,excillent,5
220640ec-2854-45be-8327-5d232b954f86,"This app is trash. It's full of bugs, freezes, and moves slow and all it does is just bombard you with rage bait content and ads. They're monitoring you so hard on this app that it barely works. I'm probably gonna delete this app soon.",1
0526f6b3-decd-41d8-82c8-737ec4628b54,bohot faltu aap hai ladki ko message karu tu block kar dete hai or kuch ladki ki tu bf reply krte hai devloper bhai ko aak hee baat bolunga fb par jese single/in a relationship/ marriage with xyz dikhata hai same wesa update laye jldi see,1
3134890f-c833-416c-afde-5f023b216496,i really liked this app,5
38f4247c-a910-4fab-95b9-f6340e0f16d8,"very bad app it suspend my account for no reason and when i create a new account,that get suspended automatically.",5
210b95a9-e859-429b-afc3-1a9d60d79163,my best experience in in social media,5
2d47eec4-f8ee-4bb7-be77-78125ab241c5,Good Nice working 💪,5
6b6f1ece-ea8c-402c-b1db-c984a6b678a3,बहुत अच्छा चल रहा है,5
703e600f-2977-4a79-8215-eb54e27cecc2,it is too cool,5
93f52ad0-81ea-49ae-a9b3-d87e4c7be371,best app of social media,5
928ac0e4-231f-432d-98f8-a32b3102261a,👍🏻💗,5
5b506171-9393-4bfc-9942-2c1015bc5ff7,super app and I want to use daily this app 🥰,5
dc7ecb62-44cd-49a9-adb2-9f270c5a0f79,superb,5
f71961bb-3694-4ca2-83a2-79b3de640a39,"it's very good but ,end ads .",5
9fd4c3a2-084a-43ab-8f72-a2dcf706f597,it's the best app for sociol use,5
6ec5278a-b88c-4e45-9934-4a9b3a83ffa0,very nice 👍,5
ce3a4685-7ca9-487b-829c-91debd97cafb,"i have been using instagram app last two years and it is a good platform for content creation and spending time on new things but since the last update i got frustrated with Auto translation, i mean what is this, most of the reels are now auto translated from hindi or the original language to English or Bengali and i think indian audience do not need this cause almost all the Indians knows hindi well, so i think we don't need this and i request the developer to give options to switch language",4
948fbdb5-b294-449f-a67a-a1137461908b,I Love you Instagram 🫡🫡🫡,5
1020b811-6904-4ff9-a848-577b26188494,sabse acha app bahut acha,5
5085bde9-567a-44aa-88e3-7b797d747728,this app most helpful talking with friends so I love this app,5
7133aa3f-0fa7-4934-8c52-c4c73ee92aff,"Wish I could rate it in negative. I've reels on my page that am uninterested in and reported multiple times, I can't share a song from Spotify in the stories and it FREEZES—and I am literally using a brand new phone. I am unable to upload a reel in my stories instead of a post. Half of my reels I uploaded earlier have vanished for no apparent reason, everything is going wrong in Insta. Alsp, meta has started reading personal chats—this is messed up on various levels.",1
72509359-7fc8-4f72-b6d6-d81b1aecf346,good experience,5
92ad6f90-c4be-4f8b-b4ab-787c8d2e70f4,good,5
b6d9e20e-a64d-4650-bedc-e4989392adcd,i like this,5
d0e23765-040d-4803-9376-8eb92a29276e,super 😊,3
911a0520-c420-4b2d-9e8a-33dfb8e45f5b,Nice app 👌,5
88a178c5-c1b0-463b-8cd6-7cc95cc0d26a,"very bad app , not a single girl accepts friend request and neither replies 😐",1
dbfa1038-b01a-458c-ac09-a2adacf1e406,love you app,5
fa27b19a-52e2-47db-a562-d2c6097522f3,the algorithm as a whole has become worse than it used to be its like half the things I see are stuff I'm not interested it's very irritating,1
e064e6c5-8448-4fc0-817f-2524c52bf384,"please change the design of your notes .when i upload a note it looks like I've got a clown nose(the grey dot is right on my nose),and I'm not changing my pfp......instagram please reply or im reducing the rating",3
611605ad-c5cf-4f4a-ac2c-6d6255780e16,good good,5
806ea04e-825a-45d1-8043-a47e1fca9301,🗿😏👍,5
676f46b4-f29b-414a-ae3d-e84c4e06f407,good,4
068bc45b-8678-46b4-9dc3-c487710b1b78,"This app is full of ads, more you hide or report them, more of the same ads appear, especially online gambling ads",1
fb525237-8090-47be-87b4-99614741011a,much better,5
b3877268-a550-4f36-bc33-9df681a477b5,it was best,4
e49c20a5-e237-4465-b124-eefd5d115f60,please support my page request to Instagram,5
16075158-42b2-47f2-99a1-25a27b4cecfd,my account is hacked,2
b375c748-4302-4f87-b213-1580948771f2,i like features and we can communicate our family friends easily through insta,5
d6ae76c5-7bf4-4dd7-aa78-ed39bce7c5ac,Instagram had been suspendenging my acc for no reason and i follow each and every rule from 7/04/26 to 11/04/26 they blocked my 10 accs whyy are you mad or something else huh ?? my insta is name is gottaluv_harsh,1
a63f4ebf-36f1-4f43-8132-3b432ed53c67,the best app I have used in my whole life,5
284f9948-2cd3-4ee2-9fbc-b13fb9a1639f,plz remove daily limit,5
fda90922-4285-4b84-9bca-13fdbc981d6b,excellent 👍 for me this is aa easy way to time pass scrolling reels and enjoy it💕💕no other app like that 😉,5
ed45c0ca-38e0-4964-be16-cd8fcf282f8a,okay 👍,2
803bf689-0549-4130-b681-c563f01b3e7a,"Great platform, run by Karen's They severely limited my account because of a word, a single word. Not offensive in any way shape or form. They shadow banned me & now my content doesn't reach anyone even those following me. I'm banned from going live for a year!!!!! ridiculous. I tried to appeal but heard nothing back. There is no contact us. Just arbitrary rulings by their A.I. This is definitely not a free speech platform.",1
af09d545-c9b1-4141-8d3e-1982b3e2f444,nice app,5
29915615-6aef-44ba-90cc-517dbd8d5a77,unable to subscribe to anyone's subscriptions. fix thiss,1
acd9e738-157e-4489-a2e9-da1bb6c58ea0,super,5
c1f6a190-79c6-4996-b08c-81a738073783,cuteee 💝,5
2a51b6fe-94c2-4c32-8b4a-c399f76fb39f,very interesting app 😁,5
9a8d32f1-3b0f-4613-99c2-c271c3b64745,can't repost anything for no reason currently.....,1
7b145d2d-003f-4e1c-bd14-5dc0906cf38b,its nice,4
34fa0626-3323-4809-a4b5-f6bd95ccf685,why canara bank app saying your app is gateway for Fraudsters. please talk to them and shootout the issue,5
eecfa13e-9f2a-48bc-b8a1-6c7197111d25,insta is my life,5
42448ce0-156d-42ec-8713-8dc0f4052f1e,People should not be taking a screenshot or screenrecord about your content. It should be only shared depending on their privacy settings. make it the same where it is unable to take a screenshot of a sent image of your contacts. 😞,3
cf716148-8236-45c9-9017-60e394d881a4,your good 😊 thanks 🙏🏻,5
014ce3a2-bb58-4e41-806c-f4418fcee735,🙏😁,5
dcf56048-1cae-4422-aad1-695656980247,bro my id hack 👿,1
d9d9e278-e20a-49bd-bfc3-16bc04cfb32a,good for time spent,4
004e3372-eb4a-46d0-b3fb-e71a65d9be0e,nice,5
68b9cc1d-6087-45b0-a16b-2ff99f47f427,it's a very good app,5
37182a11-8edd-4251-8d25-0ae08612f705,"if only can be possible to adjust the app options in the main menu ,and make it optional to activate reels.",3
1c9a7f74-0b6e-4f80-9b76-f765278bd951,🥰,5
b6022a6f-3817-457d-899f-c721f23dcaf6,it is good ap for timepass,5
65e66c1c-ef3e-4db6-9010-10a5bd074416,"Instagram is so cool.I like it Reels are so cool some reels are Cute, funny, beautiful, and help full. I like to chatting with my friends. I think Instagram is best.",5
6aa5dc32-c5c3-4123-a10d-5b267a907498,so fun,5
d10cb278-853a-4688-bd12-d367da0caf2d,"I updated my IG three months ago, and now my feed is messed up. I don't see any of my friends' feeds that I used to interact with daily. Now I see about 4-5 people's feeds that I don't interact with, followed by 95% ads. When I refresh, the same 4-5 people's feeds come up, or it says ""show older posts,"" which still displays those same 4-5 people. I tried refreshing the following and favorites.",3
bc2757c6-ed5e-48dd-a139-eaeca1180611,celeshit,1
91b5cc7a-345a-43f1-bb38-2538894a75a0,super super,5
33432ddd-5f89-42a3-aeff-c2a65b4dac89,👍,5
198d0338-2a75-4297-bb43-dc723b8875ea,Instagram deserves only 1 star because it have no urdu mode even all languages available and also hindi is available .,1
93e7e8e3-fcbd-4a7c-91cb-20681b7a1de5,reel viral,5
40f89d78-4c30-40cd-8ce8-b2dcfb7aba81,حسبي الله بس كل ما اسوي حساب جديد يتبند من غير سبب و غير عن العنصريه بذا التطبيق و الناس الي تجي تبلغ عليك من غير سبب و اشخاص بل امن السبراني يدخل فايروس للتطبيق بحيث انو كل ما تسوي حساب جديد يبندوه خير؟,1
45f8758f-0bfa-4daa-91e7-38e4cbb24bdc,good app,5
981407a4-9918-4e68-8020-c3b46265f456,my id's suspended ha gaya hai please my id's recavr,1
45ca6663-a1d8-41da-9f44-789acc0cc0b7,my problam no views views under 1k-2k plz help me,3
8184bd8d-ad0a-45d0-81ca-cf4263320884,good,5
9177dfcf-5fa4-41e9-b796-df82d74ef293,super,5
1561edec-1ce0-4ed6-964e-1ca8318ce258,it's perfect,5
fe70f617-a3c5-48e2-9f57-f1695680eed0,don't use this app it's disabled accounts without any reasons ...,1
cf994c47-9801-4ae8-a717-72271c3a135c,songood,5
eae17ce1-8a2a-4968-86ae-67ccf1038c30,this app is so good,5
68c02a5f-2534-448b-b9e1-fcba5567505f,Welcome Sunday Mornings,5
ca4cde61-ec45-4a36-8b2e-3a9b87239475,god Nice 👍🙂,5
7ee62113-5667-4cc2-b0da-2a5d54b98ca1,"Lol, suspending account w/o valid reason??? That's insane",1
12fd0a40-dd9d-414e-a1e7-398682798ac6,very good privacy,5
2ad31397-9273-4e87-9716-098f804bfd49,👍👍,5
5121affa-1871-4b00-a1c3-63d5c2cc80b1,epic,5
8e2cbdc1-1663-48ca-b861-8ab797756efe,Nice,5
1e86679d-c4ae-448e-a3f2-2b46bd3ec0c8,"would give zero stars if I could. your app and monitoring/report systems absolutely SUCK. there is literally ZERO ways to contact any kind of customer support. I have 3 accounts, for my 3 different hobbies, all linked to eachother, and yall have banned/suspended them numerous times as apparently ""they go against the community guidelines"" which it doesn't, the verification system to get an appeal to get your account, it still wrongly bans them. give me my accounts back.",1
53473794-0ff7-45dc-9872-c89db8f3dbd3,bhai jab me story lgata hu to mension ho jata hai lekin vapis nhi aata,3
436abebf-323a-471c-b65f-6110c15762b9,mast aap hai,5
649ed048-829e-4682-87f5-d56aafe9b625,great,5
3ee880e4-fa2e-4d85-968c-42555898d626,Nice.. 🖤,4
04046687-99bc-457f-979a-fa547fd1399e,it is very much nice,5
ba388963-a622-4f50-8ffb-3fb538e47283,this is best soical media app and thanks for meta company to provide this app in free this app are so useful we her talk with other and very funny sad intresting reel are in so this app is greatt💓,5
8bc25879-27bf-431e-b5aa-dd22e812fafa,😊👑,5
e086c802-b479-4b31-ad22-756a250e68dc,don't have live on Instagram,1
70272f67-f689-4964-bbec-0c4cc05dc697,please support me viral my reels,5
1bd9bf9f-5b83-4709-b135-6ab1a1e44527,I have been uploading videos for the last one year but I don't get any views and my videos are not recommended to the unknown public.,1
392ef721-f673-43a4-bfda-2171dc7a9e3e,time pass,5
748f6251-3f5a-49a4-8c3b-2f5b3c332da2,in nutshell perfectoo,5
efc9ca44-4595-41be-b975-408b132614d6,best aap,5
80bf4e93-9a13-4445-a08b-e930fe5ff21b,💙💙,5
ceafd51c-df01-4281-8029-0b2b8bd330d1,🥰✨❤️,5
7e26a31c-3b5b-45b5-925c-114896eb8b6c,"Please, PLEASE meta add an undo feature to archived stories. Plus the app has so many bugs like messages not appearing, audio being played even when the app is closed and stories disappearing from archived",3
6cb32040-f6ab-4af6-9f87-3958a0342643,indian app is best 😘,1
d5353430-bf46-4d54-85b9-a61a3d3660d9,me congretchulation 729 follower Instagram thank you ♥️♥️,5
63ebfb53-0f7d-4f06-95a5-1ca24a98c6b5,it's very good,5
5dd69d27-c2da-4ef9-8288-7eceffaecd70,video viral kar do,5
6083c33f-ba8b-4ecd-ab72-5f4e5d349d62,Now there are ads on reels... they are stealing your privacy to train meta (even if you send the request they ignore it). Meta I do not consent to you using my photos and information to train your AI.,1
6c4d1ba8-5c33-4aff-8993-92e5e2bbadbc,It's good but without any reason insta suspend my id and I was having so many memories in that once he will suspend it will never give access to re open,1
bdce8aac-8c89-43de-a756-661de7ba4b5a,the very best time pass aap,5
c4175dc1-d904-4d49-8a4a-7acae2464c61,💞💗👌👌,5
c3e31b6d-5d35-41da-aaec-9a17b5cc8282,I like very good😊,5
4cba6570-60ea-431c-85ad-d4cde8b850b5,very good app,4
79540577-a778-4d8e-bfdc-1693c1385d04,keeps stopping 🤷🏼‍♀️🙄,1
a3860d69-20b2-46c6-925d-50b1227fad65,"it's the best social app ...I really loved it ...all the things are way too perfect , it became my favourite app 😭, like yrr itna awesome kaiseee????",5
fa763525-bc83-4d79-b80f-82e16d705d67,please sport my profile,5
c5c75563-feb1-4973-b8f6-23e1f02948da,"soo nice app ,☺️😘",5
7273f921-90b0-4598-b585-075ff83a504c,Kuch nhi,5
038061b6-4d61-43c8-ae89-3c1bf5bb3a03,MY ACCOUNT GOT SUSPENDED FOR NO REASON AT ALL! this is the user: cassiere_1 WHY DID YOU SUSPEND ME BECAUSE OF A MYDAY?????,2
8c1434d7-3f72-452d-8f2c-a7cb9dc2d801,bohot accha hai ye app ise ek baar dekh le to iski lat lag jaati hai fir phone chodne ka mn hi nhi krta fir jyada phone use kare to mummy daat te hai😅,5
46867596-ad33-489f-9ff7-e4164d0c78dc,"I have been experiencing unable to repost, i already file a complaint about it multipl of times, yet they're not fixing the issue.",1
4a5f66ff-f040-4852-9f34-44519ffea83d,great,5
972d35dc-f513-4730-aa21-b6ad5ab26a39,nice,5
2eefc004-0e70-4c1a-9188-763aeaa504ad,☠️,5
7d9cb5d3-89b0-40a8-9c31-223c86da1c06,Instagram please you my I'd am pathan 444 par followers badhane hai pls your my help karo,5
c2a2e05b-76e0-49e1-b42c-6256c08d073e,can't use threads,1
5c09bfd6-3522-40aa-aaf5-abfb1d2a0981,nice 🙂👍🏾,5
68755a8d-c8dc-4910-9378-e8b257cceb83,iam Happy 🥰✨👍,5
712d506b-67f3-4caa-9fde-4f6b716a4e13,bad 😞😔,1
1de55cea-1038-4ad6-9762-cf4f1171ec8e,beautiful,5
e94a9a14-a44b-42e7-bd84-d1baa48c2271,best app,5
3f840533-a6fe-40ee-b5bb-43d5e61e3a1d,Nice,4
ad89df11-4c9e-49da-acc3-b2783cc8d4a3,good,5
4d01ff72-f3a4-4302-8b46-38af0274a7d5,its good but it keep increasing its size in my phone,2
ac98dd46-f5d3-437b-95e7-6c73ed6e990d,Chal kiu nahi raha,5
14a0acdf-edab-4e72-87cd-9864542bd230,nice nice to meet you app to the launch 🙏🏻🙏🏻,4
893c2d65-eae5-4fba-848c-2ab270662f9b,💯😎,5
2b36d744-9a19-41bb-ac22-082b838bb2b5,nice,5
369d68d8-8ad7-4c1f-9027-d455d38e17c4,worst app 😔 i post daily memes on instagram and followers is 117k all real followers but instagram suspend my I'd 😭😭😭,1
f80cd78b-3f52-4472-a32e-0e98c524ff14,yes I am very happy On app of Instagram .🙂🙂🙂🙂🙂❤️❤️❤️❤️❤️,5
d5e86c84-997d-4674-b0d5-ee975329f768,बेस्ट ऐप्प,5
cb808979-b7b2-4db6-bb65-c1d4a0229751,Instagram is cool,1
a23e51b3-aadd-4665-8e90-f9f0fa366ab5,nice,5
409cda35-69e2-4cfc-9ec7-39a0b9e50522,very useful Good 👍👍👍,5
c8187734-3166-422a-8d6f-2472bd2ec091,nice experience...😊,4
a062b21b-c5ec-4ca0-a4c3-c736c0deb78e,Plzz have some new updates it was interesting having new theme in chats,3
c31c9b5f-342e-438d-8267-712e0040c46b,I feel good,5
d17713a8-ffb1-420f-98b5-c1fa1aec83e7,good,5
3f9f33b7-87e9-46ba-b43f-4b11a0aa5fa5,mere video par wiws nahi aata aur na viral hota hai video mera chaye kitna bhi accha video banaye fir bhi.. please help karo meri video viral kr do🙏🙏,3
5fb17279-2fdc-4f81-b965-df754ccec2ae,Instagram is the best social media i have ever seen in ny entire life.it connects us with others i love enjoying videos I can't say any bad thing about this app,5
7fbcd0c4-40b3-4704-b2ed-09df74860afb,But one thing disappointed me that was I have not friends option in reel section.,4
d070a53c-b795-4110-a06c-a0296a467d23,very best app I have ever seen,5
3f13963d-0014-4b82-8c3a-74b510c43698,nice...,5
2dead8e3-fb27-4852-bad7-859effac7821,😊😊❤️❤️❤️,5
20c08d2c-8051-4c1f-82d6-aa71a18cd9c8,🥰🥰🥰🥰👍👍🌹,5
bc9cad74-be86-4f43-8bfb-1e3398bb95d0,"Had to reavalute this rating form 5 to 1. Support is all Ai and if you get in contact with a human, it's almost impossible to find someone who cares enough to actually look into your case.",1
d36ae815-efba-4307-bfac-61a95897a610,good,4
f882e3b1-f770-40c2-a50c-c40e1eaebcab,distracting,1
5c02135d-fafb-41ac-a5e9-bc6ff5d46103,this app is world's best using and usefull apps thank for instagram team,5
8c1318c0-49f6-4ca5-8782-a1847a1a1cc8,suman kimar I have been waiting,5
7b07af25-30f5-4aa1-8733-d11947f2ce49,wonderful,5
11c1f93a-8906-4f05-b127-189cab1ede9a,super ☺️,5
84c2bbe9-addb-46c3-a2f8-df5bf2e99fbd,my device got blocked! everytime I put the password it shows incorrect password and when I'm trying to update a new password it shows something went wrong. if I try to login my account in different devise it login very smoothly but what is wrong about your security system needs to be improve,1
2e8cffff-1ec5-4830-abbe-99cd53ab7981,nice🤩🤩,5
026925f2-dcd5-4469-9508-005d28ff3a6f,must be in 18+,2
13e9c2dc-cc79-40f1-b96c-43173ddc737e,it's good flatform to connect with our people 💖,5
d5ab93e0-413f-456f-8b53-62fe768a17a1,It's very nice,4
3d13015b-814f-4bc0-967b-c420df7e898f,this is really good guys,5
b8acc2ef-f2fa-42d2-9d08-f4e225ff93e4,Good to use very cool,4
0b3b61ab-4bd9-422f-861c-0501f321048e,Its great,5
928f8e9b-6a11-43f5-ab0a-74ff92c7521c,get your mood better 🌸,5
6bb87b97-7ab3-4d10-9f39-0dd9fbe7ca5f,Good,5
cd6c79e3-6a5b-4758-ac2c-3604cb286158,Insta is uptop 🔥🔥🥳,5
9bdc9561-dc71-4ee6-9d9d-508419e3789f,ok,5
4a7c3aac-a2d7-49f6-a27b-8b98c93286f0,very good app,5
2bffb354-b112-4691-81a7-c857f14f9105,💝,5
c9edef29-2543-4a7d-8b49-117fc55d7e54,thank you,5
9d7d16ba-6709-45f8-a148-779ccd6de5d1,Nice 👍🏻,5
8f4ea623-0bed-48d7-976f-d27b476ae6ba,it's good,5
117edb36-8b7d-471c-ac03-adf3e507726f,good,5
0aec4627-a1b2-4cdc-b95b-63ba8d286c20,instagram download,5
95373b77-586f-4b94-94ac-f4d7f973fe7a,I like instagram,5
d9ef5fb3-b09c-4542-93b4-dfa97c98b67a,I love this app,5
79e14fb2-75b4-4ebc-b966-86b4aaa7cc4d,for some reason I cannot create highlights bruh,4
2cb1a3c8-8194-467e-8cb8-d834ac056c45,it's very amazing app.I love scorriling instragram,5
b0796896-82c1-4065-abb8-315a64a937be,hmm bhut dost mille mujhe iss app sai,5
187251bd-eb23-4dbe-8514-23ce158ee847,Very Good,5
f8480d16-2aa6-4729-9601-88ba6cce5999,nice,5
19acb74c-cd01-445d-9986-017e85faf26a,nice,5
b7d6fbae-d48d-4774-a9a0-3580db98ecf9,love this app but my account is not reach I want to be famous Instagram help me,5
83881f83-6926-4f6a-8940-ed3fd4715188,video acche se download ho raha hai aur views bhi bhag raha hai,5
433f1121-63ef-4b3f-b6c0-5e71ed90799e,Instagram par not post show problem,5
fad7ffc6-630d-4ae2-b202-8156c04c7f5f,ओसम,5
7b1c52e8-c323-4eba-ad58-8ddfdcf9683a,ok,3
06748b97-122e-4eaf-8cb3-0ec83bee38a0,please error ko thik Karo jo login me problem ho raha hai,1
9006198e-1058-4e5b-8558-9522d1619632,op app hai,5
595ab1b5-d230-429b-a133-ce232a040a0f,I like it,5
8d50668f-9f1c-46a4-994b-4893ae8dd6f0,Nice Experience,5
d47d5b55-195e-4379-be78-e2102d1c342f,I cant change my password fix this right NOW!!!,1
9cb5cfb5-10aa-4d4c-bfe0-47cf7648f98f,this app is very useful 😁,5
b724a567-42d4-4327-8b21-7883d1cf6c41,good,3
007c869b-2897-4241-89b8-e41359e03c4a,PLEASE MOVE THE ARCHIVE STORY BUTTON A LITTLE BELOW THE DELETE STORY BUTTON. I accidentally archived one of the most important work related story just 2 hours after I posted it. Such a hassle.,1
af09d463-13fc-4265-9fda-868654a207fd,good,4
ea6102bc-85d3-4e69-8c8f-3dd99c1851dc,best app,5
9a442b55-d7f2-4dc7-b261-9af7a3735927,If not no 1 is the no 2 best social media platform.It has so many great features allowing users to express them selves 🩷🙂‍↕️,5
991e3534-fb68-4846-8fe7-c1ec2d23cdb9,Its the most complete application,5
d2ba1fc9-f58c-4476-89b5-1926714c14f1,❤️❤️,5
21cb21d4-8b24-485c-ae4d-7768b296d6bc,osm,5
9d6063b4-a25a-4275-9f8a-f0b8b3e3df52,very interested app,5
f12c8005-94bb-475e-aa26-cd9c77174ffd,bahot bura app he is loging nhi ho rahai,1
224edb4d-3790-40c4-8550-8daf6e6040c6,better than YouTube....,5
fe152625-0868-4009-9d63-e84fb72dcd41,"very bad app to many glitches.and bad side effects,do not install",1
068afc03-afcc-427e-ba12-7ee409bbc853,খুব সুন্দর একটি প্ল্যাটফর্ম,5
837cc435-3fe3-41eb-8019-8967c8e8c85b,wow ☺️,5
a4628395-95bf-46d7-bcbc-238a8cd09bc5,nice,5
565c6de3-6571-459e-ab1b-1ecc906ae8e8,it's lacking,1
aee37426-07ea-43f1-8ea5-166865f1f531,"app is good but I'm having a problem of my account getting suspend every freaking day, please fix it or i'mma delete it😭",3
68f90de3-371c-429e-849c-10f70bfaacae,plz 🙏🏻 mujhe bhi viral krdo,5
012e47e8-280f-4c5c-9650-7b2948e0a495,Bro this app is a ten . Better than Whatsapp at some point,5
a4643dca-856f-41d0-bd8b-6b1830bac1a8,Instagram has been suspending accounts for no apparent reason and customer support isn't replying to emails and fixing the problem in the account's appeal. I have encountered people who have lost their account even while the account is new and had just been made. I hope that this can be fixed as soon as possible and that the accounts will not be lost.,1
e9a819cb-a608-4c92-b5bd-0f0a41944123,i like this app and i hade so happy it has beauty full shots,5
3b0c62c9-52e9-42b3-a8e3-d9010eddceff,👍👍👍,5
301debf1-b432-4271-9006-06e9fe3ddb7d,most famous and easy use 🥰🥰,5
aa8ca9db-b639-4194-81bb-064389f0ed4b,very happy to use Instagram,5
b472018a-0792-4b08-877b-9ade10c47982,super,5
87f0abc5-5b65-4a71-981e-85883de1a24c,جميل,5
33abc952-42f1-47c7-95c3-726859e32495,very good and supportive,5
800c1ba6-c551-4b43-8acc-dd8323bc4949,good,5
5c463c02-9ebe-4f03-89a0-ce4a510907e3,cool,5
98b4b1bd-b32a-4aef-9ba5-874beeb2cfd5,Awesome,5
327e2f7c-d507-405f-ae43-9e1adaf8c609,🔥,5
0f5e1bed-e81d-4eb0-9b12-395c4dc7f840,very nice aap,5
36ccd1fc-d394-4130-abde-a2a71e19b5cf,good 👍,5
98a8f363-6a14-4fed-a4bf-31aa59f70690,don't like,5
f2a8b6ba-2b79-4d7a-b321-506e1075a340,stickers and gif takes for every to load (10 min)🫠,2
66bd7c82-03ad-4a4f-80c7-c6f796f1e632,love it,5
fa113234-2390-465c-ab4c-7370e708e443,The music system is not working in my profile please fix it👍 itz___harsh___kk_ my id,5
d4692d10-2b11-49a6-b106-26ac2a0787dd,Free & easy,5
efa7c025-6b07-4214-8213-7455b87ce9cc,Best app for me,5
abcc1949-0bcb-4ed1-82d6-3e9f12c4aabb,good,5
0ce25fd8-59e1-4b36-99a6-590b765d9f8c,doomscroll👍,5
98073b60-7a88-4a91-a65f-391cc4a25fc1,this app show more ads 😡😡😡,1
c903ac5f-3cad-46ee-8152-eb3c6fbdd854,One of my favorite apps,5
3b5d73dd-9d59-437b-b5a2-9f7238867983,The great app my febrate apk,5
69ef9869-2241-49e3-86ea-edd3007104a6,nice 👍🙂🙂,5
a2b876ce-8ca4-4244-97c7-9ca58a905280,Ai is so irritating its not good can you plz cange it.,1
5bb063f0-79bd-483b-b4a8-e2ed1d552087,I 8 U! U SUSPENDED MY ACCOUNT!,1
f7be2766-22c7-4872-9866-54b369487c21,I like it so much but I hate the fact na they're deleting some comments on my ig story. Fix it ig pls,2
ee1562c7-dd34-436b-b65c-134e95887bd0,can't login back . trying sc and verify video still none work. why can't confirm i link with all meta . pota,1
6b8f7814-a312-40fe-8c75-2cf85de132dd,good app,5
7ca415b4-132b-4795-834d-432a68ea8c13,very good social media platform,5
2ec7278a-f261-4582-9e63-b0f8f863c05f,good 👍,5
e70e6736-7495-4338-bcaa-794566b6d327,good,5
a27d7d57-30ef-4d8f-9c0e-2b81a7b88b50,good,5
59ff4314-0e0e-4091-a899-d728dfc642ac,best app for me,5
3fa2fbb0-43d8-4eb8-83c4-2fa1a9869bac,Instagram is very expensive and enjoying app. so Instagram is the best app.,5
bf2c0758-34e3-40d0-bb19-0f1c4e091bc3,🔥🔥🔥🔥🔥... no words amazing 🔥🔥,5
1a8b2454-cb70-4fee-8b1e-7cdfb15570fb,stupid app,1
e6c7fbcc-7495-4e92-a9ad-65079d128614,"In this app, the Followers and Following lists match, but the displayed numbers are inconsistent. Please fix this.",3
963286ed-fd8c-4a56-8f15-e4ff890a0b90,"If you want to join instagram, get ready to have your account suspended suddenly when you've not even had the app for a year. To be honest, the app is nice. But this morning my account was suddenly suspended and I lost contact with all my friends (I literally did nothing). I made three others, they were all suspended",1
aa0b707c-5d1c-4c01-8eb8-9530a7b6669b,good,5
c8ea2859-b056-489a-a3d7-b67d44801852,They disabled my account even though I wasn't doing anything.,1
3116a0c1-e160-4d1e-938e-7cc0da0e72c2,❤️❤️,4
0dc4078f-73ad-42f7-9b70-26f8fb4c1942,no reach,2
8461e129-6b6f-4b8e-889f-87ded3c1f4ce,Just download the app.,4
e30d4e35-c3a2-4dd4-8ba9-cd4fcd649e02,❤️🎀,5
de79dc85-7492-4de2-80be-03f84f0c99de,Best,5
5b57830c-c872-4152-801a-d28d07e749cd,good,4
45e3435c-6d90-4974-a6f4-a2643a9107f1,best short from content app,5
29b11645-4059-4a9c-a3e1-dc1526a900b5,𝐧𝐥𝐜𝐞 𝐚𝐩𝐩,5
899feed4-63d8-4da0-bf57-07dae412ef7d,that's good,5
3968a6d9-8c3e-4eaf-bb9e-b4dad7614079,ise band karwa do yaar,1
199dfedb-90f2-4392-8e80-d5123f228e24,very good,5
a35c4ae9-6bb1-48af-9ba1-1a4c72273d58,very nice,5
817be2f3-46fc-4bfc-8677-388e17136d98,The bad thing about this app and the reason I gave it 4⭐ is bcoz sometimes it makes me keep scrolling to watch reels for hours at night.,4
4d7fb780-4019-47e2-a867-bba6e1eea1dd,thatssss soon coolll,5
95cbba7d-72bd-4936-bf76-26d9d96abdf4,MY 3 INSTAGRAM ACCOUNT HIS SUSPAND NOT RECOVERY ACCOUNT MY,1
bb71d6cc-13a3-4f2e-b922-556ac62406dc,Well app and enjoying,5
5f6e5245-1c02-4650-bb46-ba925582d208,تطبيق رائع جدا لو عايز تبدا صناعة المحتوي 🔥,5
c2346e32-8290-4343-bb1c-dc7400e17139,nice,5
9dccf0e4-bb4f-4d78-9163-e618e9851e2d,nice,4
c7c14b03-f73d-4a52-a61b-2ee913ec58de,like,5
e3f3fe36-6fda-472c-84a9-8d9cbcd0706e,good,5
b84c42bc-db26-4bca-b3ba-6f7f660e1c47,Good,4
af6e185b-69e4-4b7c-b50d-94644fb79e45,Friendly app,5
2ae82ec3-efe7-4d3c-814e-97bb28ef003f,mujhe koi update nahi ata instagram ka 😤😡. or bhi bohot problem hota hain plz thik karwa do 😭🙏🏻,1
930e26bd-12b4-4192-9d33-df208131807d,Very fani,5
62ce92db-d22e-4d66-8c5b-dc9086b83431,good,5
6fea6ca7-3388-41eb-91c1-0028d9b22ec1,love you lnstagram,5
0d192c00-2ac0-442b-878b-54f491fb5eec,osm,5
6e4cfd83-53e4-48e9-af81-d7f9605902de,most welcome,1
4ad45979-5a6b-4efd-85a1-aed284da62f3,w orst app,1
bbf0fbf7-4ed7-4a3d-879e-dd2312689994,okay 👌🏻👍🏻,5
137dd799-724b-463e-8c8d-16e8da1a1eb5,awesome,5
89902ace-e840-400b-94fd-630732f7e68a,Instagram's close friends feature for posts should be made better like WhatsApp. It's irritating to select every one you follow in the close friends list just to eliminate one or two. Please fix this.,3
d4d68abc-7fb6-49c2-8099-9ad31fa27a54,SUPERSWAGGY SUPER-FIRE AND SUPER DUPER! 👍 👌,1
448eec96-a192-4669-b24b-7e855ae138e5,👍,5
decaaa5e-b9ca-4a37-a44f-313b4c3bbbb4,"I love Instagram for the community aspects. Hashtags are worse and hard to find recent things on, but more importantly, the ads are out of control. Even marking most ads I see as ""I see ads too often,"" I'm seeing an ad every 2-4 posts. That's an insane ratio to content I have actively curated. The very first post I'm seeing most of the time is an ad.",2
30fa7aea-178d-4b18-b1fc-0804e49835d3,i loved itt,5
79701d4c-2090-4916-9de7-705d86b25e2a,isme block kr dete he,3
d2ed0a65-25fd-4d4e-aa9a-db3d8e24f0e4,bikar app h lrkia block krdeti hen😭,2
01c0990f-7ff5-43d6-8f9a-24142e2ec9ed,good,5
6b40808d-1fd2-414b-95a0-c08f5995f455,it's an good,5
57ac7d68-7656-4be2-b264-84cfced38383,i love it,5
cd345e26-4422-440c-8cca-0b17c7761722,😊👍,5
54a757e1-158c-4933-9fac-c1412583277b,good for me 😁,5
ea604d99-fc0d-4df1-97aa-456ec0daef14,nice good,5
638e03c6-ede0-4597-bcc5-9656c0a983d4,I will fun in this aap,5
5520047c-79e0-4b7b-b2d0-f6421412aeda,Honestly a very entertaining app. But not the best for small children like below 14 as it contains many slang words and dirty minded things,4
303309f5-76ca-44cc-9870-8a7cb41275c7,highly recommend,5
fa6db7eb-e49a-4419-80e5-95694935467c,hello instgram I have reported so many times you didn't solved that problem please my post not taking tag people name..so please fix it,1
2ef2f889-6836-42c0-aa12-bd1268980a68,yes veri good in intagram,5
a634318d-ea8c-4b52-9fb4-e2ef0998783d,very good app,5
07a66b86-82be-416c-895c-386d5da0de14,ମୋତେ ବ୍ଲକ କରିଦେଇଛି ମୁ ବଞ୍ଚିବି କେମିତି ମୁ,1
b53ac1ca-2c7f-411e-b4db-fe20f0a30ac6,good,5
2bf8dbd5-bac9-4a2a-8cdb-856d3938691a,this is like so fun I just love it,5
48de71d2-2348-4906-818a-92570adc56bb,very best experience,5
b9454c6e-a49d-4d67-9755-e48bd63ac424,why am i not able to get any updates😭😭😭😭 why only me.. will no one respond😭 please 🙂,2
913122fd-ed4f-407d-bb66-5a44f7a1904a,this is very good app I am using this full night from 9pm to 4am,5
089fbf22-ac7d-432d-84ac-2e512ea7181c,too good,5
b88bef55-b449-4a2e-8f2f-8e447eb68460,it's a fun app,5
2907066c-1972-412c-9f29-945308ed2a3f,Zindagi ghand bahut achhe se kr leta hai ye app aapko bhi krbana hai to abhi Download kre !!,1
f6a54fb9-2c1e-4155-be0a-844d9cb4e86f,good,5
247345c7-3851-4adf-a621-7c83235f86be,very very good 👍 👏 👌 😀,5
c2e526fe-dddc-4965-9830-5b640e8da900,"good good, gausah dubilang lagi lah ya. oke bgt ini mah",5
22585a12-e697-4148-b7a3-d9ef1c4c4d27,switch app to public account,5
25841645-2c6a-48f3-b94c-c78ae9d55589,suck app ever,1
ae401e0b-b4cc-4357-8632-0e8f147f4c43,The best,5
40664570-2755-4fed-968f-d6d0781f5c10,"Instagram isn't working perfectly here in Nigeria,they always kill my account",1
a225f309-eb8c-4871-b8b0-e54c6b6ccab6,mostly use this,5
83bd08d1-0e2a-4f5a-a4d3-5be77442cc79,wrost app id suspended with fake reasons,1
07763a87-aedb-413c-a9bc-e03cd85c24ac,very good that's it 👍,5
861f8668-e159-4324-8d2b-41402dde0eb0,good,5
378da4eb-1a34-4937-aded-6ddff6a7841a,⭐⭐⭐⭐⭐⭐⭐⭐⭐⭐⭐⭐⭐⭐⭐⭐⭐⭐⭐⭐⭐⭐⭐⭐⭐⭐⭐⭐⭐⭐⭐⭐⭐⭐⭐⭐⭐⭐⭐⭐⭐⭐⭐⭐⭐⭐⭐⭐⭐⭐⭐⭐⭐⭐⭐⭐⭐⭐⭐⭐⭐⭐⭐⭐⭐⭐⭐⭐⭐⭐⭐⭐⭐⭐⭐⭐⭐⭐⭐⭐⭐⭐⭐⭐⭐⭐⭐⭐⭐⭐⭐⭐⭐⭐⭐⭐⭐⭐⭐⭐⭐⭐⭐⭐⭐⭐⭐⭐⭐⭐⭐⭐⭐⭐⭐⭐⭐⭐⭐⭐⭐⭐⭐⭐⭐⭐⭐⭐⭐⭐⭐⭐⭐⭐⭐⭐⭐⭐⭐⭐⭐⭐⭐⭐⭐⭐⭐⭐⭐⭐⭐⭐⭐⭐⭐⭐⭐⭐⭐⭐⭐⭐⭐⭐⭐⭐⭐⭐⭐⭐⭐⭐⭐⭐⭐⭐⭐⭐⭐⭐⭐⭐⭐⭐⭐⭐⭐⭐⭐⭐⭐🥰🥰⭐⭐🥰⭐⭐⭐⭐⭐⭐⭐⭐⭐⭐⭐⭐⭐⭐⭐⭐⭐⭐🥰⭐⭐⭐⭐⭐🥰⭐⭐🥰🥰🥰🥰🥰🥰🥰🥰⭐⭐⭐⭐⭐⭐⭐⭐⭐⭐⭐⭐⭐⭐⭐⭐⭐⭐⭐⭐⭐⭐⭐⭐⭐⭐⭐⭐⭐⭐⭐⭐⭐⭐⭐⭐⭐⭐⭐⭐⭐⭐⭐,5
4ba1b2b7-1c58-4a67-ba99-2fa692f52353,the Best experience,5
6892ded7-28d6-4a2e-a231-f1c3a78207b8,"What is happening to Instagram now??? I wanted to change my password but i got log out of my ac and when i type my password correctly it says""the password is incorrect"" when it was clearly correct.I tried with my no. and email the code reached to me but the problem is when i try to enter a new password it says 'something went wrong'.",1
2cd695a6-abbf-42f7-97ee-85839b2a9cf9,What I enjoy so much using Instagram is I can read posts or watch videos from other people whose topics are related to mine. Whom you follow shows what kind of content you prefer.,5
7d602583-6b20-4455-9ae9-3575060e0407,nice,5
e64ee0e1-e485-4d10-bc12-ac4c32728520,Instagram is a very good platform to use as a business owner,5
5c676fc3-db38-4d85-89e6-bca1ad5d4274,best app,5
bc6a71e3-f3c3-4a77-9e06-81e391ba01d0,I like this app very much,5
7280bbb1-5618-4b84-89b0-55cad57ea1c8,very good,5
c2c89266-1467-4869-8672-7b266e72a28a,superb app,5
5433cdf0-b3f2-49b2-af19-bc92905c2740,Instagram is the best video official,2
636aa277-fafe-414f-a97f-8715fc497817,suparrr,5
236e8ea6-cd15-4a29-9c87-18d6d3f7da23,This is a best platform for Social media I love Instagram Because I like Scrolling and uploading reels,3
6804320c-50b3-4d27-8e87-293878d235c7,amazing 👏 🤩,5
efa31660-072d-479f-9eea-64686046de4a,it is just like a bag full of lags,1
623db81f-83cd-4a25-9834-ae1d6fe0c216,this app Instagram very badly app,1
00609bd8-60de-492e-b9d3-c4dd6a37ddbc,nice app,5
7c4134c9-a5a0-45ca-93f4-2c3321e738e3,",👍👍👌👌",5
947c44a3-aeaf-4a68-831e-e57ece32b992,Best application,5
ca6a698c-df76-48bf-9a5c-689d513b6bd4,"Now force-installs ""AI"" on your device with no way to uninstall it or at least disable.",1
62e7bd5f-753d-4b55-971e-6e325264aa39,इंस्टाग्राम एक बहुत बढ़िया ऐप है इसमें कोई फ्रॉड नहीं है और इस पर अपनी वीडियो फोटोस दल के बहुत सारे पैसे कमा सकते हैं आपलोग इस इंस्टाग्राम में कोई फ्रॉड ने कोई धोखाधड़ी नहीं आप लोग प्ले स्टोर करिए फिर विश्वास करिए 💞💞😀😀😀🙏🏻🙏🏻🙏🏻🙏🏻🫶🏻🫶🏻🫶🏻🙏🏻🙏🏻🙏🏻💐💐💐💐💐💐,5
e3a36330-e909-4a9e-b2de-cfd4fef77ce9,"it's really annoying, that instagram keeps suspending my account, for no reason i mean it's annoying? like they're not suspending the account which are actually spam",1
bb1d25e5-1b62-4fb3-9a55-6a1486eb9050,good,5
45760bfd-4ff3-495e-979b-7df5d0bc0660,wow,4
9ca355fc-54c8-4b41-8d72-18f1ee9bc30a,this is beat app that I watch,5
e6f7171b-9d26-48ba-87db-fed6c32fa5cb,very nice bas abhi tak koe ladki nahi mili instgram par baaki to awesome 😎😎👍,5
d48b42c5-a618-43af-8f86-db1ffd487a3d,"Instagram is one of the best social platform to communicate with the people all over the world , i just started posting on instagram , whatever my heart told me to post , however i did not get views ... dont know why , so there i make a request to instagram team to solve it.",5
ddd103c8-aeb2-435f-ac07-428c1d4a20d2,very amazing ❤️,5
bf7b9dc6-86fa-45d6-bee4-997f23ffc55e,"the updates arent regular at all. when i want to edit the cover of my highlights, i need to wait for so long just for it to load omg. and sometimes my chats arent even loading despite having perfect signal. and sometimes i cant see my friends activity status even tho both of ours are on, and the background of my theme in chats disappears bro🫩🫩 this app sucks. (doing anything but making it better) they shld make finding people who doesnt follow you back easier",1
defb5fee-029f-4419-aa8d-f807a8001c48,Best,5
9d511467-6640-46e9-84a7-449225f6322c,good,5
7f1992ed-201f-40bb-8df6-c8dae11c9cf8,instagram is my favourite app 🤗🤗,5
5b067558-47ee-4035-86cc-ee5c0734cabe,I liked,5
6bb75800-eee1-489b-a434-391c0aa76c34,i was using Instagram for 7 years and suddenly without any warning. instagram Suspended my account permanently and it can't be recovered. leaving this platform!,1
e53548e3-7335-462e-b7e7-09ef482a888f,good 👍,5
680597b9-c2c3-4c5a-b02d-41e2e162ee93,👍👍👍👍,5
ac8c2104-2dff-4bd4-ba40-5b592184dcc3,it's very nice,5
91beb73b-e8eb-41b9-8b58-68100846254c,good,5
33e2e5f4-4e04-4d55-8a84-8480c3f946a3,10mb ki Video upload hone mai 30 se 40 minutes lagta hai and upload hone mai net ki speed bhi slow ho jati hai,1
db4190aa-e711-4bea-9918-9642774dec22,rosmiiii 💔,1
9257ac23-a3df-4481-9fcb-c87a0da889a9,good,5
4b65ba3a-8bcd-4e76-8c71-74a56a289749,good instagram,5
bc18223e-0d68-4189-8cfb-47a6fb1a943d,intertenment,5
8707f64e-ae0b-4988-8049-c68b8681a548,i just love this app so much. ⭐⭐⭐⭐⭐,5
e6129684-f78f-47b7-bb60-347ea48d61af,Love you instagram,5
fedd9849-6f58-433e-81e6-9058bcb1ab08,good,5
231f8bbc-870d-4621-bfb0-8eb0ec9bc67f,देहाती,5
a034ec7a-62e7-41f9-89cd-ceddda8a7802,nice app,5
cacce403-4de0-4faf-86bf-244a3de56faf,👍🏻,5
6f19ce30-a6bd-4ca5-8403-160916ac39f2,instagram was very nice,5
4ed63c63-6db2-4610-9373-678c63a8a330,i like you,5
fbf7da3a-1550-4ccb-94c3-51bf091036db,good,5
2676698a-1b3f-4f8c-b0b8-b50f6e5c9be6,good,5
f013e376-7b3e-4df4-9560-797acbae2876,Good app,5
51e6d441-801c-4dda-9a32-73c4116ba272,I love,5
03a15f32-b9da-4464-b615-074d7121a11c,please support me 🥺😭🤭,3
e5a1e726-2459-4dd7-8ad8-7a4868b318a6,the app is toooo good but chat pr lock ya hidden chat ka option hota to aur bhi achcha hota,4
b9fff187-db8d-4bc8-9e1a-feea56bc55c4,this update is worst so can you please change the update,1
1b1c8b47-7df6-4fcf-a3e8-59a76489d174,Adictive,4
5e119ef4-4cf6-48a4-b8fb-ecfbac6694d2,very good app ❤️❤️❤️❤️❤️❤️,5
8aa9c67c-31d3-442d-a69f-311ec77e4c41,nice app for video creators but sometimes some caption got striked by ai in instagram,5
1cf876cd-4ea2-423c-841b-ca88a8649969,best,5
b3eaa8e1-9356-43e1-83ea-bd651bdd642c,best best experience,5
cbfc2ed1-1c4b-4879-9cb2-8ac27ab64465,Great😽💪,5
7b9e0cc0-68f5-453c-954c-2530ac52febb,The app is so good people shares there social life and help you connect with them. You can also post your life style and influence your business or passion,5
38696fae-616f-45fd-b533-5525341ab8a2,its amazing from my pov,5
c449ce31-675b-4dc0-a5be-22a7ab39244f,ek number hai,5
3302476e-efd8-4623-beaf-6701630432e5,supar,1
4de9a026-f509-4d7b-a069-8b12c24ea715,ye bhut zabardast app hai and Mujhy bhut pasand hai ky Mai instagram pr Reel's scroll kro 🎀 I like very much Mai koi bhi aisi app use nhi krti except instagram,5
c118c850-1dfe-451d-88a8-6f3962a14f06,.🙇🏻‍♀️,1
2789808e-fbad-4d61-9859-cec5048c652c,well done,5
0108eacf-5bbb-4a81-8a99-64325db23405,Like the unatagran,5
e6d242e2-51bc-46df-aac4-1bc0c6e0eeb9,💯,5
553d8329-e833-4282-8d03-1a571fc3f688,🙂,5
06068d62-39d7-4734-8363-ea5adeee5451,I really like instgram But since i strated use intagram i didint go viral why me always 🤣🤣 intgram do something for fox khan,5
2a295889-45ac-4e67-877e-502bfda47fab,👍,5
57b2abe5-3fd5-4718-a070-0a6f3dc9b444,Bht acha app h,5
54ec6e44-afad-4709-8e6f-af4855e68ea8,very super app,5
e4e431f1-abfa-4088-bb0a-291b41fdcd2a,this is the best app,5
fed7acd4-7adc-4187-be76-d397bf124d9a,good,5
10722fb2-c98c-40bf-a702-63723d0622ca,extremely good and i'm addicted to this....🌸😭,5
a38e6ffc-81bd-4125-9ab6-bcc7892e07b8,💓,5
78bb6e22-9eb4-487d-adfd-14cc8e55acdd,"""Main apni nursery ka page chalata hoon aur Instagram iske liye best platform hai. Customers se direct baat ho jaati hai. Reels aur Stories se plant care ki jankari dena bahut easy hai. Dhanyavaad Instagram! 5 Star ⭐⭐⭐⭐⭐""",5
660545b1-3668-4cb2-8d8d-51d0cf4219ca,"worst experience! if you report a problem, they will ban you for a times you report a problem😡😡😡",1
db500cf3-4ab8-4a15-85dd-08cc1f71f453,good,5
90b6bc60-e2cd-4733-bcf1-8e0a88c6c385,so annoying every time i hit on a girl her name changes too instagram user,1
49b75a7d-c4eb-4140-b39e-b1e3d77e84b6,best socmed app oat,5
4ef25f9d-10fc-434a-b233-296d60fea82f,bahot acha hai yaar owsome,4
76b46a30-3877-48e0-abbb-a217883fbaed,Good 👌,5
97003535-ce54-4565-9e11-9e852eef9cb5,atleast we can share,5
81c58119-b42a-4018-811c-69fde4c00181,I'm not getting the confirmation code . I have tried so many times it just doesn't come to my Gmail.,1
fea8367b-c011-41c1-9d91-b2c858d86e58,حلوه 😅♥️,5
e104d81c-209f-4e0d-bc12-18222f495253,సూపర్,5
f12c28cb-27cb-405d-b733-15063b589caf,", 🥰",5
1b07dc07-3393-4916-a514-506b655a36b7,good app,3
bec85d0a-5a09-4541-9ec0-7317963df435,verry nice,5
053b451d-ed61-4105-977d-58186776f00d,super,5
bd35d093-4349-453e-82ec-182ccb9898d3,osm,5
dae73789-5b37-46ba-856a-6a64810ea074,I'm very disappointed with instagram app they suspended my accounts suddenly with any reason I'm facing this problem fro past few weeks. fix this bug or error whatever this is and give my accounts Back that account are very important for me.,1
2706b2d3-1834-497e-ad52-215919230553,I like this app,5
f1daae01-fc74-46a9-9db5-67d9d07355b4,good very creative and could you give some more sinhala songs to put in stories,5
3682b1e5-3310-474d-884e-66e04a59f0d4,nice,5
55444e6f-86f0-452e-81ea-e90573a54222,stable and with editing features,5
b00beca5-e7bc-41db-ae36-e6b0206a0d8b,good,5
e8ccd5f3-f4dc-4077-b735-901571cd7660,❤️❤️🙌🏻,5
9de614f3-ab05-4ca6-96fe-742a1044d1a2,love it when I do play.,5
8f7ec8c8-4e10-40dd-809d-e95df0792c92,Time killer,4
ec528c86-c23a-4b3b-8535-10e2a5f6bc9b,Instagram is a good application but I have some problem using it like when I try to one my account in another device it says wrong password i hope they will fix this problem soon,3
84020bb7-a094-4833-8369-5c7e9cf55126,this app cannot have chat lock and is very insecure for kids,1
31dff029-0580-481b-b6fc-bdb4d4b0a2fa,osm,5
e06ffb72-c99e-4145-aca8-fbc195251fc8,goooooooooooddddddd,5
c6926ec9-68fa-4c83-991a-ebca951aca9b,good,5
23636379-154d-4842-8e61-07971a47bc26,op aap,5
8852427a-76c9-4e99-b02e-89287230cb72,Every is good,5
2e3546e6-6238-4360-8042-ec77cb052658,you are best aap,5
600f88a6-5457-4d81-97ab-449225334f11,my Instagram doesn't have portrait 😭.,2
a2f4ec49-64b3-4ef9-9bd3-41091026d928,this is very good,5
5a5deaf2-1db6-471e-82f9-c44472a07f31,very interesting,5
9ae54273-de64-479e-a7be-0a08b133358c,good,5
1262b167-d71b-426a-b4cf-4b0f55349354,good,5
bab36467-23f7-4e5c-867d-f2cebacb0ccd,good,5
2f403b5b-e4e0-4be4-898f-b00a5810eda1,this is tha best aap for health ❤️❤️,5
08ba0942-7c98-47cc-94d5-a5bd50530e5f,best,5
caa35846-2c6d-41dd-a7e8-83e9d756f7e9,"must not download if your facebook is really important for you and u connect it to Instagram, I don't recommend downloading this because they suspend accounts for no reason like I don't get why they use ai or bots to check accounts, it's getting annoying because of it. I do not recommend this",1
7654ce50-d37a-4569-b4df-08ba51f0b1e0,vv good😊😊,5
a7922283-cc4c-40ba-8056-08b133085484,good 😊,5
dc268d1e-b6ed-4a63-a1af-7a60031000ba,bestest ever,5
69e69176-cc63-467a-b331-cfab3819cbca,very good 👍😊,5
644a8de3-0cbb-4580-95b0-606904e65ffd,very good,5
529aab46-6911-4161-8e11-0c623636a39b,app good nice,5
e129842f-d43b-473a-853e-b56a1331a9cf,this app ig good but instagram why u suspended my I'd why I do nothing but my I'd got suspended when I make new I'd always my I'd got suspended why 😭,5
9f3279c5-22e2-4ecc-aac6-732273ea2262,💗💗,5
d09085ef-7e1c-4d0f-bda3-71c9be6b7c7d,ok Ra sija,5
ab14bb25-1e4c-497a-9eb8-844c0e9a245c,mst but mere me play song only english h usko please hindi mix kar diya jaye,5
cb99b59e-84ec-4a12-ac6c-e02e6d210485,The worst app ever seen whenever I try to login to my id with correct cresidentials it dost allow me to get into my id and glitches and also when I try to reset or change my password I get a strange error which has nothing written on it due to all these errors I have lost my main id and many different id's and also I get suspended for no reason,1
77cb6c58-b0aa-4c52-b607-ae9e407e7818,good 👍,5
fff1a684-da31-4064-93e6-190b6bd6c936,Best,5
db72e224-64be-44ce-b330-39a3bb658bcc,I love it but I will enter the story anddd error I tried the problem please slove these problems🕳🙃🙏🏻,5
fc325b2c-a928-4bff-a0ed-c739c15f6d97,very nice,5
cc3273cf-c6e8-4cd5-9763-fc13e49b814f,best,5
406f2df2-baf9-4ee5-bebb-d0959c963ddf,such a wonderful app,5
4c2ee77a-ac75-42ef-abc3-f26f4412319e,everything is fine but follower growth is very slow please help follower growth,5
1ed008cb-58c9-4a54-8f7e-8033c278194f,"If I could give 0 stars, I would. With this whole handing over to Meta thing, Instagram has become worse. Not only have my accounts been getting suspended for NO reason at all, even when I appeal by giving any information possible (my email, number and even id!!!), they still suspend me two days later for the SAME thing. Claiming that my account doesn't follow community guidelines when I barely post is absurd. Now I'm forced to delete the app because all my accounts are suspended. Fix your app!",1
9fafdb41-0b58-4c44-b2ee-a72c5024ff64,this is the best app for health ❤️❤️,5
1096c2d1-d67c-49cb-bab0-712d095122db,Mera bhi insta ka view's badhao yaar,3
1b279e8b-a667-4b9b-b5ad-2ed5c323baf8,good,5
0a89c67c-355c-46ed-99b3-32c7a219045a,"I don't like the new update, the stories of others whom I don't follow are on my for you page and it's literally annoying I don't want others accept for my followed ID's infact it suggests other ID's too to follow I don't want that change it please.",2
f1ac126d-4fe9-4aee-98a7-47ab463258b9,😍,5
17304550-4e82-47a8-95b6-f5134f484b61,instagram is very good,5
3590ea80-a87c-4ae1-99e9-2ae00cd834b8,Totally waste!,1
1b88d714-5872-4a9e-8f86-b35ecf466994,This app is very bad,5
a97d4deb-cc43-458d-8620-c3b692d1a859,bekar hai,1
3ee6d5e1-a646-44b4-9986-e90df08db49d,nice expression 😀,5
b9353a1f-f835-4c8e-991b-0a19ba5ac966,nice vary happy,5
4eace609-926a-430a-b5b3-8417d895b721,"i hate the new update, can't hold tap for full screen, can't get screenshot of full screen, why do you guys making these updates no one asking",2
6e417b8b-9660-47bc-8cd5-d437149f10dc,this is a very beautiful app,5
78304a8f-f240-47dd-a9ea-5c61e9e7e217,best app,5
3e2314cb-a752-4c89-8de7-b722216b9faa,very bad,1
3a0ae85f-dc6e-4cce-b936-61f9a41463d7,best for business,5
ba312f64-1459-4d02-9da7-86d75da26523,i like the this app,5
4b7f6dfe-c661-4342-ae35-fe98370a5add,sorry 😐,5
f3ed59f7-26eb-4796-bc7f-d26365d9903f,video dekh kar manrajan,1
3ac67dcc-5116-482a-84aa-58e498ae817b,it's is very good,5
24319139-a380-4562-8f0e-9169d2298b2f,very goood,5
e3cf5bd7-5784-4f93-9111-c09ed8e3c829,excellent👍,5
d07c3bc8-9167-419a-8750-9e8570540620,disgusting,1
5be387d8-6b00-4941-8d2d-c0651eb71b87,ok,5
4d8c0263-7201-4468-a575-7d78718412e1,it is very advanced,5
b56ff063-dd13-48f4-b631-768ba69de175,its keep stoping what should i do?,1
45108fd3-4deb-4615-8007-ee70e99e7a53,very nice instagram,5
3b344bf7-2fad-40db-b0ce-342047874666,nice app ❣️,5
1a171f0e-802a-400b-a768-d0e31514169a,10/10 rating,5
603a88ef-d7d4-492c-bd66-d9f062c7cc94,nice 👍,5
634d3298-0bcb-4f8c-89a4-81c64e2ee5ae,best app,5
8d7dcc09-f270-402e-923c-2e8a5e7125d4,i have been using intagram since a decade now but posted a reel for the 1st time ever. I love using this app and sharing my updates often .,5
5015c632-e543-435b-b809-2c733f5d1380,great,5
f2a23766-bdec-412e-b3b3-8244d05b0ebb,love it,5
727b4c6b-a9ba-42f6-94bb-5b165e61af5f,notes gif not working what problem,2
baf99323-e505-4684-9599-b8767b9828f4,i really luv Instagram🎀 this is perfect app but Instagram please update some features like show who is unfollowing us😭,5
826cac4a-25d8-4aa1-8db0-48857daab6e4,बेस्ट अँप है भाई ए 👍👍,5
4bb22680-9d74-4141-b88c-dc2731683597,better app,5
78b68122-cb24-410b-a6be-a5e8e0b69518,Nice 👍,5
c692dcaf-9a2d-495e-8ae8-7da1e48cbf94,its all advertising now. I'm out. we are now to the point that all apps and platforms have become so full of ads that there is now no use for these platforms. congratulations to the rich people on earth. you have now become richer. oh and people can buy illegal substances on insta including coca cola,1
70fcc7da-23dc-4838-96d9-ddbe151b3d06,instagram the best app for my phone ◻️😂😅,5
41e8e3b3-cd0b-4b51-a507-07b555f4083f,very Good for the new video creator,5
a6c98bb6-aa20-46fc-96aa-a5dcbd94685a,good app,5
bfe3b5a8-a790-426f-b376-b6a21d6d6b0e,"THEY KEEP DELETING MY ACCOUNTS, ALL MY EFFORTS IN GROWING MY ACCOUNTS GO DOWN THE DRAIN JUST BECAUSE THEY FEEL LIKE MY ACCOUNTS HAVE SOMETHING INAPPROPRIATE.... INSTAGRAM NEW MANAGEMENT ARE SENSITIVE AND WILL DELETE YOUR ACCOUNTS FOR ANYTHING. NOT WORTH DOWNLOADING INSTAGRAM ANYMORE!",1
45622665-5c03-43d1-9ac8-6df18a2efb82,now its boring,1
1329c7f2-8960-4ab2-ac87-7e45080849ec,very good😊,5
d340cc67-642c-44fc-b233-96f41802d5f3,Best app ever,5
a28c7457-cb39-4fb7-9b82-c260ec5dd75f,i can't log in hlp please,1
2f0d274f-96dc-45ac-ada5-3ebe11817632,wow nice useful app for connect to each others.....💖,5
0d8d1d68-c426-4587-aea7-7cf502bc8ff5,"Removed the touch hold feature on instagram reels, which paused the video and removed Instagrams HUD overlay. Making some text reels unreadable.",2
3e74fac8-5f46-449c-85b3-63c8521bf1ed,5mm. me. follow,5
196cff39-e7fb-4136-811d-1998bc1b8be2,after a one year still this app is the worst app on social media have banned all of my business accounts on marketing clothing dont download this app anyone,1
e6a0d479-e5fe-4804-b479-e88e3eb5c073,keren,5
5547000e-be2a-4e6b-ae23-b22b5a26c47d,verry good app intruting app,5
9c50acad-883e-4b43-b155-d01e65fdea52,this app is best,5
7b73e2aa-e8dc-40ea-91c0-2f35ede41fdc,good app,5
3194910b-f07d-4f2f-bfcf-cf74073a6092,it just to good to be true,5
a894e314-7494-428b-bd1d-fb725b8d4e93,"it's the best app for distraction, after using this app I had the biggest down fall , it's addictive like hell it's addictive, once you get use to it they is no going back no locking in just U avd this app at 4 am alone at night",5
cf2d350f-a6e2-49f9-afbf-ad1b0a64f6d3,good,5
e15b8ebd-1e2a-426e-af57-51959ded9f32,better,5
2fa7b6a1-95bc-40cd-8960-033e8cb170f0,good app,1
05f963a3-4383-4344-a80d-5f9f0f2fd2c3,worst app in the universe y asking age n taking my acc so bad bad bhadwa Instragram it was good before meta is bad he changed everything 😮‍💨😮‍💨😮‍💨😮‍💨😮‍💨🙏🙏🙏🙏😔😔😔😔😔😔😔,1
e2692c64-3a6c-4bf1-badf-0e87c08a01c4,like you,5
6696b5e0-2de8-4254-96ee-846721ba60ad,"This is the worst experience I’ve ever had with any app. I created a new account and followed all the rules, yet Instagram banned it without any reason. This is completely unfair and unacceptable. Your system is broken. Real users are getting punished while there is no proper support or explanation. If accounts can be banned anytime without warning, then what is the point of using this app? Until this issue is fixed, I will not use Instagram at all. Fix your system immediately or you will lose",1
09ec5a7d-f8cb-4864-8da4-39ec1e164ccf,nice,4
54fcf249-82df-4bb0-99db-aff9db49bb5f,while pausing screen full screen is not showing its strucking also if i choose seperate full screen future it is not working,1
973e629e-261a-49f1-9188-aec12212011b,nice app,5
d27272aa-292f-41aa-ad85-2bada8076c67,bad account,1
5e54acc8-5f09-4c32-ad1a-e6ef0d4f7e8a,"So many ads, I'd rather have a paid version with optional setting for no ads The mic button is super annoying also I wish I could delete this app, but so many friends on it",1
a15b6982-9ae7-4d4a-b21d-dda020825233,Nice,5
99e44a02-9c7c-4c84-9363-d00e36d4c4c9,is app ki wajah se hamari jindagi kab nikal gayi pata hi nahi chala thanks jo is app ko banakar hamare liye sabse bada distraction banane ke liye 😉,3
345648a7-c195-4acd-b9a5-25951de49583,"I was having 2 acc , my 2nd acc got suspension i gave an appeal but my 1st main acc got also suspension i cant login in it . I waited for 2 days then email came that 2nd acc got permanentely banned but after that im not able to login to 1 st acc as well . As for that i made 2 acc again but i didnt did anything but just after 5 min both get suspended and i had to appeal again .So plz help me get my acc back.",1
ef0cd07d-56a8-4ce7-b649-c8ed2525005a,Nice,4
4004c7ac-1840-425b-aac8-1adc154b97a2,not working bugs,1
2640bc0a-4557-45af-b8aa-a3bef77887e7,bohot time waste ho jata hai iss app se lekin firbhi me to dekhunga 🙂,4
f5e0514e-0bbe-457b-bd3c-32a5d547e88c,chote creators ko famous nahi hone dete 😏,2
912630f5-0429-46bc-b412-0d63ee3b95a5,good but it's not upgrading I don't know why,5
1206c5eb-ab51-49ca-b065-7d7dae82f2dd,nice,4
5223aa74-6c81-43c7-9b6a-ce4ee8d9b278,bad,1
adca60bf-e794-4983-a615-0c3dbe3bf88e,best,5
35fc1eb8-a6e2-4cde-90b5-c722aafac1dc,🙌,5
e7a2bc3f-5898-495e-9a7c-5ceccaa90825,This is very good app every one install it because if you make an then it will never get delete from my opinion download this app and enjoy👍,5
0116e978-e9e1-4ea0-ae14-bfcb62ebcec5,I don't know how to use it I'm new to it,4
bad7f13e-fd31-42a2-acec-ccf4491471d8,"It's bad app, because they blocked my all accounts even though I was active",1
a1ce3c82-4d80-4bb3-b7f8-a6deb3d4f943,ok,1
26335bff-5d66-4c7d-b7d7-01a673c19c15,"Best Social Media Platform, I enjoy using",5
1720fd10-3063-4f30-a294-7cae10a808b7,Nice 👍,4
9a95a7e6-fa60-4e89-9166-7ad764f1cead,insta lo message box hide vastunde reels dagara how,5
2afd6a18-31a1-4fd0-ba78-d280b3b48b4d,this is good for privacy control and such a enjoyable as i thought,5
df4a6f3e-3520-4271-99f2-12616893cbce,it's good,5
5d8c365d-06b3-4c2d-8f3a-5a686fe94dde,nice official. guri. 1102,3
4cba77cf-bf8f-40d7-b9a1-367ce037bcef,I love it,5
47859f14-00b8-4801-97c4-f55b98eca47e,excellent,5
b782deb2-d2a6-49db-b95d-2bf53f840707,wonderful experience,5
991f59fc-1504-424e-ab49-4ae7a5e89097,bast ha,5
d48a4211-76d4-4649-a64e-2e72744d7605,Sab Kuchh Sahi Hona chahie,5
3be73a60-d208-4432-97cc-398af2a09c0b,What a stupid app. My 10 accounts got banned for no reason. Shame on Instagram—what a cheap moderation system.,1
8646262f-f103-463d-b96c-3e60856d6b02,very good app,5
3cc44554-ba49-4be2-a3c2-96f7fe5337c5,"Actually, the app is very nice, fast, and efficient. I thank the creator of Instagram because it reunited me with my sister who had traveled to another city. Instagram compensated for this, and I found her and I'm talking to her remotely. 😭",5
3dbab98f-5d7c-48b7-83ab-087a388c10de,this is a good app for Instagram,1
238b7096-7fa2-4db7-8c88-9eade5a11b32,excellent 👌,5
74be6902-6df0-42b2-802c-3cfa43e7b2b7,my favorite,4
ba3ad52e-0930-4652-b53a-6f794ec38e15,like this app,5
bdf6297b-6674-4a7d-8a2d-de129475d629,amazing,5
dd69133b-8c1f-46dd-9b3f-ae11158afab6,PLEASE FIX THIS IF I ADD MUSIC ON MY STORY IT'S GET BLURRY,2
8b92bce6-88fc-4dc7-815b-8dc787f530d4,best,5
9cd6b51e-3695-4494-be40-7221349c4e4f,good,5
b0be6ef5-5e16-4c6e-8960-0bedff6b51b7,it's having more and funny reels than other media,5
f430ed47-d8db-4985-a20d-c4bc812d9537,could've also added where we can put our photos in front of the music album in android so our stories aren't boring,3
8a388e87-c4f2-4344-b913-f94671e73e0f,good,5
a8743f45-a809-49e3-856e-19c8ca12a822,not bat,5
1d792719-318b-4c99-9a87-23ea82412436,excellent 👌👍,5
9c65fa86-edcd-49c5-b3b7-e1d07df50775,10k followers complete 💯✅,4
83780ddf-42fc-421c-ae83-bf43551638a5,nice app.,5
a7255c60-c3d6-4c6d-9604-4e646898dae9,excellent,5
7d69be88-b8fb-4cd1-b99d-93306dcab57d,nice,5
ebb59f17-e8fd-4b02-a881-3b12d45a2f17,best app,5
9819a692-be7f-4604-a701-bec9c60a207e,nice,5
7ed237bb-a478-4c5f-ba72-408924bb26cb,this app is good one unless and until you want to spend years of your life using this app 🫪,2
bf9fde1b-4d92-4d15-8043-dcfff140702a,automatic followers badh rahe hai,1
270fc4ad-311a-431f-8725-abb7a96ffd27,🤮🤮🤮🤮,1
728528df-ad3a-4d10-b4ee-6517bc7b7802,pls recover my acc,5
56750d11-4959-4506-9b0f-2042e6f7171b,Nice,5
8f5a65bd-e9ee-46fd-8b35-b8d803b4c033,"bad. i just created a new instagram account and it showed that my following numbers went up high. i never followed those accounts (i only followed 10 accounts that i followed) and when i removed the accounts, it went up again and again. i don't know what happening. this is my new instagram account. i just want peaceful instagram account.",1
42091f2d-7856-4e18-a733-009ff1f78418,amazing,5
4a7e6bab-2235-4f12-b8f7-7be5a87a98f7,not to be underestimated,5
d817f1d6-0ff6-428f-b1c0-f52049258287,no amazing things more,5
a5a2cd00-c942-40e4-956c-3f121b46e777,Nice,5
7002a2d8-4af2-44e1-8b51-c6de8a90c77e,very good app I really love it.😻,5
5f9757b5-dd84-4af3-855c-262fcce5e3f0,download it and doom scroll,5
950f8517-530d-4ce7-a1a8-dbbc40f3b210,well done i hate ig now bc too much ads,1
812f103c-d59b-43a3-8603-48cd0ab2c1ac,nice,2
c3b47606-06a6-4cb6-8325-804f8eaaee54,good,4
aeec5980-a8c8-4bee-88d7-7c880c0d2c19,very good 👍,5
60226e07-ce43-4c9c-a626-4b7260a43753,Nice app in the play store i like everything about it more,5
6ae23fb3-2e83-4846-89bc-8d7d6dd853d1,very good entertainment video here in instagram,5
26d6f3ba-35a2-4417-aaaa-3923e1b1196f,account suspended and banned no any reason many accounts suspended,1
9e1fb5b1-6655-470c-b98b-31e5d3700fde,I love Instagram because I can call my friends and it is the best app ever,5
aaf9b11b-d7ec-4276-b707-390241f9c2c5,informative app.😊,5
bee90ec3-dff5-4220-90bc-bb452cd58bc5,better please viral my reel 🙏,5
4d55d43f-a890-4be7-9428-0eae38a6e211,"I post one ad, it gets doubled and I my account gets debited twice. Will never use meta for ads again. unethical",1
974ebd38-f257-4371-875f-312ef635277e,follow,5
0c974792-ea5b-4596-adf8-2ac0d9406259,I love this app,5
5e54ece0-cfab-4854-b954-2172d7a63973,"I have four accounts, but only two of them have the story comment feature. I’ve already tried checking the settings, but on these two accounts, there isn’t even an option related to story comments—while the other two do have it. It’s really confusing. Some other features are also missing on these two accounts.",1
1b84e126-1c99-4abd-a3c6-47974e11c87a,good,5
57f43290-8321-4b07-b69a-a01bcf535d3f,👍👎 Allrounder,5
51cc3483-1964-47f4-aba5-431537781704,ye bahut kharab hai🤬🤬🙄🙄🙄,1
829b40eb-a177-4804-b146-004e032f8f0f,it's good for time pass,5
c2d2c4d9-bc6c-4b58-9298-328509b59889,"insta not working well.. someone msg sent but I can see after 2,3 three days also using data while I am not using app..one more thing insta hang only 2,3 minutes...pls its request solve my problems as soon as possible....",1
df45f116-5d1f-458e-8c69-a1b109eea5d3,career m**da kudavaali antey . download karoo....💫💦,5
3bfe2087-de1e-4274-b693-f841fe941298,manta,5
6dc19f77-7d50-4bc8-b429-f8af886bdd1e,WHERE ARE THEY INSTAGRAM??? WHERE ARE MY FUNNY GIFS????,5
0685ad18-930a-4550-9a1b-d04ac0a7664e,nice social network but have an issue,5
f97ff027-8d47-43ea-a412-cafb47d50809,number one 👏👏👏👏👏👐,5
7ce38201-c886-4f18-9671-1b9a2ec316f4,good,5
d6d34c45-b19b-4615-960e-8f1679b9eddd,Doog,5
9f2365da-9ac8-460b-b533-86fc42f170d7,ok,5
f3a1b6fb-dcff-4ee0-9507-054a67bc9199,"great apps , more entertainment",5
544ea883-b9e2-49e6-961c-5bc47a43cb1a,Is the Best online Photo Album.,5
13acbc49-3ec4-49f5-92d0-071f06b89903,The amount of ads is horendos they forcefully make u watch it and not even let u scroll it is so pathetic.,1
aefd8486-1a8c-4102-a42d-c1cfc8bd0d8a,Easy to use and helpful app no issues,5
39a0dcdd-312a-4798-a698-0785a0f04f15,❤️‍🔥❤️‍🔥❤️‍🔥❤️‍🔥,5
1374ea66-aa9e-4229-8a03-c40d506cb0b0,sooooo sooooo gooooodd,5
eb13e800-9dd8-4aa4-aa17-2f20fb347f43,Instagram real viral 1 million 1 ghanta kuchh naya update aaye to message aur rel ko viral karo sahi👍✅ Click,5
44d0c378-da75-4021-b6fd-fe30caf6e97f,it will be good if this app will use for the best.,5
fd69cbdb-749f-4fec-bd33-9bb5d77a3fd4,Deze app sucked gewoon 🖤,5
0626335c-481b-4f09-a0ef-a56eda11c1b0,obviously full of problems,1
467f2b64-a8d0-4dcb-bba7-17f2ada86a93,"Hello Sir, my ID followers are not increasing, please support me so that followers on my ID increase and my ID grows further, please 🙏 Sir, I am using Instagram very carefully but there are no followers.🙏😞",1
93aa5185-dcdb-4ccf-a2f5-76f756d229cf,best plateform,5
8e14f25b-15af-4da7-87e0-879cb4e45654,literally I like it yaarrrr how can I explain this feeling to non Instagram users literally literally..........,5
b5b72fb6-5304-439f-9b30-0f8d18318e97,it was very bad,1
edcfe71f-2b34-49e8-9761-ba75ce39b8aa,Instagram is very nice app I have ever seen in this world but I don't understand why Instagram takes my business page down 🙏,5
468f76ed-ae83-4d23-b5b9-4dd24a6a4bb7,best,5
0a285643-ee26-4049-acdc-573fb0894de7,"5 start deta,,wo instagram pe mili the,,aur main ghor tak le aya,,aur baad mai instagram par hi sab khtm ho gya🥹",3
f2181e2f-e716-4c74-8f6b-c574016ac42e,ok,5
dae595ba-f9ec-4e14-9d24-ef44f94a96c6,good,5
9917daf8-f601-43dd-9794-4e8823e6fc6b,nice app and very strong,5
1a679a3f-fada-4512-a687-0b1f54571a25,exceptional,5
f8341fe3-a885-47c6-984b-aef97780e19a,Very nice app,5
e7d62aba-cd99-4337-9413-e2b250ab8427,useful app ☺️,5
e5769f0e-1d0d-4a72-9d4a-dfededfdfa03,good plathform,5
b4cd5960-5d47-4b30-97b1-960fb613edae,বালের instargram,1
17ff7eae-e4e4-4522-9e70-7558af3892d0,"Meta is trying their best to develop the biggest attention span consuming slop that will make you both addicted to reels and to be completely abused by ads. It's a slop forced by society. Use InstaPrime, since it gets rid of ads and you're in control what you get on feed, which notifications you recieve and get rid of reels.",1
5bd1530b-282e-4d0f-adbe-c84a3103f322,acount not available in india Dear Instagram team I am having a problem when I went to open my Instagram account they are showing account not available in India and I still follow your community guidelines please fix my problem thank you,1
230646c2-b412-440b-8d0d-da2bef90172a,"This is the worst app I’ve ever seen. My main ID got banned without any reason, and many other people’s IDs were also banned for no reason. I’ve never seen such a bad app — it just bans everyone’s accounts",1
ad4856ed-58ef-4d0e-a803-6b9c2a6285b7,I am using this app from 2 years and this app is best for watching your favourite reel,5
f6d17406-7783-4052-afc7-5c7c39f2d1ca,very good aap,5
a7a70f7b-a85b-4c75-9620-aeb5b0825e2d,It's rubbish for photography. Find something else.,1
b478f45d-8724-4f1c-a0fe-b44441f4735b,very best aap,5
e8b27e22-23a8-495c-ac84-7eb19519cbb6,crazyyyyyy,5
0682d393-59c6-4934-934f-51c500f2529e,super,5
1f46d4f0-fd1c-4576-8e7c-39bf139ab6a5,not bad,5
3090b67f-5552-434c-90de-8502ba1d7e63,nice,5
7865ce20-ef4b-41f5-9231-1187896e440a,isme to repost ka option kyu nhi aarah😡😡😡😡fir aakar chala gya why😡😡😡😡😡😡😡😡,1
99e693ab-8bef-4cc6-aa80-7ad9f0155ebf,wow 😍 neXT LEvEL,5
10b90fd5-c3b3-403f-865f-44efb6be8b08,nice,5
ff8a28fd-3d2c-4b99-932e-f4f4f0ff8b23,My favourite app,5
265ffb76-b4c8-40c1-959f-e4b5100cd597,it's the best app I had ever seen in my life.And lot of more.....,5
c153494d-91fc-4c84-9b49-211f00e5fa3c,nice app,4
62f2a40a-2091-4b20-a1e7-f02e57687ee0,nice expiriance,5
cf229056-14bf-4d68-ad6a-cbb473da8297,perfect 👌🏻,5
e965647b-9306-4900-8043-684b4b0b2a93,ok,5
ab76ba0b-4857-4424-904c-bfe416a185a0,very helpfull,5
beac4104-4259-4953-9062-3dc37f2ab1d0,best app ever,5
58cf28ce-1941-4c26-9a08-b4f3379b4461,five stars 🤩🤩🤩,5
17b3e3cb-a806-4219-9942-988210f26c17,good app,5
60c00c84-0ba0-4a8f-9e27-31ea18b1c97f,very amazing app 🤍,5
8c6c1f90-d4f7-4cd6-bee9-1700a7b76fa8,The best of all,5
b7159678-739c-482c-b5bf-5b0c13de68d8,"Instagram sucks! Is it just me or the Samsung interface for Instagram is not great? I don't see any alerts on the number of updates I have without opening the app, I have to click follow a number of times before it actually works. Can anyone tell me why the apple interface and the Samsung interface is so different for the same app?",1
a05d8761-6fc6-4019-b718-303ba73bf449,great app,5
c039342f-605d-4062-95f5-9b441d272b15,"Greetings Instagram Team, My account (vampirexzack) has been deactivated and I have tried every possible way but not able to get it back and I believe this is a mistake from your side as I have always followed all community guidelines and terms of service. I request you to please review/ analyse my account and reactivate it as soon as possible. I have put alot of efforts in growing my page. Thank you Cheers (vampirexzack)",5
5c5f584f-8c13-4979-b6d8-c22bf5767126,superb,5
4f1f6711-f645-4fa1-bbfa-7add38d1e9ce,op level,5
7651ea04-917e-41cd-940b-b7df3f3fe916,Vivoy200 per Instagram install nahi ho raha last three days se try kar raha play store se download ho jata lakin installing nahi hoti,1
2899b6ad-3893-413f-9324-e3ba5f07b7ac,bouth auchi app hai but video ko dar lagti download humya mai,5
90d3c3a1-5684-4e7b-94d6-32c5e5386ba0,Unskippable ads added in 2026,1
1b35877e-63c9-4658-928c-8ef9f8a07824,useless app suspended my account and when I appeal for rechecking cancelled suspension but not able to login in account,1
8e68dad2-88dc-4e1d-b6cd-2cb1346a1619,the app is just wow...mwaaah😘😘,5
ad05ba78-42e6-45a9-b101-ae676a67116b,super,5
085a41f9-64cf-4184-8d9b-9e87eb445b0a,good app,5
eb419bf3-b74d-4e50-9564-294313d696fc,great experience,5
d28683ab-1fb0-4e04-b861-e8a79cad2505,❤️‍🩹,5
06a33838-10b0-403e-a0b2-6eddc3e04063,Good,5
0fe8b4c1-8413-4c4f-8498-5bd196d9b447,better,4
f10a8277-7a1b-4a2c-a44c-55f5be7839dd,it is too much good,4
ffa080e5-3985-4a0d-a295-1ce1892a0827,amazing app,5
80832894-00fc-4b23-a3f4-cfb17303515d,nucex 💗,5
b7a87dc3-e5df-47ce-bf62-9c7bcc74b81c,🌞👍,5
2cb94070-b006-47e3-80cb-a5f023618448,nice,5
9684cafd-8b49-4406-9fed-520e590628fd,very good 👍,5
ae370160-133c-49b6-b0e4-67245a481d16,nice app 💯,5
d89a1a22-92dd-4a37-bfcc-b35f10bd125c,it is the wonderful it is a nice app 😌 and for making the friends and chatting with the friends it is also nice doing the fun with the friends and friends and family members and this is very good for sending the notes and school school work some peoples are telling Instagram is code of,5
307e79f2-5468-4833-970a-ed7c6eeab517,good,5
feb01bd0-0fd5-45ee-a927-5715ea1598e0,Very good app,5
902683a2-9dbd-4947-808f-6a3072505b5e,This app is excellent,5
a2623988-6115-4624-a18f-9a296c569eb6,so good,5
a4332866-4197-4989-98e0-78f8a3c0b90d,nice,5
ec56aec9-d0d0-481a-b674-4aff157eab97,okay,1
d5f8e900-421c-43fe-868f-3b8cc41c8e9f,woman good,5
184c62ed-44c1-424a-b4cd-80fc85816e6f,mind refresh,5
6cde849c-981c-43c0-af11-d42e8fd1ad6f,so much addicted to this app good app but it cause me feel guilty later,3
f64c1fca-ce5a-4243-b440-11b423870b91,nice,3
2474c664-57fa-4049-9805-5434a789ad63,excellent,5
ced223ae-fb82-4922-b6a7-e9803a1ef05c,my account was suspended even though I don't have any violation! I open my Facebook and then I have received messages that I violated their rule even though I don't do anything on IG! worst app ever!,1
8ab84204-5a69-4186-aebd-22710f4380ff,love it seriously,5
2df78e35-a971-496f-845f-a8e10399c446,so mach insta ✌,5
4831da10-b3b2-40bb-8882-c74f945884ef,cool,5
487095ac-875d-4cca-adc9-2ea34508c6ab,very nice,5
876c0db6-4d84-4b8d-95db-853f060f8c24,intrest,5
00a8b9d7-09ca-4992-b3d1-af413b85da93,good,5
044e2e35-28fc-4dbe-b919-59eadde7c2af,🌟🌟🌟🌟🌟,5
441a46e8-2703-4de0-9e8b-5c2dbee12ab0,good apps,5
bac78c58-cf42-46c5-bee8-3f7c443f447d,it's is a good app but fix some bugs,5
6d98af8a-2ac3-4eca-a7b1-b2fe27894f3d,good,5
2311dcd3-f273-4457-84d3-dcc925934fd2,good,5
e3cb9da9-d7ba-49a6-bd50-9b227fc06261,excellent app,5
dbc4441e-2756-48a7-8fe1-ebcb2e26ed8a,favourite app 🫶🏻😚,4
d9a90bfb-edf9-40e5-aac1-6a6fe5b55f62,nice app,5
2309fa74-306b-44ed-99e8-53160d5cb51d,it's good 👍,4
6f15668a-d92c-47ec-910c-b36057a7a3e7,I'm very fond of instagram but can instagram add streak here in messages like tiktok?,4
8253bf02-7975-4850-9116-adc1bf8642b4,worst app...ever 😡 waste.full,1
944bd244-ad41-4b92-bbef-2c33830d0d4f,nice,4
83ab9f37-957e-4dc9-a869-21e97d834f5f,"I cannot log in my account, after I deleted Instagram to get the GIF notes update ive tried reinstalling, clear cache clear data. my friends changed my password, now they are in control of my account. what is this service Instagram?? I saw another person having this issue? can u please solve this? you banned my main in 2024, i did absolutely nothing for me to get banned. Ive had enough of trying to solve the issue on my own. PLEASE FIXTHIS PROBLEM!",1
7281b54b-fa25-4aa7-ac3e-084466767b82,excellent,5
5e8695e8-681a-4ffa-871b-2cff5918b524,totally life change,5
a0a891fd-6c45-4288-98af-33d7fd713d52,bahut achha laga instagram par video chorne me sirf follow bhi badhne lage to maja aa jayega ha,5
f6ae37bf-1f23-49f9-aa5d-e719066bb1eb,Updates required...make it perfect dude 🔥❤,5
b38aeda8-4f49-4569-8735-c4bd0918d170,nice 🙂,5
831b4e0a-359c-4a04-aa7c-b3f234f63bb6,it is very bad 😞,1
ee3f7ab0-c85c-4314-aa24-42de8976e4ff,awesome app,5
695b3704-3754-4677-8443-4d6cb67f8b09,Very important for me,5
3a0ec826-c480-4b0f-8678-27f7d9b9615b,such a nice app @pardhu_efx_1.0,5
59fdd846-7cb4-4a5d-bc83-7d164381bd51,Bahut accha app hai,5
5cc1fbd2-8ad0-42ad-a25d-3cfe0438e750,nice app,5
3b792ed2-4ecd-488e-a580-2f3501973111,"Dear Instagram Support, my account (s4imx_) is facing a glitch where my followers count shows 0, but I actually have around 70 followers. This seems to be a display error as my followers are still there. I have tried logging in again, updating the app, and clearing cache, but the issue remains. Kindly check and fix this problem as soon as possible. Thank you.",1
9b7762ed-acb7-4763-9a34-32d4277aceb2,yaar Tum Meri sab ID suspend kar rahe ho kyon aise khade ho to main delete maar dunga,1
ef578f1d-7e5c-4731-820a-05c6f3c01ea0,"it is very easy to use , I enjoyed this social app ☺️",5
ac6f5a42-d6bd-4dfe-9407-68d03af4fc8a,very good app,5
044540ea-8a4c-4d43-b4e3-0d3b67ef523b,🌷,5
a960dce6-66e6-40e3-9aa0-d5f8f78380b3,can you put and Edit option for the comments,5
37c97b21-d791-4c71-9bd9-dd0d1ae2872d,Its easy to communicate with friends but majority of the users are Nigerian fraudster,2
87c91bbb-b359-468e-866b-9f383463ec0f,good ❤️🩸🥰🥰🥰,5
3e566bf6-44df-4423-857f-7de33d3ae1ff,my id login ho jaye please,5
82ded3da-8e61-4ccd-904e-3563aaa8a072,my Instagram account has been disabled 😭 very bad this aap 😔,1
a6b5e436-7e10-4cb3-9de6-7f1295ebd591,very time wasting and destracting app for students. many of them are getting addicted to this app.,1
98b8eb1d-d1d2-4968-9984-b4358692408c,nice,5
30743313-c8b7-4ea0-b9ce-e82c8253f274,super,5
2d8a7741-7956-4289-89f0-516c99592e57,please students not install this aap any decreasing high level this aap,1
35276082-2e6a-4925-a2e5-2e85d518cc1b,the app is very stupid app.,5
1098502f-e3ff-48c2-819d-dbfad2ba6c5e,good,4
292b7217-9630-4136-8da5-ca3e1cba75ac,I made my Instagram account and these are suddenly deactivated I made second account these are be deactivated I tryed more chances to login my Instagram account i received code and password but these are cannot be login 😔😔 these I'd has a most memory in my life Instagram cannot be login my I'd these. are cannot be received my new Instagram new password 😔😔,1
5eee3b1e-9f1a-4ceb-ab85-badcc12ee6f3,nice app,5
2052faf7-7833-412f-bb90-de2bde037c06,super this app enthathaimant,5
123fa8f3-ae38-4430-8398-15f1df0b00ea,nice,5
6086fd50-e196-4d14-8a20-7328d068ebf9,@instagram Dear Instagram team Please help🙏🏻 My Instagram account has been disabled without any reason....and i am not break any rules of Instagram🙏🏻 so pls i request. you pls check my account again and back me as soon as posible My account link👉🏻 its_rohit_bhai_220,5
e7ab1da8-e519-42e3-9428-99389b3a0d0d,"I mean i dont know why instagram has so many bigs, i try put in the correct password it still shows wrong password. like what the hell? i try to change and then login it says unexpected error occurred, very irritating",1
081db0ca-3e32-476c-8043-3f8f445accd4,best app 🤙🏻,1
29441b36-c9e0-4768-9656-7bea4aa6f712,good,4
2583c79c-03a3-4de0-833e-7208870b9e2e,good,5
ef88acd2-e9ac-4400-a7e9-5a36adfcd0c4,Outstanding 👍,4
6e701a01-84a1-49de-9ac5-f886b275beaa,This app is very nice👍,5
bdf9dcbc-6a6f-43f8-b67a-3da11ad07d53,bahut achcha very very very very very good Instagram video popular karne ke liye bahut achcha madad karta hai,5
8cc47db8-cd82-4bd3-9c2d-918bc8ce78b5,from last weeks the instagram is consuming high battery and lagging mobile,3
f16f033c-6e65-4c95-9e06-7b95c2524ead,"I request Instagram to update the collection option in the same way when saving a song, just like when you save a reel..!!🙏🏻😭",4
b29e6789-7ded-4673-909a-cce780674649,The besttttt,5
40d0bc5a-7210-4d42-818f-142fb7266ced,i love using insta,5
165f5f72-2ed8-40b2-aaf4-359787eea1ca,i love this app,5
0bb71b84-ed24-47db-b4a2-6bc3b4e272a4,>>~I CAN'T TELL THAT INSTA IS REALLY PEACEFULL WHEN I SCROLLING THE REELS THANK UHHH SO MUCH FOR INVENTING THIS APP 🌼✨❤️💌...!! <<,5
752c72f7-85c0-4eae-ab42-cc819b08e4d2,Time pass,4
1331ff93-eff7-4e4e-bb21-21ab817b8c75,best app,5
eb1cd917-3c78-4d34-a628-06c5b0839907,this app is full of fun ☺️ + very interesting 😉,5
db8e303d-5eb4-4084-abab-29a89c651109,it's very good to me 😍😍😍😍😍😍😍 it is easy to access it. You can also be able to post videos,5
0711116f-d150-488d-ae53-b399276376d9,we can be connected to our friends,5
051a6a40-c0fc-4ea1-9da4-65897e78216c,best,5
feac966e-7197-44e3-ab7c-848315d16f77,"“Not gonna lie, your IG is 🔥… easy 10/10” “Your page is actually dope, I like the vibe” “You’ve got one of those profiles people enjoy scrolling through”keep the good work going",5
6f761ddc-3ec0-45b4-8963-78a7972fec0d,hi my problem is drow system,5
6ebff119-874b-4768-977a-48a484381e75,superrrr👍👍👌,5
d907ecc0-2fec-4505-9a19-d798b6191cdb,very nice app I so happy because using this app,5
a69a463e-81a0-48d6-b98d-b8daa269305c,Instagram is nice app to meet new people,5
c560a044-9698-430f-8198-4907292897dc,I just love it,5
3ac6c877-cb17-439a-92b4-0a54cf3db0e4,- best app,5
72980e3c-9d07-4d9f-bfbd-e00032e489d5,good,5
1845001c-c736-4bfe-a3f1-961f729aaab6,thank you for your,5
4d7517bc-678b-46fa-ba45-249de5b32f26,good work,5
e173e6b6-477c-44d7-be71-5cb4c2b9c3fb,"This app is a very useless app, they have suspended my account without any reason and I have not received any reply from them, my account is mr_bishu__, I need to recover it from them. 🥲🥲",1
59b1bbd4-f78d-45e4-8092-2719eeefeecf,"All my accounts are getting suspended without reason. Whenever i am trying to login through the app, its showing me password incorrect otherwise i am able to login into the account with same password through web. Please fix these glitches as soon as possible",1
7baec478-8fd0-4af1-84c5-7bdb85696ac4,great 👍 👌 social media 👏,5
3ade84cd-4f49-40e8-845e-fd4aa1f1e940,bahut acha AAP hai,5
c8950688-ea4f-45b6-bf1b-8e3acbf6807c,I hope one day see you deleted yourself,1
d4edb759-fb42-4e5a-92b3-4d1ca625bad8,very nice,4
486de9a6-01e5-4a7d-84e3-f2c93e4d8052,this is a very good app,5
4bda5190-567b-4484-9ef7-fef394445e0c,😍,2
db4bb58a-b0aa-47da-bcc9-97ca25d0eb37,Good application 😃,5
e7b9a96f-5001-4a63-946f-9dd2cf6716fe,nice,5
8fc68bd5-6244-4eb9-ae1a-4ff48ada817e,😀,5
56a46942-c075-49a8-b244-86c4fd056777,ye bkl bina matlab hi chat ke msg band ker dete hai,1
f9f3c3d8-2a03-442e-b2cc-9f31506367c3,nice,5
544536d3-d652-4b85-a2ec-3c10d55895b2,perfect,5
b09da5ab-8dbd-40ba-8d9f-c735d78c311c,Nyc app. This App is good working... 🖤,4
b7fd3574-2e02-4799-9103-9ec31056f424,"I did not do anything that was against Instagram, still I do not know why all my Instagram accounts got banned, after many appeals I got one account back and that was banned again.",1
f332a3c5-3e11-443e-92b0-6daae90f13eb,this is good app,5
63734c0f-e9db-477f-b813-a9303a493cdc,good,4
34c22433-5977-4089-b881-2b2a0e5791b0,Absolute garbage app.,5
3d6969b7-3c81-4538-8715-1b81cebd3386,amezing experience,5
cae4f6ad-934f-40b9-a1de-9a7ea4d2f0d9,ℕ𝕚𝕔𝕖 𝕒𝕡𝕡,5
a9988b4c-4eb9-48d4-bfc2-9cdb4149c83d,very addicted and not safe for teenagers,1
646b17ed-fe36-419c-a742-06110732e4b2,It's a home,5
0e574d15-372a-4c3a-94e4-3439b45854ac,its a good ig,5
7755275e-be93-4438-895f-9ee2ced2ec98,nice,5
47c96bd2-04dc-4ba6-9800-1329212221b3,"worst it's banning my account again and again, my 5k account got suspended without any reason",1
ea342905-edc2-439a-b2a6-da321859a445,Superb quality,4
a64d50d1-c002-42b4-9cfd-cf1e86f2fdfb,this app is very good,5
827e9c1c-447f-44d8-b9cc-752fcf2297c1,The best. how do I add more images to posts on Instagram?,5
34dabf46-cf73-41d4-a4cc-97a892cfed9b,good,5
83cb66b1-43f3-49aa-b7c4-6e872aa319ed,this app so happy 😊,5
7ff900e2-b108-4227-9412-e26407164826,👍,5
8e37d655-3446-4697-a471-1024cd68e455,insta good,5
05ba2067-071a-4794-8cb7-32e47b40f339,cool,5
7c4348d0-ce3d-45e4-a943-52b104de4fd7,"A waste of time , the thing is that we don't understand our time is getting wasted but unfortunately it is ..",1
87b1ca32-8ee6-43bb-9a7e-78f1011578e0,Instagram best aap,5
f462cfe0-e05b-4b31-bec2-6aec24096829,यह एक बहुत बढ़िया ऐप्स है जिससे कोई भी इंसान उपयोग करके अपनी खुद की पहचान बना सकता है,5
6be9c882-e43e-491e-96aa-18786564a176,it is the palte form I love it .....😘,5
a14dc545-66b6-4867-93b6-d69af5da12c3,Best app for enjoying your destruction,1
edf24c34-2f01-4fb2-b446-4046522afde0,very good,5
daa72b93-c17a-4a90-a715-b48c023bf56e,Super,5
0aca01aa-a87c-4754-bb51-b77bc43fb4a8,helpful for,5
e92fc906-774d-4f93-809c-4f3881374095,"I have a suggestion, please bring a future by which we can find the person watching our story by username in the story.",3
7e151e20-ec3a-4b71-9a73-56492fa3a02f,good but not famous from it,3
189fbade-d29f-44dd-8efd-b7913d35359a,nyc app,5
94f3fa73-4832-472f-a368-7d3cf7b9a2ac,good,5
c6c94f34-e6cd-45e8-8888-29f00fe2a4c1,funny reels and so much eles,5
848cbd1d-39fb-4413-a3bf-de6ec2057aec,fair.,5
56c92c5a-e15a-4339-8399-c94579435815,"Why are my messages showing sending to required chats?....it is important and urgent...please fix this fast...It's installed in galaxy j7 and showing view latest version to see this msg, where is update? Help mee by showing messages....Why is it showing refreshing? Check fast......help please...its urgent...Insta is having problems..fix it...will it continue or will it stop?",2
0d9a5125-d044-4459-b5c1-68bbd015359c,this app 👌,5
b2901d58-592c-4b4e-b3aa-93518f8e27ac,best app for reelsss,5
a4019d7f-87f6-465e-b16f-357f2c8581be,"For the past few months, I've been facing this issue, whenever there's a new update I have to uninstall the app and then install it to get the latest update and the update lasts for only an hour or two and then my app switches back to the previous version. So now I'm using the old version of the app rather than the new one. Disappointed",2
2c84e204-c47a-4e6b-af2e-d1171cded27b,Instagram mara id ha raister please saport me,5
065eb4dd-cb60-4843-b23b-b6e05dd4feea,good,5
cba69ed1-0835-4ae7-ae1d-3d8e90ab4f47,my favourite,5
3b8fc4dc-4939-404f-a8aa-03748905fd30,loveeee,5
3e34b9d2-e182-45d2-bea1-3f4ef62150b4,hang marata hai bekar app,1
75f149fb-96cb-4d52-95c1-f2239836d93e,nice 👍,5
c04741ff-1dbd-4336-8e60-5289f47b656a,nice app,5
c78e37cd-0bbd-47f7-a405-0ed9c4d15624,Best app,5
9a9730bf-7bbc-478a-a7e2-6ecbe5ce012d,Good app 😀,5
2389fa04-546d-4ca4-9804-48a1c2f119de,good 😊,5
9b8fe222-9f9c-4251-ab0b-62d077586019,Aaahhh always frustrating. All my videos uploaded now become sooo blurry. Originally it's clear when uploaded but now I looked back at them it become so blurry. New videos also so so blurry whenever I upload it. I don't understand what kind of social media is this.,2
3d805229-a79a-489f-a037-8aefccc9f005,very good 👍,5
4452ffe4-c3bf-4834-9885-e381ba41582a,good app,5
22187540-bd00-4bfe-87fc-5c158abfe235,nice,2
f2b0f019-7103-49cb-8d71-9574cd7c9f22,good 👍,4
29e89e28-96d4-4f6d-9b68-5f4623d3cae7,i think that it is best app,5
c8452fd6-2ca7-47db-94e8-31fbf6b0d4d2,I like Insta gram kindly mara videos viral karo,5
298f41ae-b604-4bf6-be98-6cbff3890f87,this app is very useful and interesting,4
42860bbd-0077-45b4-a51d-cfb02e6833db,nice,4
1389e9e5-fb98-4b8f-a762-c485b6c8bf9c,Instagram deactivated my account for new reason. No. customer support. No followup nothing,1
14218d07-e104-458e-aab4-13b0e4883a80,nice,5
bf3a2d2c-19b2-4754-b680-5feccea0e56d,"features I relied on to create content are now gone, or I'd rate better",4
742ccf50-04e9-4f9a-be1f-1b4ea7cc5ea4,this app is Best,4
2c4196e4-7227-49eb-adaa-4469722fdd90,help All make-up artist,5
cbae8f12-627f-4440-9526-cbd946b79ca4,nice,5
70d26ad4-8e2b-4a52-9b83-b1861e735893,its really useful,5
dc1c0172-0a59-492c-b86f-d380bebfca7b,this app is so good,5
41a6c257-3523-4bc1-a6bd-3c4b26bbc845,bahut kharab,1
4c923f77-402f-4035-851c-08dcdf55fda6,extremely awsome,5
793bc79f-e759-4d7f-8f5d-2ba993332f62,good app in the world,5
8a9b1b37-eb37-497d-9598-d7a11fa72b89,superb,5
f667eda6-3f3d-4897-a385-e0d75b98edf6,block option remove pls,1
173cc733-e54d-4ece-8de4-83990680b72e,🌺👑,5
9bd1c2f4-021e-4d66-8891-3c008ebd6b16,semma,5
244e613a-2614-4f59-92ca-407a214d0446,that's amazing,5
2b45a312-9391-4472-b86d-67be3d8e230d,"YOUR APP IS VERY NICE BRO WHO MAKE THIS I WILL GIVE 900 BILLON,THANK YOU",5
d19f7905-8fb6-4c35-a573-16aa65a324d6,meri reach bdha do insta,5
871a59b0-1751-4d55-b3bd-15eb1ec2219d,🙂 nice,5
73250a73-48f1-4f54-bb20-de2ceceb8204,am so inlove with the interface face and I like how easy it is to edit videos if you're a creator and the algorithm will keep you scrolling for days,5
da77f6a7-f594-49d2-8efc-fe0bad29382b,W app,5
07b348db-45e9-4dbb-85df-90130ffef199,poor,1
9887cad6-b395-4779-b8f6-da8c18fef8a9,great application,1
af49b264-7b0b-4bed-8608-8729062c75d8,I am fine for support now..!!,5
c6f413a2-a17f-466d-b35d-46d24204215c,do best and good luck,5
43cee678-6730-4ce6-b0dc-3565197fcc41,can't log in to my account,1
7969e70f-2e96-4c48-9996-66c9f440287b,👌,5
e6bb20e0-cf0a-4cc0-8150-2d24755ea640,I am very disappointed 😡 Instagram is banning people for no reason this is my second account banned 😭 I try to appeal they asked for my 🆔 🪪 my face to see if I was real I did all that still nothing but the dumbass Ai is banning everyone I went to Reddit and people are facing the similar situation they need to fix this ASAP and I need my account back I had 11 years,1
2e8dd079-3e34-4a3d-81ac-0643fbacd8aa,bet Bdiya,4
89850b1f-68b5-414a-b2be-61edad55ff6e,I like it instagram,3
5a019ac0-4e41-43ee-a7d7-ccd6aa53fa52,nice,5
e9e57ffd-cc17-4288-864e-2dc1a5e6c7de,It's a great app thanks meta for this,5
e65442ef-2761-418c-9648-7a81e7cf3951,amazing app,5
23e99906-fa60-4bcd-893f-4a57d8929477,nice,5
0083538b-9e2c-400f-a9d2-ce6fd063290d,Biggest distraction app,1
bfc8eb3b-0fe3-4c0d-8682-0e86d4a04d0d,use full for environmental using,5
da8f7485-70cb-4664-9fef-c5c4d4ca8ff8,Good app,5
ccfeda6f-d214-4f14-a83f-a6d205b1c2df,bahut badhiya ♥️♥️♥️♥️♥️♥️♥️♥️♥️,5
5d5dcc50-9945-4175-aa99-fb7fdaea2fa3,nice,1
03868417-1bb3-4401-8270-2608a9318bbc,Good,4
39efaff4-7551-4fce-90d0-498cdc9ec2e6,Nice,1
50e49b87-8969-44b3-bf8f-bb926256b35b,i like this app very much,5
c6326e49-519e-4aed-91c3-021abb282785,hii there's a very bad or we can say poor management ai is banning like evryone accounts for not suitable my main id got banned my buisness id got banned when I created new it's also got banned within 2 hours after making now I feel like they can't ruin this much big organisation instgram is useless now I deleted this poor app because of it poor management like we can't even get human support now and can't even appeal worst app ever,1
81ab78d8-fa19-4204-b4a4-1e167b8b14ef,veery good 😊,5
e94bb8cb-d538-40c2-91b9-c96c0aaf6f42,nice pic of my real life,5
b6337e89-7435-44a5-ae49-cfee01545190,Instagram is the best app but sometimes it was not that cooperative with me but yaa i love instaaa❤️,5
f5cb87e5-ebb1-429a-91dd-ede30ae4a7c9,VERY GOOD 👍😊,5
154fdb2e-4434-44ca-a678-328eff39586f,from a very long time i m trying to post on this day stories and its not loading fix this fastt,1
3c7abdfd-a359-4f89-818a-c86e436863af,Videos on insta are slow and sluggish ..I just uninstalled insta .solve this and also scrolling on insta is also sluggish.,3
14ceac70-01a2-490a-bdf4-7fb7c72a02b7,very clear and efficient,5
4377c099-f277-4f4c-a46c-9d887de7e575,good,5
4f62407f-7a36-4deb-a6ab-03cbf0c8cf3c,ots so bad app for less than 15 years old People's,1
52385fa1-ac04-432e-91bb-fe7614368382,Good,5
804a3daa-aa21-48ac-9ea2-108b3f3d6a1c,ok,5
f7e2e83a-a92b-46b1-b8cc-56929030f694,"If I want to have a teenage account and talk to MY SISTER, MY BLOOD RELATED SISTER, I SHOULD BE ABLE TO. But NOOOO, no inappropriate conversations happen with my sister, and her account was deleted and sent to the missing childrens place or whatever for child SEXUAL EXPLOITATION?? Be better Instagram. I'm sick of my sister and countless online friends I've lost contact with through the app because of your poor monitoring system.",1
3bd7911a-3024-44b3-bd17-8a3dcb8aabb4,"Not Getting Views ,That's the problem I face on Instagram 😞",4
15fee2a8-6059-4804-ba4a-28eb7da1f4aa,yehh app accha nhi he yhaa prr sunder ladkiyaa reply nhi deti bhaav khaati hee 💔,5
33456b5d-9103-417d-85b7-1a252d0f76d4,this social media platform is very. disgusting. they suspend all the accounts of me. without any reason. please don't install it,1
aa6a4c8c-1566-4f3c-ab16-2829f4b66b8b,Too many ads,1
5043faa2-ed5a-4b08-92aa-09509bd6afe0,it's nice app,5
891835e3-9026-4590-bea3-0793b95a8297,nice,5
5d718333-f91c-42e9-b460-7066fdb9e433,super ❤️❤️🔥,5
57a0b31a-aaa2-4af5-b412-4ac5bb3d45f8,worst,1
7426c5d4-459f-405c-b81e-d3603ce9cf46,Excelen,5
3a9e4571-9099-4ed1-8e60-208a07a4697f,i can't post anything 😭,1
727bd874-8433-4455-b847-5a807e4e9c38,This is a good platform to share an activity and show our talent,5
fe632a90-059e-4db2-b864-fff90289af1e,very nice,1
5eae160f-9bf1-4359-be91-bc974a6a9bb4,Instagram is a very good app and i literally love it but recently the background theme is not working properly the background theme colour is showing but not the design of the theme.So please fix that problem immediately and otherwise the the app is literally very good and l appreciate it a lot it also suggest posts according to my thinking,4
4c30b909-9469-4441-bc1c-31bf000ca0f3,banned my accounts for no proper reason now I can't even make new accounts they get banned as well now I have to stop using the platform all together. Really really disappointed and pissed at this the worst thing possible,1
46e55daf-8358-44ff-97e9-8c485a7779ad,For adding Gif 😉,5
052cf33e-1e42-48fb-a925-aa8c89008043,Instagram install karke Kiya fayda ek ladki nahi pati,5
2e6fb690-9f98-4b80-a5c7-26c711980488,Lope bgt,5
527dd53f-7823-4b67-a5e4-e69767649059,best social app so far,5
681fb80a-eeaf-40dc-8d6b-8285b621193f,good app for socializing but can you please add features where you get notified if someone takes screenshot of your highlight stories or stories we post in general..I think that would be very helpful for privacy sake.,2
9f7e35f0-a2d8-4880-92a1-27afa36021f9,❤,5
157a21cb-35fa-4af8-b773-5fe138a3e2bb,found easy to use,5
750fa7b0-d66e-4a54-8ab5-eaac0c47d719,"I've been using it for a few years now, but I really like the fact that you're letting me use it for free, and there are some people who share dirty reels, so please do something about them because even kids use it.",5
9441eff3-3263-4b0e-a52d-2d208e3a0e64,it's a great aap for the massages,5
21ad1ff2-7c7c-4a82-ae0b-6bc8baa12868,good,5
a4308a1f-6641-4911-ab4a-0e42076a30c6,for mental issues,1
5e95e3a2-7488-4d79-94d7-5797e21d7d6a,super,5
fd0f6452-e5c2-413c-99e4-7bedea63699b,this app is amazing 😻😻,5
6772264a-64e6-4d98-acc8-2af3a15621d4,"I just deactivated my account because I was struggling with something. and then, when I tried reactiviting it, it said disabled! This issue has been going on with alot of people and they are doing nothing to fix it. I didnt even delete it.",1
01525411-c141-460c-8a7d-ebac6096d3e0,🥰🥰🥰💯,5
42fd9a7a-7bf8-4b7b-b89e-239fb0596fef,nais,5
53a32ae0-f944-485d-9315-502cb2df4d28,very very very interesting app use this app and enjoy ❤️❤️,5
a4a8e7c8-2003-4f4c-ad95-9b816b731dc5,such a great experience,4
b0c549a5-145f-4d16-9f6e-10f07235a51f,it's not use ful more,2
fcfb06e4-f749-499c-96d8-8261cb0c82d4,trash,1
1d1b27a1-d249-4243-9205-57de0e0b667c,best work,5
71809b6f-0ed3-4ae6-95b3-64c6dbd14588,🙏,1
d95ec9fc-cb26-43af-af0d-aec5dd0ec348,Good 💯,5
40ca1d56-40ff-41a1-8b2e-2d065c8f5acf,awesome ❤️,5
138f4d04-ae67-4d4b-8425-2f2650df7d41,👍👍👍👍👍,5
d59cdd7d-da5e-4892-944a-e7a2842e3d36,my instagram is not downloading and I have 18gb of space and good network fix this issue NOW or I SUE YOU,5
951a148d-b7d0-4bb2-a12f-d6101152400a,it is nice,5
ca9aeddf-eb47-437c-a085-ceaaf1b63625,🔥🔥,5
42494b0d-b342-496f-b353-8fde891c06e8,it's enjoyable ☺️,5
f0d231c1-2f9a-4531-9f07-90e9c89955a9,Please make my reel viral.,5
021d0d64-88bc-4a52-9f4a-4ad6e3812e26,"Dear Instagram Team, my account (@Meera_garments) has been deactivated. I believe this is a mistake as I have always folowed all community guidelines and terms of service.I request you to please review my account and reactivate it as soon as possible. Thank you for your time and assistance.""",1
71ea5d5a-011e-491f-bdfa-49d32c89df7c,very nice,5
d4aea750-a166-4f62-b5cf-5dcaf5600293,"I love this app 😛 I love chatting with my online frnds and I love posting story day to day , we can talk here freely, goddyam download this app man you'll never regreat 🛐",4
836b5e24-5ff9-4a69-ad89-154861fd7b0d,lots of bugs,1
ae2a5f0b-5303-4ec8-ba38-9ef20f7e19ff,"This app is very useful for me as a content creator but I don't know why and how? it get hacked again and again and my account name and username gets change be itself, even my profile picture too, and it asks me to prove my identity again and again, it's means your app securty is weak to keep hacker or scamer away from our accounts ,I'm worried about that please solve that problem, and my account still doesn't work properly,",1
c629e6f6-7347-4473-b189-3a3a97d6a87b,🖤😘,5
e83a012a-d99d-46d3-b57e-386c2a955f7e,best instagram app,5
0024aa54-c587-47c7-91a2-0fff13f71a75,THIS IS MY PHONE IS NOT AUTO SCROOL OPTION GO TO THE AUTO SCROOL OPTION ON PLEASE 🥺🙏🏻,5
e777531d-5e5c-48f1-96fa-663c600dd219,i was posting something and instagram keep showing glitches..,2
4a126eab-2b44-4f30-b254-2dfbf0b4203a,nice fantastic,5
d8c0addd-0805-4673-a175-4a4d8b9c5546,"I am beyond frustrated with how Instagram handles account bans. I have invested so much time and effort into building my profile and archiving my memories, only to have my account banned for no reason at all. I do not engage in inappropriate chats or comments. My entire feed is dedicated to aesthetic posts of my surroundings and personal milestones. It is incredibly unfair to lose years of collected moments and be permanently restricted from the platform without any clear violation.",1
832055e0-5068-4d66-91ac-12cb6af46f2c,nice,5
dbb0b168-e53e-4e64-81bf-92bf83a0b8f8,nice 👍,5
091853b4-9ae2-4b1c-b610-aff98a68eb9e,I love this app this is too good 😊,5
390446a4-f66c-4ac4-a929-ddefbf0d229b,this is a best app i ever tryied and it conects as with other peopless🤍,5
eda37c68-4c1b-4ccd-b347-6aab8cb25b09,nice,5
6f353633-f923-4d7a-8d14-b03735c8c06c,the best,5
858fec8b-83c8-4d22-ace0-6c1f9152d554,ghatiya app,1
ddf60cdc-bd01-4b96-bcc4-f3e79615a9d3,INSTAGRAM IS BLOCKING REPLYING TO MESSAGES. INSTAGRAM IS THE WORST,1
9902da2e-1bae-4084-80fd-2964bff18310,without any reason instgram disabled my account...,1
8c557a8e-6a86-4957-b023-e82e6f350f8a,Very good I like this app,4
f4119f73-1ed8-494b-9efa-219ca24c5377,insta is bast,5
12fbff95-7379-410a-a8ee-b60f956dab8c,what we need more than this!,5
6aa2ef3b-65c2-4ac7-a64c-98672e759185,best app,5
31a4190b-8f9b-42f0-9194-ebb202d42250,"My gf run away, demand to delete all our nice post 🥺Ihope theirs a archive thing in Instagram 😥it's been 1week and half ago, why enter an relationship but doesn't have a serious commitment. It's unfair 💔",2
b23d407d-cc72-453e-a0c6-e3263f438de1,"one word ""splendid """,5
db90d83c-e000-4aa2-894d-1dc6d9f3a8cc,very good app,5
9a275069-c432-4c03-8bf2-66dff1ffdaaa,lost bout 80% of my braincells on this app. I love it.,5
2c74546c-5c2a-4920-aa6c-4a72ee44afd3,good,5
875d8682-7917-4ab4-bb30-08d5b327947e,best experience,5
f33ef8da-62ec-4259-b8ea-54b6ea78b662,broadcast channel don't show,1
91fee3c5-e4f7-41f6-ae8f-0ab56ff5841b,why I don't have gif feature in my notes??,1
24625b23-44e9-4452-b697-23b6d1925d98,good,2
a40a9372-5ac5-44b8-b962-2ca3f4e125d0,इंस्टाग्राम बहुतही बढ़िया लगता है मेरे को इसलिए मैं स्टोर दियाहूं,5
76f5c935-d662-4772-973a-1efc3172f504,Wow,5
74aeebf1-4afd-4662-ac35-c9fecb279f0a,nice 👍🙂,5
89c95e9f-2a38-43f2-b5c1-9300a34990ca,bad,1
031d6ca7-3659-486f-b47e-7d560e2c87cf,"I love Instagram. Everyday,I spend lots of time by scrolling reels .And I really enjoy it.And the function and system of the app is better than any other apps.It has a message system like what'sapp and messenger, Post and story system like Facebook,Reel, Scrolling system like yt shorts. The amazing thing is anyone can earn through using this app.We can find our favorite influencers by stoking them. I really appreciate it , Instagram Teammm!!!! ---Rowshon",5
3b86f4d9-6e00-4e45-9862-fe85a4180ab6,khup chan app aahe aapli business growth karnyasathi khup chan platform aahe,5
c6597c93-e60d-410d-9d9f-7d218c7c9c0c,nice,5
bd416e77-d61e-4923-85a0-50a564826fdf,very good Aplication for us,5
d5d8a155-3107-47a3-9958-b6d947a0bb74,my favorite apps,5
1a7da38f-5b91-45d6-9fc3-c621f616a6b2,perfect 👍,5
51879ced-e108-4b55-9300-ee7e915ca6f5,nice 👍,5
64c95057-ebd4-42a4-a584-63c012dc6e4e,I personally love this app but its genuinely every week that it just randomly bugs out and glitches on me then I can't open the app for around 2 weeks. This honestly pmo because I contact alot of my friends on here and its hard to do that when your app glitches out every week. 😒,1
7dede1fb-3844-47d3-be82-2f3c08153cbe,Instagram New apdate gif note 😂,5
f1cc83b4-6d4c-4881-aa97-3b264a495c78,very useful,5
87540e25-f6cc-4611-be53-c13778a25446,garbage. doesnt even work. loads forever when i try to login on my new phone,1
47b38b95-5dce-476b-af03-dd46b0d3a606,awesome,5
a643a190-f753-4c0a-8325-0c2ab2794c11,good,5
7fb058cb-d7de-4561-ba0e-b3c93ebbf5c3,to many ads,1
2c43ca0c-f68c-422f-b553-348bf55453ed,one and only favorite app,5
2f5b826b-063a-4206-b4e1-b27d765ea68a,Thank you 👍,5
e20411f1-a8ce-483b-b446-920b7d625076,Instagram is very nice,5
9439c790-620c-4187-b21b-87e9c5724546,my views is not coming and also not gaining my real followers I'm not happy,1
fd9f58e0-1500-4e2f-a97d-581e11f29103,nice,5
698dd57f-1d8c-431a-a1e5-a78e82d23db2,i love this app,5
3aa43f59-01ef-4ae0-8781-f21194b44d30,good,5
15536092-3d4e-453a-a465-3ddb0d10024d,nice,5
a293719b-440b-4280-af27-e93c753a60ed,bahut achchha,5
671158b0-9694-4d68-a22d-8afd9f20d48f,Instagram is the best Social Media app,5
f76a8302-3f30-415c-985d-c346448eae0f,this aap is best,5
1865d3df-252d-4a58-b821-34261f3c7ba1,so very very nice app,5
95009a69-d234-439e-9213-98afb2b3c953,so suit hat 😍🥰🌺,1
e584bcff-5367-4dbd-8be7-32535496026c,nice duymmm,4
492ad0a0-90d4-45dd-be44-3f1dd1a4f7f3,Good,4
dd24704e-8d12-4a85-9834-51e8c1a4eda2,nice,5
6604768c-ec6d-44d3-a86b-98660d1928c8,great,5
241f3b5f-d93d-4716-b0c0-033009984746,not good only time waste,1
442000c3-0660-49ab-9b4a-5db9efabe996,No profile song and no nickname show in my I'd so pls help me,5
ec005f0a-190d-473b-af48-f8b506a78fb9,l love the following,4
06dce71a-a363-41e5-9caf-4e9b23dacc60,One sided lover,2
86ff962b-a3dc-415f-9f05-9c75118c2fa0,it's a beautiful app,5
ee135da2-a876-409e-b4c3-fb0c26688a47,excellent,5
a0e96628-9a17-43aa-84c0-bd903589ad9e,very interesting 👌,5
1d3d39fc-33b4-45e9-8fc0-d03ad4c9f8b0,like,5
9d81a8eb-823b-408c-b28b-1079a7268b92,"my account keeps following random people on ig, I already change my password. I don't think I'm hacked, I already made several accounts but it keeps following random people. also I have been using may first account for years and all of a sudden it starts following random people and it change profile and name, I thought it was hacked, but I know a lot of people who experienced the same thing, and I'm thinking maybe it people who buys followers or it's the apps problem.",1
68ecc15f-28c6-41c4-8037-544a4bcf239e,best but.views nhi are h,4
68253d85-a653-41ed-84c4-ddfa7673256a,Instagram your lame for suspending & disabling my account for no reason DO BETTER,2
d94c2cf8-10e2-4b78-8fd8-5fc4df210c85,awesome,5
be3bfaab-9175-4ac2-bd1e-b901fa49cf40,nice 👍,5
c8534913-5628-4e9f-b3a0-992dd01b4398,nice,1
079452bc-f4f3-45c6-83ec-de9b977cb641,Instagram is another good app there are good people and they will let you know if someone is trying to scam your device or even have the blackweb try to take control I have many alerts from them Instagram is another very good app for anyone,4
a7d0fd74-4f43-4ef0-bb05-44cba3c8ba69,need the old server back,1
500f88c5-5a61-4fd3-823b-51a31cb4de1c,"""facing problem plz fix it"". i'm entering the correct password and it is still showing that it is ""incorrect password"",also when I tried to reset my password through codes but still it was showing that to ""try again"" instead of entering correct code i tried a lot but i can't reset my password, also when I was using that there was some network problem only in instagram other apps were working properly, also when I unfollow a guy it was still showing over there.l just hope that u all try to fix it",1
31d2e20b-44ad-4cd9-a93b-9fcc00e8ecef,I am very angry with Instagram. Instagram has suspended my account and I am facing a lot of trouble because of this. Please fix this problem. Thank you.,1
f7e18ce1-a8df-49ba-9fb3-634cbac11851,good,5
c95942f3-d50c-4d9c-87f0-9b08e8ef9464,good,4
ec2d08a7-b080-4ed8-822f-c34d3adcdd9d,thankyou insta Team,4
86e94630-5233-44dc-a70c-c8bc46fe79df,good,5
68ef5bd2-e358-49d6-8e75-922ff8c0278c,whenever I am scrolling reels it's getting stopped and not coming any sound,2
4f848ba3-8d17-49b0-9728-34313a70332a,good 😊,5
0dc22ef2-b1a3-4a59-a481-9195f28fe47a,"It's a great app to connect to people around and people who are far away from you; yet still connected through messages, reels, funny relatable moments and, all share different stories which most of us find quite interesting and creative.",5
9c31b2a5-e0e0-496e-8f66-077f51947be2,Zabardast 👍,4
8b2fb717-5330-4381-a3c3-cdc8849055d8,very nice,5
385d7ef1-4319-45e4-be8d-e720ae44a1f0,perfect,5
dfc49e8f-202a-44ea-b1d9-fdd356de1d81,very good,5
a068916a-8716-4f75-a00d-872d5250e0c7,Good 😊,5
77330dbc-8355-46b8-aea0-1a9cd6c79423,very sus,5
5b5b01b6-3693-4ab3-b08b-02761d693392,i love instagram ❤️,5
77ffaac9-b879-4df6-aaa5-2a7f49c8172e,wohh,5
d356004c-f08f-4933-b8d6-84c016686f5d,very best app a instagram,2
271b76ae-1472-43a1-8d8a-6431a76fc9a9,"Super, good",5
8a041924-9a98-4d57-a722-d2a3f054f38e,this app is very good but problem my all id suspended please solve my problem,5
3a85a168-ca56-4a08-9981-ad7aff7813df,"Hello Instagram Team, I am facing a serious issue with my account. My main account is not logging in, and whenever I try to create new accounts, all of them are getting banned immediately. I believe this might be a mistake or a technical issue from your side. I am not violating any community guidelines, but still my accounts are being restricted. Also, I have not received any proper message or explanation regarding this problem. Please review my situation and help me recover my account and st",4
2b8bfa91-f5eb-4a0a-a22e-657e5e6ac386,💗,5
ddd445da-8f68-4aeb-b38a-efdc9fa57a18,Best app in world 😀🌍,5
92696033-20a3-455c-baab-fd211a123fa8,It is a very Good app for the people who are introvert and are not likely to post.It helps them to suggest more and go ahead beyond their dreams,5
21b767af-d8b0-462d-92a3-e40ada4cf2be,best platform,5
045ec4d7-b9d6-41ba-969f-2a97318fb7f3,this app is not working my I'd is didn't login,1
f88e783a-01c9-4353-94a0-2d85f1755150,nice,5
e31be846-e420-4a8c-b046-fb4f0cf8a27c,"Everyone knows this, but I must say this might be the best app ever",5
a4af93bc-4ef9-447b-8e39-d73a6a324509,Superb App Maker Thankyou so much 🫣🫣,5
d35ce42b-96a9-4409-8a0e-4af5cf3fe7c1,good 👍🏻,5
be403c5d-32e7-4ff5-918b-03daa5141484,easily hacked wit Facebook helping ruins live no fact checking,1
17b24fe4-7a23-4afb-90ac-43af10bf6316,problem not view itz_abhii_xyz Mai 🥹,5
25362e70-85d9-43ec-9f09-5ffaa2c624e7,too much lagging all videos,1
53d7af69-47c8-40c1-aa54-3621d925dc26,good,4
2e26d901-816f-47b2-9001-9cf5d5f9636a,excellent app,5
bb6d75d0-6051-4278-b444-10ca8bce25f4,"Ok so when people try to bring awareness to the public u restrict or delete their posts and pages? at least look at the post urself and then decide, not by merely believing the reports.",1
c5d42431-f075-44c7-bc46-da53dbcb3515,Best App,5
a43d5103-8177-4368-ad01-0393d5ed055b,Should have the option to add music note with the gif together.,5
f62f4a86-0aa6-47d3-8790-4e0ba1a10e51,its a good app,4
b9513bfc-6c88-492e-b377-92d18df4c961,nice,5
021be9e1-6bef-4a32-b5ce-bcaeaef56c0a,I really love this app,5
d06a546b-5604-4c55-84fb-ed23ae2b1d3c,need not further,1
c4556902-3400-4105-98ce-136125fa5870,doesn't give good updates on time and bad ones are always implied without it being updated,5
eafbc677-340c-4645-b900-31bc444a0155,my all account suspended why,1
1ff2cf7e-fd95-4563-83fa-fdee3230595a,sice app,5
dd1613db-de05-49aa-96ff-911118bd0ca9,it never works ...its always stopping over and over again !!!,1
4750b062-1f45-4328-8466-25805911e394,such irritating feature,1
95fc0097-9fc4-4d64-aa06-5161621fb9e5,i like to scrool reels,5
a4059664-725c-474c-9d8d-64b21f5cfa5b,excellent,5
5f1ebcf2-b88b-4926-8018-927befd1c2c0,bestt,5
2047dd88-9148-44c7-99e2-d49da3df6355,posts are uploaded and shown something different and cant replace that,1
2884e5f2-49ea-4f0a-849f-d42307d11274,app is wow achi app hai ye reel bhi dekh sakte hai or chat bhi 🌸❤️,5
53dcd879-daa4-47fb-99f5-61c067a8402e,worst app in this new update cant login in my account but whereas its possible to login in browser wow what a logic,1
ed76ba1f-28d8-4b4d-b4cb-a7538598c2de,good 👍👍👍,5
d31e9b71-68ad-4b89-b250-a37f580afda1,bhai update nahi aaya,1
58c9fd47-ada4-4f06-9dbc-951531f3a838,It's a very Smart app for a professional Marketing 🎊✨,5
12766b0f-3a24-460b-834d-d0cecd8ecc2c,i like it,5
ebe69c3f-1464-4ec9-8248-ba2691b1df4f,good,5
a5a81103-7be6-4d70-a7ae-53e1e3f8a943,puka laaa vundhi appp,5
a2facb21-09dd-41de-bcc7-7a76715a2f22,i love it . yaaa,3
7e8900a1-47d1-48de-894b-8b7bfc88e078,good,5
72681f05-a1f4-46f1-b43a-c057b6b1f50e,I'm fairly new to Instagram so I have a head a lot of experience and or time on the app itself,5
485ed95f-e5b2-497d-b7c6-a6de4d1e913f,🙂👍 nice all,5
b86799dc-5e08-4eaf-900f-4be637004aef,My personal experience was great with instagram 😉,4
48159548-a159-4d55-b5b9-45041fcfd102,everything is great but i used to give notes on insta with music it was funny. gif can make it funnier but it stops me from adding music. plz fix it,4
be4b69ec-eeaf-4e29-a484-a05bb66a43b4,👍good,5
fbaeb09c-2f04-4a11-8c15-e28cf02bdecd,"Dear Instagram Team, my account ( your username) has been deactivated I believe this is a mistake as I have always followed all community guidelines and terms of service. I request you to please review my account and reactivate it as soon as possible. Thank you for your time and assistance.""",5
0632c90c-de63-4907-b323-2c71377c676e,dungnat buli🤣🤣,5
fae93363-4c17-47fa-961b-65085aa12e09,Amit Love,5
1bac93d6-e23e-4086-a0a5-07357a9ddee4,it so cool,4
98ce8113-57dd-443a-944a-2419b03b5240,it's ver great but fix the shedule problem when uploading the videos,5
58c2db57-8014-42e3-9cc9-4d49cbbbea77,"it was horrible you guys know the viral video where a group of people put a cat in a sack? , well I commented this is pure evil they should be out in jail for animal abuse, and guess what I got suspended for it?¿!?!? it's my first time using insta and this is the last, even my fb that was connected to it was disabled in that fb account my online games account were binded I'm telling you AI will ban anything when they observe something even if it's little",1
f8963d1c-460f-492a-b137-895f242f1aaf,best,5
a09e1a4b-f862-4bf1-ab1d-2e4ef6e97976,this app is wonderfull,5
aed37273-9267-491a-bb9e-31b00c86e5d0,best,5
5f4681fa-bb72-492c-b3eb-9f2e315ca8e1,এই অ্যাপসটার কারণ আমার আজকে চারটে গার্লফ্রেন্ড,5
9a1d78b2-e109-45f7-a5c4-8504c7c73e99,"really love using Instagram! It's a great way to connect with new people and discover awesome content. Overall, it's been a fantastic experience!",5
f45e77b8-eea3-43f9-bbed-259513cb4cda,Have had good times while on this app it is really gud,5
a3d31731-2a61-409a-9230-bc89e176f970,its Amazing 🤩,4
73ed2659-c0b5-4477-8e67-2cdde5304aa7,reel vril instagram growth 📈 #explor page 📄 follow for more,5
cb5864b6-34a9-46b8-a7bb-8f117c130f6a,"Sometimes, the content I see distracts me from my goals or mood. I’d appreciate it if Instagram improved content suggestions based on what I actually like and find helpful.",2
dc390f84-5227-485b-a207-c06493faa6c3,good app,5
925abd35-bb90-4087-a9c4-1bb60418124b,I'm not getting views from last 3 months,5
831ea50e-5258-45a8-a0ae-8ae71f8c6f1d,this is very interesting app I like very much thanks for instagram creating ❤️,5
796365e8-52b8-49ed-8754-c9761e16d687,fantastic 😊,5
741e4bf7-edb6-4fa3-b552-1f89c5781f99,updates are worst I'm Instagram pro members I almost use Instagram 4h per day but now this update is worst then ever,2
2d7d26ee-d7cc-47f5-92f7-89fe75ac6885,forever favorite,5
6398135a-3f74-4901-a518-f91b7cd72537,Mast app hai,5
7a8b5e14-48eb-43e0-82f0-05ba0fab7452,best app,5
5b280977-6101-4bc5-946b-bb4516cbd0f9,Wonderful Experience,5
03278bbd-4b8e-461f-8abd-225fb7bc1294,nice,5
d79d4d90-5c93-4607-b46d-00ec1cf6bbfa,my Instagram account disable plz my account recover,5
3944fa4c-d7aa-4116-8efc-b0210234699e,nice 🙂,5
bd8ccc53-f611-4f2a-a535-977bcddc7fb0,nice app,5
c5d53020-81e0-48f8-933b-0be868e11636,🥰😍,1
f3274126-bc6c-4ae2-9fdd-e47b286642d5,just time waste,2
01db3acc-7da1-4d00-a8e9-bdc432ebf6ce,good,5
6b460f93-d006-4e00-8348-165861dd00b9,waste game,5
4d92d0eb-9ef0-460b-9fed-09203150046f,beautiful,5
06c4746a-2ca9-4226-835c-d87f21b41c87,👌👌,5
c0e2205d-88f8-4611-895a-d7b22bb0a4c4,good,5
34ef9e2f-6407-4699-acb7-dfbdd27acaa2,best app,5
eceb0995-68f6-491e-a68c-975bd4f3b6ce,Good luck,5
4e50d2e3-9050-44a1-b5f0-4260514f5c63,good,5
64dd81ec-dba7-4af7-88c0-7207ddc22390,superb,5
3f2fd5b8-71ba-409b-bb56-942e3c1b1601,so fun connecting with my loves thanks for the warmth you bring my family we love Instagram fun features and awesome abilities and growth we need for the youth,5
5c6074b1-a25a-4f0c-b149-241159caedf4,nice 👍🙂,5
76270b76-44af-43e0-a696-7c831b4d7408,Mere phone me ye app mat do,1
673ae83d-b5cb-410b-9996-b43a3350a2b6,awsome,5
6c302179-f0cf-4b93-bcb8-e5d2b2a407fb,Long time Instagram user. Love the reels and have contact with individuals who prefer IG over other platforms,5
5c0f4fc9-de96-4a7e-abdd-eabb98b3ae24,nice,5
c8ac7b5d-5bbe-4318-9868-54112c79366e,Awsm,1
79b512b0-de30-416e-91b3-72560b978e36,very comfortable application,5
78b69e89-9340-4463-ac61-7b3676600c52,nice 👍🏻🙂,5
97856ac1-1003-4834-817a-083e47965e65,"It was a good app until my banking app flags this as an Remote Administration Tool. Please, fix your bug as soon as possible or I have to keep it uninstalled for using my banking app.",1
544f6cf3-4b4d-407d-a759-baecfdec0ad9,I Love it,5
2a5601e1-3aac-4ee9-a808-55d5d43b8cc8,bad either,1
bac2657d-c97f-4ce1-8ed9-1779c56932f9,having g difficulty with out permission given,4
88a71c0a-95ec-421b-8b01-8bd4cc0d3a39,very nice 👌,5
e3812296-55a3-4048-9d30-63d92a5fab62,nice,5
047e06d0-659f-4879-8767-fc8fb902bf5d,nice app fir to kal media,5
bbbcb2c4-959e-49ff-82e2-82c35441f266,best social media app,5
a3a50101-116d-4497-8f89-558069aef4f6,"I get ban for noting , since Ai took over, aka mark of the beast",1
fa63c2d6-5a00-4241-807a-839f871ccd6c,✨✨it's 🆒,5
8ff9392c-7a46-447c-82d6-8972c441c8cf,nice earning application,5
7fd6e280-b5bb-42fd-a50e-f89ef9d7d8c4,update not available,5
b54260d3-f79d-4843-9bf1-91fb2012af33,plz mare id block mat kro ma apka app ko bhout psnd karta hu plz 🥹😭😭,5
0a7dd9fa-41b6-4123-a647-8928c7b5ae3a,pretty good,4
83b51e28-9884-4fe7-88b0-35320e0c1a85,"I hate it when it keeps on spamming that I can't repost anymore, unlike TikTok I can repost all I want.",3
846de6ac-2ed8-4458-92c9-829193db921c,instagram I like it reels enjoying my time,5
0c87ff0a-4ef9-4d23-a5d4-f564e3d12f9c,Best App Of The Century For Entertainment And Chill,5
6d2dac55-31f8-492a-a39d-c69b9eb1e770,💖💖🖤,5
72b1e155-5e2a-4a32-86be-e021a4464e5e,social conection...,5
ecc89642-3d32-4f01-af57-228f8ccd9e90,vip aPp,1
d7b96297-e94e-451f-b678-3942406e88b3,amazing,5
86745661-933f-4c80-80bb-4fb6ed72d351,"Hello Team, My Instagram account (lokesh.xox) was disabled by mistake. I did not violate any rules. Please review my account again. This is very important to me. Thank you.",1
84b2ab20-00c7-4b22-99a7-3d3d75715718,it's nice to use and I like it ..,4
ca7a1e0b-730f-4ead-9ede-1bab2f7e474e,good,5
281292e9-89fc-4b21-a0fb-0b514ab534da,best,5
3507fab0-adb3-4d4e-a4fe-b1eaf20f0edd,i cant login from ig application in my device however i can login through browser and any other device leaving mine ... its been about more than a couple of month and its really frustrating,1
17ab0c57-0961-47cf-aa72-e29bd0927b44,Bhut Aucha,4
e59a81d9-b2f8-45cc-88b7-c02de766ead6,"I've only ever had minor issues, I use it quite a lot.",5
5bc12e29-1953-49ca-9783-792ff2f7da59,veri good app I like this,5
46708ab9-95f2-4bf5-9662-83b1a9302fb8,"“Ngl, Instagram is actually fun to use, way better than TikTok for me. I really enjoy posting here and the vibe is good. But bro, why do my videos stop at like 200–300 views every time? 😭 that kinda kills the mood. Still like the app tho, just wish the reach was better. I’d say 4/5 for now. Maybe check my account (SHURAIM HANDLANA) and see why the reach keeps dropping.”",4
4d2c94db-f504-488e-8a36-c6dc7bdf7871,best,4
6c9977ea-be71-4357-99da-b490d8751130,Story not getting uploaded,1
b00acafa-4110-41e6-85e3-67efcded09e3,very nice,5
63ede7f4-37eb-4708-98a7-49474472e9f4,❤️‍🩹,5
50576c9a-6dac-4f58-9d69-0dfd0bbe30a0,Fun like if it were many apps in one 💝,5
4f4e02d8-c835-4ee9-aadd-52506c58050a,"ye app bohot accha hai isme stores, massage kr salt hai mere hisab se Instagram is best app💓💓",5
4336d4ec-ba66-4c77-b0b4-e3b8b42b8742,creazy,5
0bfbb562-7779-4162-92b9-27ae98f842bb,it's good I have been using it since 2020,5
aebd1e10-f6da-4a02-84fb-d53ff6e2a07f,Too much distracting app,1
5f4c68a4-4350-4cbe-85c8-10199bde5ab1,Good Performance,5
979058f6-09e6-4da7-8dcd-49ed95e9c633,instagram is best,5
b2cc8e05-135d-4e12-bbc7-5e7ec739fc18,it is a cool social media app. 🔥,5
34b92335-5703-4e2a-961c-51e0f7e720c5,amazing been using for 24/7,5
2e9002be-7b57-49ae-af8a-7fb0c4f3f660,i love Instagram 💜💙,5
6ce425f2-6f6d-4bf9-8441-fcc7fd8e7323,😂😍,1
2be5f35b-ab70-42f3-83a0-96070e2dac1c,nice,5
40470fa9-ac99-4791-ad20-d0bc38eecf70,can't repost a vid,1
caf815a3-f3a5-41db-acbc-ffbfc9a71c63,"so after the newest update they REMOVED existing features like reel zoom jn instead of adding the MISSING ONES like AI voice effects. still didn't get it. the emoji slider sticker not having a custom emoji button on android, and why is REEL on stories is now a STICKER which means you cannot apply filters to reels (it ONLY applies to the background,, No animated avatar stickers in android, it's bad. The user made filters are GONE and to top it off can't share a comment on story only on ANDROID.",2
6474f3bc-a25c-4813-bd52-372336ce9750,super cool app,5
c4be57f7-ce42-48df-bed0-f0b2119f7492,Goood,3
3308db01-b3cf-4519-8cb8-9e352cde610a,"Dear Instagram Support Team, I hope you are doing well. I am writing to report an issue regarding my Instagram accounts being repeatedly suspended. Despite following all community guidelines and maintaining a completely clean and appropriate profile, my accounts are still getting suspended without any clear reason. I want to clarify that I do not engage in any activities that violate Instagram’s policies. My account content is safe, respectful, and follows all the rules. However, multiple acc",1
3aa475a4-bd38-407d-ac66-c6cade6fc54e,❣️,1
1dd1c38e-e455-473f-b6b7-6dd8a87577c3,nice,2
f0998c31-b292-4e3e-bf36-662b884dfba0,💞💞,5
a4090d49-73a7-49e6-9c35-73db5c415093,cool 🔥,5
cacdb964-abf8-48a6-9e01-fc3f8051482e,my account was not logging and other account also not logging saying incorrect password but that password is correct plss solve my problem!!!,1
2a39297a-2c7b-4d03-9429-8188d9df27e3,this is so disgusting app .I have a business page in Instagram that got disabled for this my facebook account got disabled so I had so many problems to face with it .and then I think I will buy an account and and started my business again this account got disabled without any reason after I updated instagram when ever I created account every account got suspended and disable in few minutes so how can I use this app ? I do too many apprel but insta didn't recover my account. now what to do? tell,1
7b677542-8170-4d34-b91f-ed6326bd7487,This is very good app,5
eeb4c7e4-9f39-49f6-a8eb-b2f1ca2cabb6,instragirm is a best app🤗,5
e8b5d764-7f74-4329-ace4-1225e9d3c903,I feels like this app is almost intentionally design with bugs to frustrate you. it makes so since for a company as big as Meta to keep this app this bad and buggy.,1
2e2ca08a-16e2-4dc8-8858-5bd76d802f84,yes i'm like video,5
353bd539-c69e-4816-9569-4fa322099f9d,Not dawnload no girls message,1
f451c6ec-11f3-4ea9-9b40-b15aad519b3c,Instagram 10k followers Mony erning,5
d0a63ed6-48ab-4b83-a995-a3013114dbff,i cand explain in words it's good,5
6bc9b599-82c2-433c-9b32-f779504c5c97,kitne he video daalo kitne he I'd banai reel viral nhi hote,2
693173e7-c022-49a9-85d4-7a2e18333ffa,Very Good,5
9d66ad33-4823-413d-9cf0-56954dac9cc0,I can't make video calls,1
74b1cc87-8b31-438f-99ee-6a73d885943a,amazing,5
e9e07359-bbf6-4c6c-b362-ad7e52d73179,very good app,5
1f168a02-cfcf-4271-bfd5-9b3698994848,Need some improvement,5
cf729f87-8acf-47bd-9e7c-0fe1855b2d71,😄😄,5
dd315eb4-f2f0-473e-8fc8-a4ca36f17035,please recover my account ms_darbar_07,5
ca2aac85-a9b6-4e46-a0df-5e909b7acbbe,nice app,5
f070aaa1-9ad9-481e-b4e4-f3667dd4b7ef,🔥,5
b672868f-f964-44f8-a561-7d767d52ed9b,Instagram is very nice app and i love it🤍,5
1e066a6b-323a-4dcd-acbe-6e7c5bc15cec,nice ☺️,5
a1596a88-dc45-4d87-b47c-35a6606c654a,radhika ye app bohut aacch hai,5
d2136c22-8bbc-46cb-b851-add2f5ea3fb8,i doesn't have a repost. that's why i don't see who repost my post and the repost of my following,3
90a0fdee-9246-4d43-94e9-ab2a9e97369f,good,5
62c7aed2-0412-4aa8-9dcc-8eb636568f80,very bad aap very inconsistent in showing active now feature its incorrect always everytime it show worng active status don't download this app,1
7e8d223a-b80c-4bce-9f3a-cd0317d078f8,amazing apps,3
272cfc6e-32d9-4826-a1ae-8b6d578d3293,nice,2
8e6fdf44-90af-42a3-8857-a8d358cb0fa8,very good app,5
0b695cfe-cc53-44e0-ab3f-e6b666fc8e17,cool running,5
94dd95d5-6cc9-47c7-b1a5-621fe9c88a38,🤗😍,5
32e9441c-9a99-461e-9a05-d75f3f714792,nice 👍,5
92935745-161c-4461-ad38-918759ba516a,easy to install 🤘🤘🤘,5
153fe925-bf5f-44de-b4ea-22947853e1fb,super,5
9caa2c2f-7112-4cea-b3bc-5077de61e6a4,very sweet app,5
d96494d0-ef87-45dd-8603-827ce3fa8773,good,4
c2b1031a-7f51-44fe-b605-58c1ac3747ee,ye bahooot badha fasadi hae,1
057fcb45-7dde-4b8b-ad77-91fc2bc92167,why this app is suspending my all instagram id without any reason this is not good 🤬🤬🤬,1
facfdb2e-4174-4a23-a1b6-49addd6d58b9,Nasad,5
712021f2-a39f-4d05-baa6-b86eb064afd2,I love this application 😍😍😍🥲🥲🥲😁🥲🥲🥲🥲,5
e420284e-0a93-4f05-9c49-6b6b42b01c97,good,5
be8267ae-8109-4e34-b641-e207ef24af50,good,2
a09593df-ee9c-427c-ae83-1533f907db37,nice app,5
9ce642b2-8d17-488d-8b4a-3c2907fbca27,id is suspending many times,1
e8770f3a-df48-4a35-9cca-76fad6ac0e66,alguna vez descargué esto para ver fotos,5
a4483e0e-3d9f-4c55-ade1-6851b018bde1,my life ma ❤️🫰,4
f3539477-a8a5-413e-b1e4-17528beb006e,❤️‍🩹❤️‍🩹,5
81b66a90-de66-4b7c-98ba-5fded22a9b14,bestest,5
0cd764ca-df17-47eb-8ec4-4f9a1aa147bc,hamare insta m open has stopped btaa rha kya kare,5
9d0d16b0-ea87-43d7-9d43-d5e10462963f,for a app that has alot of money in it.. it has a lot of scam products and I put I don't want to see this and still see the scams,1
f9c43ec7-5f41-453a-98e5-1a9ae7c2c612,not bad application but this is only for adults not for 10or 12 years boys or girl so please don't use this application.,3
f9a60d7a-409c-4ec2-a5aa-81f45f2a22a5,Good,5
e6deb400-0c5a-496a-9707-d5a92c72d9d1,this is an amazing app Instagram on this we can chat with our friends or anyone and we can create our own videos and it's so nice I just love this app 💝💝💝💝,5
b0540db6-da00-4a8a-bb5a-d7b6daa1a6f5,excellent good,5
524ce958-c8a4-4e3f-b485-147c96a5dcc6,that's good,5
5454c17e-972f-43f2-a982-478ee59833e8,Good,5
708e116e-6465-49f7-ba19-52cc77de0e2b,very good...,5
6d1459ff-5c21-48a3-b9b9-203895275059,very good app,3
8023fd71-ed19-445e-90c2-a1fb8c8b8c9b,better app,5
2b2da822-47e7-4d4c-a9d2-d26a17d58bb6,insta download kyon nahin ho raha,1
b2d10f65-bacb-485f-b940-d68f1f348444,we can message our friends 💗❤️ watch latest trendy reels💎✨,5
dccef47c-e874-40a3-a51d-6d79a752ab01,nice 👍,5
e0f39fae-09b7-4abf-96b5-6113b2d7e9dc,𝕞𝕠𝕤𝕥 𝕖𝕟𝕛𝕠𝕪𝕞𝕖𝕟𝕥 𝕒𝕡𝕡,5
c28a51a5-dd87-416b-a7f1-029f66cab329,excellent,5
bb9beb79-6fe5-43c7-962b-212fd351cce8,not download problem,5
90bac47c-7a41-435e-abbf-9b69609fbcbe,superb,5
6f5e38c8-4f13-471a-a017-82f9453c9aa0,it good 👍,5
4ec855c8-8e84-4fbd-a951-fa9eba46e321,good,5
4edbff3f-108f-46da-9d4f-5435e0026519,No explanation I love it,5
35a77296-fad8-40c0-9bdb-ee19ec0065af,best app,5
b576d851-690a-4a1f-a3cc-f0be702b878d,stop banning my account frequently,1
3aa17e21-6701-4548-a281-276b0d6157a2,very nice aap,5
5e69488a-c62c-447a-bb0e-81aa47f2f551,I'm facing problem in instgram.like login and password problem I request you to please well my account_axuuuuu______ and _axuuuuu_____,1
67da60bc-08e3-4e00-bf51-08bee84f2ed8,It's happening again. Every other day something seems to change for the worse. Favorite social media app is being ruined... Please fix it.,1
e7effef9-4a7a-4983-8cdb-4ebd1156903d,it is really cool application,5
96a92b4f-f6c7-4da4-a552-c971c89bd548,very good app,3
1a25c8b2-fb18-4f39-9e83-eeb04f619b55,1000000000000℅ good👍,5
c6559a4d-fa6e-43fd-a25a-82bc63a53e32,😘😘,5
5ecb0933-4cee-4e3f-9151-5fbffbe7cf19,nise,5
3636a1af-2126-4935-9308-699a652a6c26,love you instagram all time 😘😘❤️❤️😘,5
557802a6-f84c-431c-9c6d-81cd23b20d17,this app is very useful for everyone,5
c1f38571-7eed-44e3-9ce9-c34c464f3d0c,gangster,5
bf735941-0aa4-4435-a4dc-c007745eb900,great,5
ae141b6e-dc63-4c97-8313-f6508f986983,nice,5
a5cf4add-b776-4eec-9256-ae5adc17a23c,like,5
d2b25624-b8ee-4239-96a7-d7f50357778d,The world No 1 Social media App,5
c282dee9-fe00-467c-8c21-00b17239bb10,🚀🥰,5
b416e280-5a87-49c9-b66f-387a9599357d,Why is the filter not applied while making a video call?,5
6ee834df-8721-4f81-9011-7ccb4103f503,its not working rn it keeps closing its self,1
10dfc721-4151-46e6-862b-16fd11d6bb7e,I just like it,5
46809197-7013-4009-a4db-f550fe19c797,It is a very bad app. This app will suspend your account again and again for making a new account. and it will take your personal details to sell it. Don't install this app. Even I uninstall this app. Thank you Be safe it is not a good App after all for me...,1
34b34fa5-dc4f-4803-877b-69418772718e,not for men,5
3081bae5-92f6-4c7a-923b-d2ded0ec98be,jamli judan 👍👍👍👍👍,5
661839a4-9608-4dbb-b17a-e821a819cab1,bestest app for me,5
fbf2266c-4ebb-44cb-87a4-5c7fa0dbf923,super,5
f8c6544a-1d6b-4cb8-8847-339a1d45888a,"Instagram is a very interesting and enjoyable app to use. I really like the reels feature because the short videos are quick and entertaining to watch anytime. Besides that, I can easily view my friend's live when they share their story. The app was so friendly and makes it easy to stay connect with friends and share their good memory and the last one. It's the fun and have smootb social media experience.",5
d1cae571-e8ea-40e8-bc11-d6f3c873f16d,good,5
7d9f8bb7-8872-4d93-9f90-eccadce7910a,"My Instagram account has been banned, please request recovery in English.",1
d427a165-bbff-4fa7-a194-8750493db5ce,good,5
c27e26e8-1dc6-4ee9-915d-aeb46e43b175,v bade do,5
98731397-00e2-48ff-8689-51ac73c2862d,nice,5
6c571b31-20b3-4214-9e6b-86cf5319041f,🤎🤎🤎🤎🤎,5
2bf6cf39-89f0-467c-aebc-bccdfe93b4d3,this app is good but I'm having problem in signing up,2
ac681e32-e170-412e-a24d-d9a92043bce1,everything's just perfect 😜,5
fed93cc1-0170-4881-9047-8b8dbf8a4e37,only one star of rating is must for this app beacuce installation is very slow and bad .. otherwise service is best,1
11975b9c-5cc3-415e-9d15-b7d1538cbfbf,best app to talk with freinds,5
121d1169-e024-48b8-980e-582dff071624,good,5
27ed6ea1-04a0-4b85-b989-de84bb1686f1,perfect,5
6888b968-67d4-4dd6-a91a-e0db0435a4d3,ig story terpotong di xiaomi pad se 8.7 inch,1
10c95cb8-290b-49de-a6c3-c9087b2e0383,I'm great feeling,5
c8fb2e32-45ef-42d7-8013-4c7052b8cd2a,hlo instagram team. I'm unable to login my account since 4 days .i have done all remadies including clearing the cache and uninstalling app and account recovery also none of them worked and when I enter correct password still showing wrong password entered.as well as when I put new passward still not able to login. if you have any solution contact me,1
5b028ba7-afdb-450c-baa5-ac923622aeea,good,5
715583d1-8cc6-4681-adc6-af511795ffda,excellent,5
13fc341b-4462-4e90-9de3-13e24910c582,sp app,5
7fab08d8-d0ae-4c53-a2df-b3e50c441d24,my happy place. #contentcreator,5
1ce90b61-8475-45d8-be23-90568e70adb5,nice,2
fe8e4ecf-55a2-4d82-8cf6-68b895c53af8,very nice and beautiful pictures good app : : : :,5
fef51553-52b5-4dd9-9a15-3bd64d0dc25c,Instagram is best pure duniya mein sabse jyada best Instagram,5
2c429f9a-5119-4443-8140-7a8502087651,open link to Instagram page but always redirect to home page. are guys can't fix it ?,2
5e5d1854-827f-4929-8d50-cc381e1c2cd7,best,5
a9366dc6-5dda-47f2-b8a2-882376aefdf2,Yas,5
cee6bae3-83c3-4bfa-ab1d-0110905d7de5,good,5
ad053f94-a9b9-4d35-8927-3daa614ad467,instagram is the best for talking and watching reels and all and instagram have an ai also and we put story on our choice music thank you and my account name is dotoje_ please follow and so Some love thank u,5
0cbe1000-adc4-4ed6-a512-61067bfa1cba,"videos will not play without pausing a million times and my Internet is fine....Boooo, tomato tomato tomato, boooooooooo",1
dab4e4a6-44d3-49dd-b620-8a47cef98f95,my Instagram I'd got hacked,1
91590b49-5703-4727-b4e7-8b3ca3b95018,Adds are 50% of my feed,1
2989ef32-8a79-4f09-81b0-e180ff1c8883,this is best aap,5
ecd1c9d4-22ec-401b-b49f-0702c398081c,good,5
565373ec-1eca-4b4d-9b71-b2c6cbd2c7ea,loved it,4
3156aa17-c570-4d8b-aba3-d39c057e39cc,entertaining app,5
fe4bced6-8c78-4570-89b7-6a478bcb8212,good,5
3e064fef-2aff-461d-bb65-2d57cdbbe9c5,"what is wrong with this app, I've been using this since forever now my accounts got suspended for some reason and take note I just made that account recently and haven't posted anything or chatted anything yet! My account got suspended earlier, I sent an appeal so I got it back now the same account got suspended but I can't send an appeal because for some reason the number that I used is not valid? what? it's the same number I used earlier when I sent an appeal! I'm so frustrated!",1
7a5d67f4-5735-44ea-967e-9bc7e1702bde,absolutely love the new update,5
c05a9ed3-f86a-4c83-8c72-b81f905bcf22,"Bot system from Instagram disabled my account which I created in 2017 , have all my family n friends there, just because I created a backup account, both my backup and main account got disabled. improve ur system Instagram team.",1
c6e4d45e-a29e-4a33-9284-30512ef7d7a4,excellent 👌,5
8b2eeed1-65b5-4cee-a2e2-89c08e293f4b,"it sucks, they always suspend my account even though i always follow the community standards.",1
e8d47eb2-44ec-46e9-b25b-47bafc7709c9,interesting videos,5
67dfe55b-2a6d-463f-98eb-6233799bc46b,"Instagram is an excellent platform for sharing visual content. The app offers many features such as stories, reels, and messaging, making it easy to connect and express creativity. It’s also a good place to discover new ideas and trends",5
ee799846-1207-4f21-920a-96fc602bd111,like,5
39479397-01bf-4f47-af9c-9a4e94640a0e,"Please add URDU language in app reels translate,and whole wide using language",2
dfd5f616-7b13-483d-b358-2a74f6eee993,too much corn content,1
1ff7ca9b-f3b3-4521-9596-f786767d66d1,thank you,5
6f3179a4-c8e6-497b-b2ce-abcb8b23919b,uploading videos is often an enormous chore that often fails at the end and have to repeat the process. sometimes multiple times to finally work,2
b999352a-ab70-49c6-b522-0cbaa8d9a7ea,okay darling 💗,5
a46eaf62-6a70-44f7-a240-0ac4714644cb,❤️❤️❤️,5
5c2bc857-d538-4a29-8fd5-58221dd09288,FOREVER A FAV APP😝,5
f3609198-ee51-4de1-8640-8885d48baf49,no money,5
6ced6bf0-6fd8-4d86-b13a-e5ddc33da0d5,I have very bad experince with instagram it suspend many id without any reason it's very very bad app don't download this app.,1
51d82d81-bbf7-40bc-b037-5249e54b5547,nice,5
70a23d64-8a0a-4d01-acf4-a8e89a7b0727,the bad app ever i don't like it and i don't use is the Instagram brainrot thats so crazy and i don't like it and 1 star and may be half but enough,1
c1eb2f4c-5dcb-4436-b85a-5a6b91b8ccf7,so bekar,1
5918f767-ef21-4f92-b1d4-1b8c2406a50f,Great,5
ea0563ac-ec74-4f4d-89cb-62c62ffad93e,Little bit buffering,4
271c299e-5f42-49be-80e5-e1f69be4d998,👍,5
413b6e38-850b-4f34-9ea4-e965b309b5ea,this nice,5
77ec57cb-2c46-4a79-95c4-d5f7ce5cf44c,This app is kinda good I love to use this app,5
0ef72af4-2a71-4a52-a51f-627061b4b4b1,nice,5
d6a2562e-fcb1-491d-9316-d31a8a5729e9,nice,4
6661dd6e-5fe2-46ad-b62c-80b26fefa919,good app,5
68e7705b-da05-48e9-b3bb-3dd1f5fa8e16,i love this app,5
49ac1a11-19be-4ea9-9cc2-63bd9dc75663,"when pausing the likes, comment options should vanish & should show only the reel new update looks pathetic",1
353e9316-3c5a-4601-b3dd-30ffeaca1665,nice,5
ccbc42e6-2cf1-454b-bbd6-8b13e6eb090e,"Meta ai has absolutely ruined every one of metas apps. At least let us turn it off, instead of shoving this horrific abomination into our search engines and down our throats. I despise meta and it's stupid attempts to modernise it's apps. also pumped full of ads right now and has constant bugs.",1
8ab53870-0310-453b-82ea-d1e626e6db18,I hate dis app cuz why y'all keep suspended for no reason makes no sense like come on can y'all leave me alone and let me have a account without suspended it this is getting annoying,1
ac17944f-ae16-48ad-9cf8-6e89ee2a907a,wow this app amazing 😍,5
9810e759-fd42-4720-a21a-acdb69468349,best time pass application,5
51314bdb-ad3b-434f-b8eb-c5a1e43f64cc,good app,5
b518fcf4-4362-4b71-a6e3-50d39097d7fa,very bad app 😕😕😕,1
a5d21fb3-8a2c-4b9b-9dee-2907fc44a8c3,yas,5
5c183de7-a9b0-4a46-b662-0f802d688380,because my girlfriend is in Instagram,5
c2e970db-7b6f-44ff-95b4-b5756d721417,bahut hi bekar app hai use mt kro har baar id suspend kr de rhi hai bina kisi reason aur mobile phone ko faaltu me blacklist kr dega koi bhi use mt kro meri 10 id suspend kr chuka hai ye mai to star ki rating bhi nhi deta bahut bekar app hai meta waalo band kr do iss social app ko,1
5a08c898-5544-439c-b791-0a3549f6b60d,good,4
50913c49-5f20-4c6c-ba78-72ec4d27bfb1,super,5
7a949a11-484a-4f77-861c-efb9a90147e4,because I share many things about that,5
fee0508d-e7ef-467b-a43d-08255c84eb25,ghatiya app Hain ladki reply he nahi krte,3
9af96c4f-afe1-4c56-a67c-dbdd22c3fa8f,"i rate only here 3 star because if I got many followers and view on my Instagram and Facebook account, I will give 5/5 star ⭐. I promise. I have been uploading videos but my video not go any of viral. I am so sad 😢",3
a2252997-2e61-47e8-bf72-c0a74f1e7d2b,at first i was always on tiktok then suddenly i just started spending mo time in IG and it matches who i am and gives me relatable and reasonable reels,5
6706ccbb-b69e-4f8d-9db8-1aaf59d1b5c8,seriously? banning for no reason? remove this ai auto banning innocent people bro 🙏☹️,1
5845a2a5-ce1f-4292-b071-2d1e1e2b2b20,💓💓,5
74287425-0a92-49e1-ba80-08c7ee5ce466,i just love instagram,5
e31c080a-5309-489f-8e42-8142b47419b4,it's good app but region problems there and Instagram bans some innocent people's account without any reason and somehow i feel offended becuz my friend's ID got banned even when they created new account🥲,4
88f19400-6e65-4d7f-ab65-1e5359149bcf,like,5
dd7c3d32-1fd7-4266-846e-215caefe2472,good,5
9e077d9b-4212-4e53-a57e-7e5eabadbdec,very useful app,5
0fc90d48-473f-4376-95f5-68fdbc0ab4f1,From Bangladesh.. it’s good,5
551606b9-a2c7-493f-b3ee-af897bacc7c2,nice app 💯,5
3ece34ab-1bc7-45f9-a8d2-c20d14d84b89,veryyy guuddd✨🎀,5
2c0dba16-0e62-4130-9af8-6a3039516b07,Anmol,5
b3445afd-b573-4c90-abdf-74815bbbf236,this app's latest version is not seeing my phone,1
08d39276-684a-4d8b-80ec-1e0c77377869,"It was doing fine for a day, then I got logged out, so I tried to log back in. It was working until it told me to put in my phone number. I put in my phone number and it said I had to choose a different phone number. They had to text me a code, though! Very dissapointed. 💔",5
21442dd9-a27a-4943-a42e-0f589cca3103,"real nice that my accounts get randomly suspended and now I have to send in a video of my face before I can appeal, this is stupid and I can't talk to my friends or my gf at all without it being labeled as inappropriate for whatever freaking reason",1
f3c86edc-d1db-4517-82bf-2e0d11ed1b97,ads,1
af3881a1-78bf-44e7-bf17-0f12b176b7bc,worst app,1
3786484d-5caf-4f71-88d3-0cee907fec02,Amaging,5
5b520ea7-b37c-4149-8537-22fcbde2f73d,"Hi, I am reviewing you regarding Instagram account that has been suspended. My username is randombozo8888, and I received a notice saying that I need to provide ID with a picture of me and my birthday for verification. However, I'm only 13 years old, and I don't have a photo ID yet. I have a birth ID, which does not have my picture on it. My mother is willing to help, but she took a picture for her passport that only shows her face and name, which I understand may not be sufficient.",2
c34bdc87-0377-41e1-9a75-7fb8ab7a2923,waste of time with moneyy,1
03c43ba1-4fe5-437a-bdc2-92263304c67d,good,5
ab7189f1-c534-434b-9d07-2b881007d17f,what the hell is your team doing why my all ids got banned without any reason fix my integrity or else I'll not use Instagram,1
5a5e648f-22de-4b26-8cb7-813990cb8676,"pongan la sección de seguidos que no te siguen, giles.",2
37df96fc-9f63-4e08-a1ac-e04cbda26e51,very good app for learning,5
8edff391-e8e4-4874-902a-ec65971265a6,supar,5
4e7fcc08-2b0b-4291-95ec-ac2f3a69ef79,excellent 🤩🤩,5
7288e3e2-9d7b-4f5c-9df6-13ae468e096f,moja app,5
144b3292-2f7d-4e18-946c-82d7f4a56ad5,Instagram is good but samsung man talking of way is 👎 bad,1
1e5a9115-0fa5-439a-948c-3d873ad57c38,I like it,5
68fcb6f0-ed1c-4513-8222-aaa41685e872,more useful to learn something and tor timepass,5
92d2e912-a94e-48fb-b450-a7da2e05f9f3,veri nice 💯💯💯🙂🙂,5
40a8274e-52bd-42fb-9fca-132926172fc8,Nice app,5
347ec42e-83e4-4d95-81b3-7c0f11b5c892,nice 🙂👍,5
c2760c3c-bb2d-4f74-8438-5b6dddd41772,Time waste ads,1
24fbccaf-8c7d-4365-98f5-3f9aa0189338,great app,5
11c14d0a-817c-4fb3-bc29-33e2b2596737,वाओ😍😍😍👌👌👌😄😄🫂🫂🫂🌹🌹,5
73b3bdb9-d438-4786-afcf-0fd64a332882,privacy app please,1
65d9a7bf-e9a2-47e4-907f-ecb697bed85f,it's cool ig,5
21e9675d-53ce-45ec-970d-f2b6ff25b28a,very nice 👍👍👍 app,5
2faf03a3-ada7-4fcc-9e4d-ee5e166b26c8,good experience,4
054d2ceb-ef08-44f4-8300-b3b2ef19015d,excellent,4
8da8b5a4-5dea-4cce-8d40-9a2e735f0b0c,good,5
263afbed-dd65-4cb4-8e20-1ff3bed77588,Marvelous,5
1807e580-0028-4903-9671-4df8b71598ad,recently I am facing very worst features of instagram. I tried to login my account but it fails . my account has been disabled by saying that I violated the community guidelines. I have many of my memories in my account. but now it has been banned permanently. it just want to say to the Instagram team to fix this as soon as possible.,1
4d2d6d02-ec06-4f96-aca9-e4552401b38b,good experience,5
5f37cea4-f022-43d7-bc60-36d3a3e86989,very worst they have disable my account without any reason,1
abd38246-e297-496f-ab15-1c517a2f01a9,Ok,3
d16f14df-3486-4e3f-a611-1178db6c94f9,osam,5
5d8365c2-1d73-4e11-b57f-2325e78bc356,good,4
ebb8ae74-12df-4ddc-b028-29b782d28fa1,good but only thing wrong is that i cant chang my settings because it says im underage and im not,5
58ead332-2996-4293-bed2-52bf85821fa6,👍 Best,5
acf9aa50-85c0-4254-9bf6-f09e7dc12237,updates are slow asf and the app itself is,1
db2b58fc-f5fa-483a-a321-ce803d849d37,Mast life Bhai mere ko bhi chahiye,5
d90386db-c62b-4ecb-8ddb-5c236b083f8e,______bhadu29 bhave any person mentioned story then I rementioned the there can't show in my story,1
aecc6de0-b493-42c2-b0d2-a234be112be0,very well,5
07029311-46ad-4867-8838-8c85d133eea4,🤝,5
48ed63e9-796e-4c32-a3b5-50b511f2a5ac,wow super 👌 very intresting and entertaining and gives many ideas,1
a5357b7e-f4e5-42dc-ae19-b7ecbb70b5c2,its a bit buggy,3
060ff59f-c28b-4bde-acc4-37d0f8c6b29a,good app,5
99e868fc-d9f9-4de5-bfa5-baf213558178,wow,4
a2158f33-5dd5-47e2-853a-618bfe19ca19,"insta has some glitches, it do accept old and new password to . while log-in",2
c760c413-0e6d-43cc-80e5-faa49cea886f,my favorites app,5
93724a54-91ba-4bda-ad53-683bafffa59b,Eeww the new update is filthy and extremely bad; Instagram is the worst app🤢🤮.,1
e7faf726-a811-4b91-b6e8-9e4a15312ffc,better then expectations yrr,5
e67fcb2f-a566-4f44-8b9c-d186ab80d92b,good experience,4
10e434aa-86d8-484a-8d44-baadde42643d,it's very could,5
e77ebdac-f420-4d9c-ad4f-416d3c174754,सोशल मीडिया पर अच्छा कार्य कर रहा है,5
cca93bf7-47f2-4b19-bed6-6fa94c120bd2,it would be 3 if not owned by facebook,2
6bcfcee3-1f35-4501-928f-fe0912cc6cbb,This app is so wonderful. I like this app.,5
caa2eea7-0651-45d8-98c3-9c5ef46e3c94,nice,5
1c354292-8223-4e5d-854e-78a099a814b8,nice app,5
ae995e96-f945-40d2-a611-e2b2ef745a00,very good aap,5
52ac791c-23f3-4ed6-b6df-6438ce27d405,Good.. 😌but the mention count is less......,4
c983074d-1f21-4b37-905a-893f9a2c5581,nice 👍,5
328cd1de-8541-4c62-b79a-f81d428a90f9,very bad,1
46db041e-2079-4df0-9d57-ef13cb5c0dbc,it's a very amazing app,5
eb4cfc15-5a32-4635-a75a-63f40950d679,good,5
1a432bee-cd50-41e4-923e-2236579dcafc,nice,5
a249866b-e75a-43e3-9ccc-679e586f8c17,my favourite,5
883b8eda-7e65-488c-889a-6894702ccda8,"Mera channel mein 200 se upar views Nahin a raha hai username aayushyadav9633 My Instagram Account freeze Because when post any reels or post they are not Kecommended to the oter reed, cxplore pace or reels section My Account Problem Screen shot also Mentioni Below 1 Request to you Please Review My Account And Solve My Problem Thank you",5
4a580206-6b63-492d-a1d7-65e11df213cb,"My ID was banned or suspended without any valid cause. What is the reason for this? Please put a stop to this practice so that no one else's ID gets banned. My ID contained many important items, all of which are now lost. I want my old account back. Stop banning and suspending IDs. Otherwise, I will be compelled to take legal action.",1
acf8e520-e567-4d52-80fb-1f57b76b695f,ok,5
56c44795-879d-4852-8cbe-ea8c0cf717a6,nice app,5
29d5da1a-f71b-430e-bad2-62093216d169,Instagram ka ak alag hi andaja hai,4
395e6f91-4e27-4f2b-a26a-856d0f5ef191,"I can't look back at my memories anymore. I pretty much always have them to look back on but it'll say it doesn't work try again later. I have cleared cache, deleted app and re downloaded the app.",3
7e374982-32a5-4da4-9e5c-b3e70c58297a,my account disabled please recovery account Rohit_pandit.757 beena koi galti ke desbled ho gya please check my account,1
7cf73dac-7496-4241-983c-62d2e68e2278,slowly been nice knowing more,3
7b0aee43-c6aa-4254-9b63-07f7c6c7b665,"""Dear Instagram Team, my account (ghostyouout) has been deactivated. I believe this is a mistake as I have always followed all community guidelines and terms of service. I request you to please review my account and reactivate it as soon as possible. Thank you for your time and assistance.""",5
6ef08aed-7508-4ffa-8dba-12cb33de9bad,i am not have backup code not come my id plz give me id,1
4bfe2083-21dd-4307-a50a-17fee73299ca,"worst social media platform. someone anonymous from instagram has taken screen recording and screen shots of my private chats and it has my personal pictures, i have reported in the help portal but the account is still active and people are resharing my personal pictures and chats. No action taken in this breach of my privacy by instagram or Meta. i am being harassed continuously in the comment section but the instagram/Meta is not taking any responsibility or action",1
658974aa-06bb-4ed3-a639-73d265c21fe9,goated,5
3b07bac5-c0ca-4901-b80c-34975dac9d41,This app is a briently app for making friends and help us to enjoy our life and instagram knows our emotions who? I don't know but it's good 👍🏻,4
830ae619-7634-4ab2-967e-31091d28e53f,would not make calls after updating,1
f8e07d74-c522-41fc-822e-9ae6f236440e,"I had a very amazing experience and messed up by not securing my account using a verification app, so now I got hacked and failed to retrieve my account, please help me. If there's nothing to be done can you at least delete the account for me. its the one with 1k+ followers (Knowl3n).",5
0199d1dd-51d2-4f06-83bf-4a6be3321b86,I love Instagram,5
67b99539-dd79-4cca-b25c-23937be73976,worst app......better not install it,1
a55ba369-7679-41a9-bd27-c7815a6e912b,good app,5
cf678373-d2d4-4ebc-b84e-c5d7a857e15c,it is interesting 😀 but not good 👍😊,5
f9e613b2-94c5-454f-89a1-6a32dd2c1b9d,very nice,5
25603e87-70a2-43be-b35d-a333b72b4be8,Good,4
c68d23ce-2d6b-401b-abf2-5d2ad5db7d25,too much!! had a bad experience.......,1
5c889b5b-e9c3-47a7-bb16-463756a0442d,great app,4
1c3a226b-d2ae-4966-be52-be6d51a0fda1,nice app . dependent on my situation,5
0cde68ef-5b28-4add-bc47-a74dae296cd1,"lagi akong nasususpend, pag ako na suspend pa rereport ko na si insta",3
6546c554-a0f5-4e23-aa31-ab02707fa394,"Honestly, I love the app, but I've recently noticed that it suddenly stops working or freezes because I delete chats, and it stays stuck for a long time even after I uninstall and reinstall the app. I hope you can fix this issue because it's happened to me more than once.",1
a88bfe7d-6462-4d66-a29c-156be8ab8d4f,good,5
56234c56-c16b-496f-b7b0-73e11e5625e7,everytime I make a account and I have to delete ig for like a minute and I try to download it back and log back into my account I can't log back in,1
62651d07-1bba-432e-8bef-c6998d837de2,super good to connect with new ppl,5
013da555-3013-45e1-8757-e59540cf422e,my account suspended even though I don't do nothing this is so frustrated,1
5b0631a1-3b3b-4b17-9a1c-52aa6d616a92,super,5
7db2f128-ed54-4d8f-92d6-2e046dc01515,nice,5
925a5315-bb7b-4bc9-8183-5209efc9cfeb,good 👍,5
5711c2d4-09d8-42ca-9eee-7ccdb54b51cb,it's good recommend,4
d7675948-e514-4aa5-9688-d16bc298dc26,"All of my accounts have been suspended without any reason.4 id suspend plz 🙏 Furthermore, if I attempt to link another account—one that has already been suspended—and try to create a new ID, I still encounter unexpected errors or ""incorrect password"" prompts, even when I enter the exact same password. Honestly, this app is extremely frustrating. I am exhausted from trying to explain to you that I haven't violated any rules; yet, all of my accounts remain lost and have still not been restored.",1
fd99ce8c-293f-4995-b68d-80023a2f19f8,tbh it's a good app!,5
ced0f6a5-0e8c-42fb-87c9-8c7039271265,GOOD,5
495a57d0-b6f9-412f-aafa-814c2c26853e,"Remove the ad break feature, it's greedy and ruins the experience",1
179339ef-ea5b-472c-9aed-89e5eaf3190d,I have 2 accounts with different emails. My alt account was suspended suddenly for CSE even if I almost don't use it and my main account got permanently banned too even if my alt account has it. Appeal is nothing. My account was falsely accused of CSE. Lost 14 years of memories and my international friends. I tried to create a new account but they banned it easily too. Shame on you Meta.,1
fa80f45c-0056-4397-bd45-1e73979896e7,"VERY BAD, MY WHOLE INSTAGRAM ACCOUNT GOT SUSPENDED, THEY CAN READ OUR DM, NO MORE PRIVACY",1
f31b567c-d318-4a28-bd81-7d5e3e5d2342,good,5
76ebae72-fd18-4df4-a392-b78e096b2432,"messages suddenly aren't in sync on the app, but work fine on the website. imagine being a company like meta and spending tons of money on AI nonsense when they can't even get normal features on their app to function properly.",1
5c2674f9-3080-46f8-ae7d-17a7b7c0c4ad,just muah,5
c975349a-acf2-470e-ac78-3677ecb1b40c,definitely a real review!,5
99c8f184-2462-4e1b-ba69-eb85c0f18eb3,good,5
ed89e2c3-10fa-4a2f-a40d-9239074455c0,it is too much addicted and the sudden change in content type can make us exhausted and effect over emotional stability and it also feel us tha we are doing good in scrolling and it effects over performance in studies and also it's some features is too annoying,1
b293d27d-fbe2-417d-8c5c-955e191b3b18,There are no good aspects to this app. I would list all the bad ones but 500 characters isn't enough. This review is already at 131,1
b13a0585-590f-4ed5-a3c1-f1f92d47628a,it was nice app but their is one mistake in sec to sec it was not working properly and sometimes it was like hank,4
041b6389-2aea-48f2-a03c-29108ecfea3d,"They make it hard to report pedophiles and they also allow alot of scam ads, and people doing sexual stuff in public spaces but hey the ai report tools knows better than an actual human support. Instagram needs a wake up call.",1
d7857246-588f-41af-bf72-324af85d66e3,"all is good except for the quicksnap, sometimes the caption is not showing and when it does it just make all the letters all capital and i hate that cuz it seems like I'm always screaming and also after you are done with the text the caption nows displays at the upper left corner in all capital letters which is so weird tbh. this isn't like this before so pls fix it asap cuz quicksnap is widely use in our area",2
7b306256-5d28-495f-ad30-aa9345780d60,this is really nice,5
da984e20-4a1b-46e9-af96-db8b4c276c14,"It's a great place to see and hear from new people. Especially, the fine women.",5
b82cf24c-ec7a-4f82-b246-80584be06e26,I am always happy with anything I do on Instagram I love it,5
c74d0779-8608-48a9-8a38-4bc581462ed1,"easy to navigate and find people/videos, but messages was a little harder to figure out alone with how to make posts but it was really easy to get",5
13c65a4c-a005-4f83-957d-da6e2f823bc1,thank you so much 🥰,5
946c2734-2ff6-4643-ba95-2e8c4b4cbe73,Good,4
ff3616c0-6746-47f6-9fa7-a643ca461981,good,5
f852d779-0f6b-4b92-8508-7967b97202cd,all is good but my account not encrise,5
9a2b9555-a851-4c10-8088-fce052ee1f44,are meri ID 3 din Se report hai meri ID open kara do 48 ghante se upar Ho Gaya timer please meri ID open kara do,2
c4515631-313f-40e2-90bf-5e99d897bc84,Nice 👍🙂,4
d34bbf34-1829-49b8-a605-e6ab74577e12,nice,5
85b3c772-0192-40a8-bfe0-7342cc74be91,this was very good and amazing,5
49016a68-abeb-4cad-97d4-e0f78626e068,too distracting if you have control over yourself then it might be good Don't waste your time because it never comes back it's too precious ND enjoy if your time management is good 😊,1
a4f3f309-3f5f-4718-8ee2-5ab1e3c8833b,i love you ista,5
1db316b6-aaeb-4973-92ab-cd747cf87cb4,good 👍,5
fe559229-bfc7-4105-93ad-a769a1261a5c,The best,5
d8c6ccbe-bdb4-4e6d-aa34-b0e4cdde8245,a good app but I can't rap so what the hell you got me on this app 😭🐰,5
a400b226-833b-46dd-bc6f-faf6d2add7f0,i don't understand somethings in it,3
70964dd9-0652-4b3b-a370-c029f6ee3a85,best,5
ce47b60f-143d-4d80-91cb-82d7030e0691,good meme ig,5
e7fd6be7-2a77-4f1c-a61a-c40686b02ab2,Nice not gonna lie,5
040ab39a-a4fe-4613-9ce3-ab90249081a7,its a good app but i hate how you make an account and suddenly you'll get ban for no reason when you're not even violating any rules and its annoying.,1
f91621e8-1d7b-4450-b529-489233321cf9,"was nice, until today when my ability to clear the UI on reels went away. cant view full screen. now the app is worthless. should be a toggle in settings",2
5426c226-44c9-4cd8-8ecc-106760778e36,Best app ever,5
c7a3a93e-d3e4-4a34-b9a4-d4d09d7c6801,i wrote an essay about instagram in my cambridge exam and scored 205/210 marks,5
372fd584-2699-4f90-a0a0-d8a1e2f636f2,"Day by day, people are becoming slaves to screens. 📱 Especially the younger generation—wasting their most valuable time just scrolling on Instagram. Instagram itself isn’t bad, but the short video system (Reels) is designed to keep people hooked. That’s where the real problem begins. The question is—who will take responsibility? The platform, or us? If this continues, people will slowly lose connection with real life. It’s time to be aware and take control before it’s too late.",2
9e62ebab-d498-48f6-a4ba-f89c5d06f358,I have not been able to get into my account for months. I have tried all means of contact with no response. I changed my phone and number. I updated my new contact number but OTP numbers keep going to my old number which I have no access to.,1
e8e19dbb-448b-413d-8c5c-2ea45d54b7ab,Updates needs improvement but Instagram is great I got reported for nothing I followed community guidelines Check My Account,5
4a6b4a78-5a93-4d3d-99de-8032ebb7ae3b,"Lately, I couldn't repost any videos or pictures in my feed because apparently those were ""against"" community restrictions, when it's literally not. I've reported the problem multiple times, but it didn't work. I even reinstalled my insta, but it still didn't work. Please fix this ASAP",2
369846c7-bfcd-4960-bc8e-36afc01f6224,Nice app,4
7e8c92e3-a4ca-4898-bebc-44d3f228f2b7,it's fun to read and see what other things and stuff 😊,5
3b8689ab-13e7-4d60-9143-57736914635a,good app,5
d52461c9-3b20-477e-b669-e0459b7dc398,works good,5
908912d8-a980-43c7-b02b-e3b2fdd48bbe,I don't know why you keep suspending my account is it because I live in Nigeria,5
c3ef7d1d-08d4-437f-a9fd-5cf941191b31,it's great but l wonder why my content doesn't reach the audience i want like Instagram is not pushing my content 😭,5
f20a4eae-2c48-4cb8-bc45-8f378999f3f5,its cool.. still learning,5
6e85ef9e-0c3b-4c41-a5f5-c331bd664c67,good app butt bugged out that they have turned more into paid promoters then a socializing app,3
e51c96b8-c8b5-42f8-94fe-29ee45d4e973,who likes getting their METAdata sold...,1
3aaa75e9-802e-4231-98bc-065ebac15505,goood,5
833091ed-cb0f-4254-9857-f2a139971d34,nice,5
dcb8bf94-7fbe-4ac5-b19d-fc08f3dd64fd,my accounts keep getting banned.,1
464f532c-5aa6-4036-9ce7-e5eddfbbc83e,i like it,5
f3a1bdd5-e3cc-4c32-8f3c-ccfa5960e7e6,Suspends your account for no reason and the makes you repeat the same retrieval process to no progress and doesn't even let you download your information it's has done this for 5 bloody account. Kisses me off so bad,1
2ac6c5b1-5ffa-4b12-8876-9ee21e52ef79,Love a bit of Instagram 😍,5
55297237-b45e-42e4-8493-f4000a9116e2,I am unable to login with correct password. Same password working in browser but not in application.,1
2f60bbe8-c930-457a-af5f-7fb8587fe4f7,very nice,5
8927fa3e-b980-4ded-a2d0-540768d767fb,it reduced my stress once connected my Facebook page,5
a96e4cb0-63a1-48b4-90ba-b336d3a238bc,wonderful aap,5
24c647e0-837d-4f2d-a276-db18341c1740,useless App,1
c50d917f-5fe7-40f7-aa2e-21dbc652e563,"ah!! so,,jus luv it",5
1d0185f8-17d8-4053-afaa-33bc17e344c8,my account suspend,1
9032b37d-5c27-4660-ae7f-0a4a1177bc1a,bahut jyada good 🥺💔❤️‍🩹❤️‍🩹❤️‍🩹❤️‍🩹❤️‍🩹❤️‍🩹❤️‍🩹😔😔😔😔😔😔😔😔😔😔😔😔😔😔😔😔😔😔,5
99fda5b0-7e9c-4450-8bda-1fb617c0aa3e,it's the best but I want my account to last longer,5
c20c766b-723f-46f7-9baf-3d6f7ab78e5e,"Gives you copious amounts of options for notification settings, but completely ignores them. I tried turning off every single notification for my 2nd account, and I now get MORE notifications from it than I used to! Something's straight up broken with it. Terrible, had to just blanket block Instagram from my phone's settings because it absolutely does not follow the settings in the app. The annoying part is that I still wanted notifications from my other account.",1
f03bda6c-74b5-49fa-905b-5b86506d7448,"about a month and a half ago, this app suddenly has turned into the most buggy thing I have used. I am on a p8p, and when I heart something it doesn't show up but makes the animation, the comments do not match the content, and picture scrolling is unusable. I hope this is in the process of being fixed?",2
b64829e0-e33a-4aae-ac7f-fc55d3b273e1,I really love this app,5
e7154a21-6eb4-41b4-861f-0c858eb0070f,Why is Instagram randomly deleting accounts for no reason? Please fix this issue; the app gets worse and worse with every update. Fix your policies and loopholes first before you delete people's accounts for no reason!,1
ca9065d5-a605-474e-a49f-5b98771d3b77,best,5
32d5ef9a-a073-4df8-a2fd-ee8772325b62,it's good but I don't get the new features to all my accounts,4
baf1907a-b970-47ab-a661-ec2a90747e71,O instagram tem meme demais. Pode ser um app so pra anuncios locais.,5
bd08d662-3372-41e3-826b-9fe2cc6b3a56,good 👍🏻👍🏻👍🏻👍🏻👍🏻,5
d2f4fa22-0ebd-40ee-8ad7-17850e3f6ead,thanks instta Allweys. interduce entertainment,2
ea2ecf75-ce26-4146-bd8c-4d79784e9ca5,Alhamdhulillah for everything is good 😊 and the heartfelt thanks for you guys 💪✨,5
6ffe73ec-c910-4833-846d-491f35ae2fe1,I love it,5
d36a09a3-feda-41d5-9b4a-d34fe2756422,"Please reverse the update on ads, where the link is located in the stories. I tap to go to the next story but instead end up at the site. Move the link away from where my thunb taps!! So annoying",3
29e548f3-aa56-491e-a714-76c414bf0ac8,It good,5
a00b619f-9db2-4b96-be19-fd0de5dbc612,Instagram is perfect but PLEASE ADD AN OPTION TO RESTORE THE ENTIRE SAVED COLLECTION FILE PLEASEWEE,4
df7fdbe6-6599-4dca-a32c-cfe72508d027,It's a pleasant experience!,5
40f42ae3-2a8a-49b1-84c1-7e65fb3f25cd,great,5
8a187d31-ab83-4447-be72-2ae4844ae736,its gotten better over the last 6 years,5
a68f5d87-9bf1-4d38-8254-f365b4aad632,the best for social media newbies,5
2e0c1000-0252-4693-8155-9cfb257fdbb1,"Cada vez me sale mas contenido que no es de mi interés, y ahí muchas fotos de desnudez en la plataforma",1
35d5dc30-74ad-45f4-91d4-df6387569d42,I just watched a murder video don't download this app the people who have made this app are sick in the head and they want to make us all sick in the head when the video was reported nothing was done meta is morally evil they could easily find this video on their own but they want engagement so they forced me to watch it on their algorithm it was wrong and it was disgusting what are they going to allow on that app next I believe they will allow any illegal activity on it now,1
fbb59ad3-6201-4f50-a7bb-dc9f5c84a434,"Instagram is amazing! I am glad Instagram optimized the app for Android tablets! Love using Insta! Reels are fun to watch and sending them to our friends and the blend feature is too good cause videos that come relates to us. I like how Instagram got many privacy and security controls especially like who can view my story, and close friends only.",5
804a9165-86d0-413e-bf3f-fc2e5c035ea1,excellent,5
4971e227-f781-46a3-ac84-716f94089050,good app,5
32891587-f65b-400e-99e0-9855b0b44bac,does it's job,5
a3ba1755-6722-40c1-8b0e-1554553748c7,The best,5
4707981f-5993-46c1-b290-e5727c0909f6,"laggy, can't normally watch reels, can't upload posts without getting errors, a lot more eds than before, and not like there is less bugs, each update more and more bugs",1
13ec1b7d-6e50-477e-9058-f654e38e70ec,it is bad because it is slow,1
590abfd0-4a5f-4654-a41f-533dd274ce93,good,5
488a9bf5-ed87-4c00-b816-f486d7925dc7,"it's fine, cous I met new people",5
debed04c-f104-49cd-91d3-3938c4ea02dd,good,5
a5e28247-82ab-4272-aace-75afa3aedbe9,best app to me,5
78fc2224-dcae-416b-858f-0d993105eb6c,best of the year,5
cdd4ff24-e6d6-4f92-b5cf-8161565bddc5,Nice App,5
f48d7c0d-95f1-4ae4-8bbe-0900d07fde31,Terrible interface. Awkward and non intuitive. Dumb,1
96e0046a-ba7e-4cc6-9c9e-fbd288acda75,great app. super addictive,4
5214efbb-7942-4efd-ae09-c6b8f4183ce9,good,5
c7f6ed08-4e77-40d7-bdec-386ea197a74b,It's very interesting . Soacal Media app,5
3d70cb08-ca94-4b86-90e2-4d089f866a55,"The story memories aren't showing up, and the reels almost never play... Please fix this.",2
7ccf6eb6-bf66-43b5-9282-8d6129d7d12b,"grow, connect, and evolve with YOUR TRIBE$ VIBES",5
22a7dff2-adce-4349-85f0-32770072e1a0,🤗🤞,5
dcc56a7b-9c0a-4f55-870a-38f2f0912b5d,"Edit: the new update makes it impossible to hide the UI on pause, so any text that shows up behind the UI is permanently unreadable. Boo. Taking another star off. They keep flipping back and forth on the tap behavior. Annoying. Bring back tap to pause, please. Other than that, it's a good way to waste an hour or 6.",2
a764132e-6e8e-40b5-97bd-f1dc57b88fc0,THE BEST EVER,5
773502fd-9730-45d8-88b8-b0d151089725,"Instagram, please can you do an update in a way we can add a photo to an existing post?",5
feb22d0e-f833-4048-baf7-126f6a14e9dd,great,5
0594f3cd-810a-46e0-a614-4f75ccfd53c6,"enshitification continues. i know i don't follow people back, STOP SUGGESTING THEM TO ME. nothing but scam and grift adverts, seeing a post of someone you follow is a rarity.",1
fc1ae5de-2e6d-4065-a5e2-a7d7c9b95933,Instagram is very interesting app,3
c26412d7-9d11-45c9-8315-e05e8331dc9b,A very great app this is.. but I wish Instagram can at least try bringing to people's attention on most cases of violations and guild lines because everyone doesn't know when they are doing wrong most things seems right but someone might not know until his or her account is disabled please help us on that even a direct message can help people become conscious of what they don .point the mistake directly to help new and old Instagram users manage their long time accounts cus it pains thanks 👍,4
6e1361dd-3108-45ac-a5b2-33f58edd0fad,"has gone HUGELY downhill..... restricted hashtags, having to paying for reach and scope and losing content from human artists that have been followed for years despite set to update on posts",2
1a31085f-49d7-4a64-8c4f-fdb29225c16b,nagga nach good work🤡,5
af2acaa4-12bd-4a58-bfb3-bd80448ea479,I love it,5
41485cae-65fd-4221-ad3a-60ad6553affa,Using insta for 4 years but it dont promote good edited vedios but prefer ai vedios and weird stuff something it shows alot of glitches like unknown errors or something like that but still due to my contacts I'm forced to use it 😅🥂 I gve them 3 stars about 1 year ago but guess what they deserve one star instagram is the useless app ever exist,1
dbac3fc1-c28e-4443-be29-0d82664e90de,i Love 😘,1
f4cd9df6-b356-435e-bb4b-fd420be1a5f5,I was trying to send a video to my friend and it was not working it has been a hour 😭,5
bc3e6564-969a-4422-a24c-d4162f21059c,bhot ac app hai,5
eabbee2c-66ca-4e1b-8556-65385a21a5d5,"What's the problem? It's like my account is being closed. This useless app. Three of my accounts have been closed. I thought the first two accounts were closed because they were joint accounts. And the third account was closed for a day, but it's been closed for a while. The third account, I only used it for 2:57 minutes, but it was a car release. I have three accounts, please activate one of them. _prashant_13_ prashanr_harel_1306 prashant_harel_2006 One Please activate the account.",1
1e4696b6-fcc1-48bb-920c-88af44d54d01,"App doesn't work properly. Verification codes coming from Facebook that are not accepted when you insert them. This is a serious case of total invasion of privacy. Instagram needs to fix the problem asap. This is a joke ,really. Who's behind this,seriously?!!",1
11eb25a3-efd1-4eb1-90b4-f2db8c05d921,GREAT! 👍,5
e3112c9f-e1c2-413d-8079-11cdce55d0aa,great experience love the app works awesome all the time stay close to friends 🤘😝 speak up or shut up lol 😝,5
401fa9d8-2006-4574-93c3-cdf25ea06564,Dear instagram team I am having a problem when I went to open My instagram account then show we disable your account fix my problem thank youuu,1
75a70ca0-a914-4e9f-91a8-8ea15a7c55e5,هو الي خلانا مكتئب لا تحمله,5
ecc3ebee-ca21-460c-95c6-17e24975bcb3,Premium,5
1a1d7c38-b746-4069-b2d5-8e266f7f897f,best for reels,5
f93482cd-b5e4-4dfd-9e79-3a9705d8aee4,COOL APP FOR ENJOYMENT FUN AND REELS,4
8b927666-4664-48d1-9111-e08245042ce2,so cool mane just wish it didnt take up sm storage 😭✌️,5
054d2e4e-28be-439d-880c-84483d95aba0,Awesome,5
9719f8a9-bb29-4038-9356-cecf087ae2bc,worst app in the world,1
30be10d9-8154-4ac9-8c09-41c39f6f9e96,mashallah,5
1eefa4b3-eb1c-4b05-a2b2-f116b16c31c4,instagram incorrect password problem solve that really an bad point,1
6a93d8c4-1017-4923-bddc-f6678555f3d0,best social media app,5
55bbd11d-0142-4636-8763-f49ffa501824,Instagram new feature not working.,1
ff6105b0-58fc-494a-a166-6669b36893e6,acha h kabhi kabhi samjh nahi aate kya keru jo colobrite aana laga,4
84c01d94-d0da-4957-9ca2-32b59b224c43,here are something fault ...my Instagram still not updated,1
355828a6-bf83-4ecf-9db1-b4aa04e77521,"I love this app because this is a platform which we can use for posting videos, watching reels and chatting with each other. I really love this app",5
e5585ae4-fd94-431c-bc28-06b164d480ff,very good all way more better than ig lite,5
afa04978-7d88-4b6d-9d93-bf0c312b720b,bhaiiiii lysm this app is goattt,5
6172daea-e595-4ab3-af47-e0e80eb2e02e,सुपर,4
e48e1f04-bc34-419d-84e9-61254440f0a1,one of the best feeling shering aplication,5
1c28e242-110e-490a-9816-9e3d30219c28,"Instagram 🐐 tik tok is corny, this is my safe place 👀 yt shorts better than tik tok, but Instagram is just to goated to be mogged by another app",5
4b2a4750-c804-4f58-9091-3043c48e8087,मेरे दिल वायरल करदो,5
eb0ed310-af93-4099-beb4-b97b6855fb20,I'm having problems logging in my account it says something is wrong and I don't know what to do,1
ca749558-fe86-4ea7-bd25-31560bca525f,very very most expensive,5
3eafa00f-9684-472e-977b-ef8842c8775d,Completely broken. Says my password is wrong or gives an error every time I try to log in. Password works in Opera but not in app.,1
984fa1c8-08cb-495e-8257-ab1ad2176f20,😤😤 This is very Bad app. I had created an account on it many years ago but they suspended it without any reason & later I created another account in 2024 but these people Disabled that too and along with that I had 4 more account and they Disabled them to without any reason but now they are not letting me. Created another account and even if I create one they are disabling that too😡. This is very disgusting .😏,1
5f04e933-6f83-4a91-affc-798703b8f272,🍁🙏Nice 🙂 Jai shree Ram ji🎉🎉🎉🎉🎉🌾🌾🌾🌾🌾🌾🌾🌾🌾🌾🍁,5
d5cc6a55-f87d-4297-bee6-562c6113d49b,It suddenly doesn't let me repost wth..,4
06475878-edf6-43b1-b500-a266017fcdc5,so good so nice 😍,5
1cf26296-0b06-451e-98d7-86e629e8c31d,ok,5
9f2df024-a90e-4bf0-a1a3-5cc3468bb5a1,excellent,5
5746eeb5-8d5c-46f4-a5e8-a53de445413e,🫵😀😀,5
e2dc3e2f-44bd-4e02-87ee-f263350b4155,W app,5
e47d4de9-c709-475b-9494-4beb7e99f2cc,repost option mre instagram account m n dikhta h k khud k reel repost kar sakun n dikhta option voh repost k option kyu n show rha h k khud k post repost kre,5
8256a335-0d63-40b1-be7b-15310427e573,Awesome!!!,5
522ac05a-9256-4fe5-bf56-45ce8ab67a23,very good 👍👍,5
5a3ece55-6ba5-44ef-bd0b-739f5d31b04c,loveing,5
c086eabc-1b38-4d7c-a176-014e872cc4a8,enjoy my time on Instagram,5
78fb310b-3c9a-4d69-b10a-b06130f6fb8a,not bad . but my reels are not sharing this app . I suggest to instagram should be visit small id . and help to grow them,4
b9053180-1c08-41fa-a11a-6290c14d6057,"overall i love the insta but it just shows those videos or content which we have watched, no new content and its so addictive like i cant even live without it for an hour.",3
1f1ccacf-9bc1-4f55-9759-fc55151000d1,good,5
06e2c101-79b6-448c-995b-faafa0914684,bestest app i used,5
34038c38-56bc-41e8-a7b3-0da4d79aa70b,Instagram response nhi kar rha hai 2 days hogaye,5
f99b0ca9-701f-46ef-b18c-9cbb314ad3f3,my favourite app,5
9d1e06a2-69bd-4a64-a55b-a1336fe08ee1,viral my reels,5
d21e8489-be60-4144-bc3e-5415204d3708,tsssssss bihh keep on suspending my acc even though I literally did nothing like dude lemme breathe oh lord😭🙏🏻,1
89448f1a-85eb-49b0-a63a-42e1322df44d,worst app I have ever used before,1
625291f6-a186-446a-957e-dd1608cd2534,it was excellent,5
c9bde387-77ea-46ae-a768-e12f304dd200,Good,5
c9ec25d4-304a-4f7f-ae66-cd7972781367,جميل مع الشعب!!!!!!!!!!!!!!!!!!!!!!!!!!!!!!!!!!!!!!!!!!!!!!!!!!!!!!!!!!!!!!!!!!!!!!!!!!!,5
35f18272-fc81-40d2-ae7e-20dbc67b880d,amazing,5
cdb2bc45-9625-4de3-a64a-f84be2372e36,just use it for the aesthetics,5
913ff56d-009d-4266-98d5-1d79db325801,nah,5
f8e7dc2b-22cd-4428-bdb2-a6b02c59c98c,I love this App but it is no populer me please help me i want make caleberate but sad😔,5
c12a408d-f1b8-4b63-b94e-5659dc7224c2,good,4
1e0b3a38-5cb3-4b2e-80a4-e8dd71f9cbbc,it is Soo good,5
5f77ad90-aaf8-414e-9946-11b0555e24ba,super,5
d054f33f-76ed-41c9-87ad-fe7dd2a66a25,amizing aap download now. and creat reels,5
53fcc1d0-4100-4b44-bd75-cfdc9d3b86f9,i like it,5
cf3ad232-491f-466b-82d5-1c35bc9008a5,it's nice,1
755fef6e-1c95-46aa-a231-84bd1754cbdd,Instagram is amazing. I love my online friends and reels,5
8642a15d-32b0-4f92-b07c-b64a3139e200,this garbage is so buggy nowdays. billion dollar company btw 😂😂😂,1
157ac4a6-9374-4a65-984b-14fed90b8180,cool,4
4d5f1ff1-debe-4fa2-9489-4b4e525f9019,amezing app,5
26e4c022-ec6a-475d-8af1-0afc075bda9a,Superb this the most useful social media platform,5
0e5b93fe-318c-43ef-b839-8a7f45d9048a,insta hai bhai aap ko to pta hi hoga enhe reviews ki jarurat nahi reviews ko inki jarurat h😅,5
8e5a2974-5cc3-4d57-92cd-f342ba636f36,it is give me a chance to connect people and express my feelings,5
ac38e1c1-7b0b-40a6-8af1-f2bca86e92dd,"I love it Moreeeeeeeee I just forget YouTube, whatsapp, snap chat every I forget ....... its just a nice app",5
b09b2f36-dd45-48f0-97a7-de32ce31e81f,Nice,5
270ee3b1-f26b-4f61-8f1e-e8f27a075bd9,great,5
20749a0d-599c-46a2-bd19-5f0e711ab0b7,it's very beautiful post reels so beautiful,4
81cd3138-330b-4edd-8fb9-f2c829fd1518,excellence experience,5
8ec4aef4-cef2-4637-97f8-28e028558933,i like it,5
aeb257b9-f05e-4bb0-b9d9-630f2f1cd735,okkkkk,5
10631f8d-29c5-43c0-a2e9-46a25a68c08f,Excellent,5
fcc34140-476e-45f6-b3e0-235bd60c4dea,nice,5
438eb77c-45a5-4924-870c-319504c4b3a8,excellent app,5
f964932e-3e9b-426a-a161-e18ac99257e7,This app is just the best,5
39cd7726-8f70-4b78-ba2b-ae176e59d940,ver slow to install,1
48dc3735-e0c8-4f7a-93ce-2dd4eb29233c,love u instagram algorithm,5
c56a4f30-5141-48f1-9599-f6ac9f9b1cd5,perfect,4
9dba95e1-d6e7-46f6-ad97-fb6bcb0e9e4c,solid 10/10,5
cd565308-d05a-4546-bc5e-b5b1b9c3ca58,awaited long enough than I had the pleasure of having five stars.,5
ba048dbb-40f4-434f-a01c-619ba749f2d7,one ban and my whole account gets deleted why? edit my new account got falsely banned for something that i didn't do,1
df8b8e39-e0fa-4934-9ef5-ddbea42db0d7,good,5
176df8af-5a9d-4f78-997e-119ae39823d1,good 😊,4
d3ca7736-dd4b-4aa3-a602-903ad842ab4b,my id is not open automatic blocked issue 😡😡😡😡😡,1
674a23a3-f15c-4b2d-94d4-25cce5551769,get real,1
95e3d4ef-5891-4d8b-8462-5c59ddc72588,please support me Instagram,5
307b08c2-f0dd-4fd0-a12c-b75fa5b7f731,i want to see pictures too on my feed...,3
1187c640-09d6-4bb0-9c6d-795d91c6c295,Not bad,3
2116d731-df31-43d5-a621-a034e8f51c22,excellent,5
a0f507ff-9ea6-4a4a-80dc-8bf62ade097b,_★★★_,5
f1d25863-fc81-4ec8-b9d8-3337e3d0b718,best app ever used,5
05058c08-a431-404e-88c8-826f87174918,"hello,iam here to report a bug in Instagram,my id can't login in Instagram app but ,i can in Instagram browser,if I try to login it comes as this page ist available right now or an unexpected error occurred please try logging in again.i don't know how to login iam trying for 3 days. so please tell me to fix this.....!.And I have a another issue that before this happens I have a network issue on Instagram app alone.it shows blank no feed,if I try to refresh it showing couldn't refresh..!",1
c0008f89-2165-440f-8a24-29b05c6d317f,perfect for viral follow srinjan006 my insta account,5
0930d849-ddf4-4120-82af-99a524842231,best app 🤍🤍 love it nd love the contents everything cudnt explain!!!!,5
89dd3b46-1011-440b-8c0a-1caffe415144,"I've had to verify myself repeatedly, have been told my verification would take a day, it's taken a week, and have been able to get no support from a person. this kind of nonsense is why I left Facebook.",2
0bf9b17a-35ba-4153-9128-3fcb39809d6e,very addictive,1
28dac0f9-5c87-40e4-9d10-90f440613555,nice,5
0f86df55-d66a-42ed-8fff-91630c48196d,one thing I hate and this is the filter of this app i hate all the filter not just one..,4
2016af5d-10ff-400c-a92f-9048d132c28c,super fun,5
f487305f-3478-4610-bcfb-f067c5ffa8e4,gifs won't load at all,1
e9fc8ddd-953d-4694-833b-680871403239,love you,5
52b88dd8-fe90-4692-80e2-6250ed7a4a29,Good,5
216f347f-6c9d-4cac-9d3e-660ab2faed6f,"Instagram’s user experience has noticeably declined. While scrolling through Reels, there are now too many ads, which makes the experience very frustrating. Ads appear too frequently and break the natural flow of content, making it less enjoyable to use the app. Please reduce the frequency of ads and focus on improving the user experience. Otherwise, users may gradually lose interest in the platform.",4
532663d6-6fce-42f9-898e-1c33692305c4,professional reels scroller,5
c509a6ff-e431-414b-93d3-1d9558b8d617,done 👍,5
d8b51c93-edca-41a3-9d3d-f05bfc7feca9,kya maal hai yaar yeh app 😆 roj addit ho jata hu 🤤,5
842cfc23-388d-478e-ba92-0b16936cc8b3,would not let me see the link that was sent to me,1
41b0a052-b5b9-4870-b4e0-2a806b55fa73,why my repost option is missing form everywhere??,1
4b0566ba-4022-4456-96ed-9b490d0c676e,I love it,5
d68f43f9-be42-4961-9251-70af5ebcb539,just a app for scroll,5
8d429901-0264-433d-8d46-e64eaf8c9dc3,the perfect app to grow on and enjoy video on just like YouTube,5
b2ff4075-cb2b-4c3c-9540-c1d53dfe7f34,how is it possible that ig only gives app updates to random people for like a year before giving it to everyone.,4
25dc06b0-67c3-40d9-b4f5-22ba2ccbc331,i love instagram,5
25058ad0-1c6a-4a0b-82d6-ed090bd12928,please Instagram I know I do bad things sorry Instagram but I can't do this again please i request you to Instagram team and Instagram owner recover my account my account name is Arsalan pathan 1a please 🥺🥹🥺🥹🥺 please 🙏🥺🙏🥺🙏🙏🥺🙏🥺🙏🙏🙏🙏🙏🙏🙏🙏🙏🙏🙏🙏🙏🙏🙏🙏🥺🥺🥺🥺🥺🥺🥺🥺😭😭😭😭😭😥😥😥😥 please recover my account,1
0171803b-d291-4509-a286-8f4ea80ca402,amazing,5
a45d3a52-4526-4042-b365-050b10cec122,good app it's so beautiful,4
a1a8553e-e2e8-4697-9706-555dcd702329,very nice,5
18228f21-0654-4609-a17b-7c9a6894e70b,this is bad application because you are not replying me in Instagram,2
55b2e04f-aa88-4933-99a6-95dd72eaf9ed,very nice app hai ye koi bhi download mat karna,5
ea5b3880-291d-47dc-be09-f67edda2593f,👍,5
fe65e05d-ea63-4ebe-b8e5-ccb984097e66,im really sad.,5
eb9ee234-3088-4f5b-8de8-1d47713a4a6b,Instagram premium is low-key peak,5
a7ef4880-faf0-4c3a-8b49-24dd98918ce6,woow,5
e7744d43-c675-4590-bffa-d696f688bc27,all good,5
a718d77a-91eb-4975-bdb2-aab000692256,"Bro, are you guys high or what Thousands of IDs are getting banned in a single day for no reason... Please use some technique to save the IDs bro Bro do something please..😭🤣🤲🏻",1
1fbbd1c0-0733-42e5-a151-cbbf66499209,it's great 😸 lyk for real,5
435813dd-364a-4d6f-a08c-49fa0b7b9a9e,very good app for single person,5
036945df-d460-41c3-b0c7-445bfffeb871,WOW WHAT A BRILLIANT EVERY PERSON ON EARTH SHOULD USE THIS APP VERY EDUCATIONAL APP NGL I LOVE THIS APP THIS APP IS MY FAVORITE ❤,5
148bac07-358f-4021-a3f4-f43aef159347,it's a very good app,5
88d12409-ed21-47e5-a89d-4d6900f4ced0,Interesting and useful platform to connect with yourself through relatable reels,5
526f056e-25c5-4f4a-bc3d-56fcae23949b,it's amazing,1
7dc02b7d-698f-4e89-8682-b8a70649b315,Nice,5
3dd4a049-1934-4ac8-8a0d-a62b61959838,good,5
ce5f262e-dc35-4aec-9d63-631fffa0b7dc,nice 🙂,5
ab188e7e-ba12-47b6-8063-c070bced0619,good,1
700ff166-0494-42b2-93e6-dc3c9ef0735d,best app,5
cd776999-20a8-440f-a0e9-c228d6d0cc29,Great App,5
d215db80-c4f0-4dc0-97df-963372563c85,Absolutely Terrible. My account got banned for no reason and not just one account they banned 2-3 accounts of mine and facebook one too for some reason I dont know why it just said your account does not match our community standards and no other valid reasons please help me recover my account i dont know whats wrong with Instragrams new update i appealed and it permanently banned my account absolutely terrible ive tried to contact support and everything nothing is working,1
a7f3fa93-4925-400a-9950-ad69f10a8d66,Very bad updates. This app is now useless.,1
b0df9568-35be-445e-a886-8dfc414bc28e,To share feelings and love Instagram is a part of life.. ❤️,5
632667b7-bcff-4f9c-9f41-af7ad55a1f4f,good 👍😊,5
6bcc948c-c838-48b4-a5c5-62c8771cecdc,Song option is not there Stry Will automatically deleted after sometime that stry didn't there for 24hrs,2
72a4b5e0-de18-43d5-aa9b-af114c3f977a,"very entertaining app ,it has many features, i loved itttt💗",5
33a89274-8527-4165-b747-165db33031f9,i will give this 0 because of his without any reason suspend my account,1
d68eace5-018d-411c-aa28-afeefffb21bb,It's fantastic,5
5a6297ae-e774-4ae3-b9dc-34de8c58addc,disabling the end to end encryption.,1
5cbbbb53-335a-4095-9329-7ff2897cfe94,poty social media chi chi,5
c77d0bc9-9e13-4399-a28e-902b9598273f,❤️‍🩹❤️‍🩹,1
8d804d32-bd9f-41d5-be96-ab9c3e457dc8,what's wrong with this app? my account is always suspended even tho that's new account,1
b27c118c-88a2-4455-8e91-fb9492bc9808,"How to disable HDR & disappearing messages? Can't post long photos. Can't zoom in posts under Search tab. When you select photos to post and switch to another app, they get deselected when you return and you have to start over. If a message text looks like ""lorem.ipsum"" it's treated as a link and shows that a contact shared a link. Panoramas support? It doesn't remember sorting order (date followed latest) in the Following list. Videos in DM are stretched when 1st played but OK the 2nd time.",1
4f55f994-6f60-4fc9-89b0-7751a8b88d30,good 👍,5
e6addeae-fe42-4231-8c0c-4c50b80843e8,good,5
93ec8f65-5be5-4be6-9d5e-ae7aaac774a6,when I use Instagram i feel comfortable,4
b41a1371-8be7-42c0-9820-9437312347c2,nice aap,4
b2c56e0d-f12a-4417-9f3b-57cf3fbe6424,it wouldn't let me change my information. every time I signed in it keeps my information and shows the account I don't want anymore,1
dec50bcc-0974-4b00-9b45-378f1c1e6087,I love it,5
737c2c37-ec4f-40ad-b0fc-a951e5d7bd7c,i lyk all in insta☺️😍,5
18d5a03f-2413-485b-ac13-414eec4353b2,𝓘𝓷𝓼𝓽𝓪𝓰𝓻𝓪𝓶 𝓲𝓼 𝓪 𝓫𝓪𝓼𝓽 𝓼𝓸𝓬𝓲𝓪𝓵 𝓶𝓮𝓭𝓲𝓪 𝓪𝓹𝓹 𝔂𝓸𝓾 𝓪𝓮𝓻 𝓽𝓱𝓪 𝓰𝓮𝓻𝓲𝓽𝓮 𝓽𝓱𝓪𝓷𝓴𝓼 𝔂𝓸𝓾 𝓲𝓷𝓼𝓽𝓪𝓰𝓻𝓪𝓶,5
4dc30918-dada-46fa-b087-c464cea61a0e,it keeps on crashing i can't even login.. I tried reinstalling multiple times but it's pointless,1
b4c1b3fa-90cb-4336-8d62-b83a902b92ab,full safety,5
e4c68f1d-b0d3-4e6f-bf5f-2af991f4b122,instagram ans tiktok are worst 💩💩💩💩💩,1
4d0ba14e-437b-4fa0-b349-1511f3b144bd,This is chamber of adiction . This is not a joke. This is very daingerous place under (10-15) years boys and girl. please aboid it and save your life and time.I hope you are not a luser you are better then better. you aboit it and you can achive sucsess.,1
06961e78-ce0a-4761-ad07-180d8a29b36e,I want a DUTY filter pls,5
a3d89120-0b76-4b28-8264-cac928165412,best experience in the app,5
8b3b9dbb-fafc-44ff-8532-209b92326e16,cool,5
20145482-3964-4d8d-b0ea-120d998de9b4,I hate this app cause of limited features,1
fe12ff7f-6113-47c4-b146-2cde060eeaa5,❤️❤️,5
da8168d1-d482-4b60-b373-a163b1007ca2,My fav app 🥹🤌,5
8f0b232f-f72c-47dc-b8eb-821deea53926,it enjoy. you can have chat's with your friends,5
e24c6cc3-0244-4fa9-928a-096eca5a7f7b,"Best for timepass, and love 💕",5
d159c040-fe9c-49b8-86bc-a7cb6dbc6773,i want the update,1
d4b07fe7-3ae0-4e0a-922f-731e86d3b593,not login Instagram OTP problem password problem and number problem all problem,1
6eb57d13-9197-4a15-a2a2-a5aa3f68f48c,good,5
6382a8a9-0926-4d33-88c8-e1affcf36c8c,very nice,5
bfecbddf-ef5e-4459-b365-b57263a7ddae,Man i love the memes ngl. The humors on instagram is outrageous it made me feels like its better than tiktok. This app is more being honest than tiktok I think,5
8b529309-a8fc-4bd0-9594-06344335d4d2,don't remove the end-to-end encryption please sir.....,5
b36c1d9f-a6f7-4642-9141-92eeb714ed46,the app is pretty cool and chill but whys the screen so small of any other device but a phone. like cmon brruhh,4
8596432b-f23f-4556-9316-a5ab3d5b21fd,veri spicic,5
c033f900-d9ce-4ae4-8cf2-3f9ca70683dc,good,5
e1f3d296-4334-491a-83fe-cdef3065d413,my Instagram glitches from past few days me sahi password dalra hu fir bhi log in nahin ho raha idk why please do something about this I m so bothered right now!!,1
68e6b0ae-f2e3-40b6-9902-5efd9ad52ec9,atualiza o meu 😡,5
62a5acdd-7313-4f99-a59e-4283f0218d82,There is no option to delete media files inside the chat without scrolling. And there is no option to continue scrolling when you search for a particular message. This makes the experience very uncomfortable and unsafe and it feels like a threat to privacy. Please fix this.,1
290c863a-02f4-4d06-b284-7a36bc7e26b7,viral My video all northeast India,5
48c77cc6-e639-417d-805c-4d81031e96b4,nice aap,3
6898eed5-e204-4e04-898e-2a98f31ec86a,nice,5
e82728f6-ea0f-4d06-a004-8ec6bc24d7cc,Instagram is very good for you,5
5330410f-c865-46a0-9346-05420d054cad,wow excellent app,5
998344c7-4e1c-4f67-a225-cc98ef747c15,kollam nallathaa,5
25472c94-456b-4370-8865-93a233b29eed,nice insntgram,5
f2748242-26da-4c1e-8b82-049311de80cc,"Hello, I’m contacting you because one of my Instagram accounts is missing a feature that has been available for a long time. All my other accounts (same phone, same region, same app version, same settings, private accounts) have this feature, but my main account still does not, even after more than 6 months. I have tried: - Updating the app - Logging out and back in - Clearing cache - Reinstalling the app Nothing changed. Since the feature works on my other accounts, this seems to be an acc",2
2bc5554f-9b5f-4015-acca-121b5d6fd1d9,updated yet couldn't make call,1
32b6f1af-43c7-4aad-acd7-fad336c78fe3,Ad breaks? Really?,1
cbf0586b-8280-4c1d-ad96-fe23143501f7,my favourite appp.....💓,5
8355dbea-599e-41c8-8dea-fc7d31e9c2cd,Best service from this app,5
72bad4c6-b045-4c2f-afc3-40e6dca8731f,✨God it,5
11efabab-47c4-4136-b208-5dfea5bf9ae4,very good,5
08a13928-f7fe-4db1-85d5-79245f4c54d5,Just amazing,5
ed9d568e-4e90-4673-8c59-a9e33de88a36,All berozgar vibing on Instagram 💀,5
b7637bd0-33ce-4135-b817-fedb47f29578,"This app is very nice...very good to stress relief, 🌝🤍and please don't delete security features...🙂",5
350a9110-869a-425c-bc5d-abc32c767046,amazing,5
bafb6939-5af0-443e-a494-25f3d58f69b4,nice aap,5
046ccd6e-1bb7-4452-8113-3c1f1415cb03,It's the best experience I've ever seen I love it so much especially the memories from years ago I can still see and It's a good way to stay in contact with my friends and bf 🫶🏼,5
76216be1-4e8c-41ce-9639-584fbec8dffe,nice 👍,5
bc9b5f6d-dbf5-4921-949c-41e334f707c8,superb,5
13e8a449-5051-48ed-ae6f-d7fc5d4cab76,very nice,4
2a0fa7a0-2e1c-451d-863e-e112a6b5bcc0,super,5
2a147fd4-78ab-4cef-a6fe-1d09ffd47240,I love it!,5
3093237c-1e5b-4bba-a062-b103c30aca1b,"bro i am lagging when im editing to post something, i cant post at all!! it just says instagram inst responding bro what",2
a1af994d-2f98-4d86-b3d5-f18f22610f84,pls don't install the app if ur then you will be the next unemployment final boss,2
be94f5de-5ef6-4aed-aa23-459b1d347e63,not interested instagram,1
b9b24e15-7cb2-46eb-b25a-cb08a7fb7e81,it's pretty good. it's a good way to communicate with your friends and family. I will say I can't use a feature that other people get and that's really upsetting. other than that its working well 👍🏾👍🏾,4
cc74be15-87ea-4b84-b6a6-2de2158a6859,very good,5
2de3c660-7842-4885-b16c-48ebbc4d4418,لا يوجد اخر تحديث,1
fea49c1e-01c8-4a29-b92c-7ee4089cb2de,"Schade das ich nicht weniger Sterne als 1 geben kann, neuerdings wird man noch dazu gezwungen auf personalisierte Werbung umzusteigen, indem man ansonsten Werbepausen bekommt, irre für nen Service von Meta wo meine Daten eh schon weiß Gott wohin verkauft werden Aber das Nudging bringt mich wenigstens dazu weniger auf Insta rumzuhängen, super Effekt ✌️",1
52c19cdd-e81c-48d3-86e2-0d85588d1581,l love Instagram video,5
1970e623-84a3-432f-bcaf-1ea52b71895a,💜💜💜💜💜,5
82db776e-2c42-49e7-acfe-31487d9485de,this app system has gone insane it is banning random peoples I'd. it recently suspended or maybe deleted my old Instagram account and I have created a new id and when I logged out of my new id and again try to log in it says I'd not found or when I try to changepassword with the given otp it says code not working try again. and now I have no Instagram account I don't even want to use this app any more because of this app I lost my game account Facebook account TikTok account and my more accounts,1
0bc9b64b-6fb6-46dc-8a8f-b80bd1c41782,uhm everything is really good I juss wanna say that why don't we have an archives option for our notes section where we can see the songs we had put so why don't we can get this please make it happen real quick,4
067b5950-9c61-4b10-8fc6-66746d0297e8,increct password problem,1
97363788-2baf-458f-bc50-127e0df53c18,very bad application worst application i have ever used very time consuming,1
df2adf53-824e-439a-b8e9-796e0b74ae03,perfect filters,5
6493c4c5-bb2b-4f1e-a361-e93f7fb443df,goOd,4
e3d52756-78b1-4920-9e46-12ec538b14ae,great but I never got the update but other than that I think this app is great,5
103ad4b0-34a5-4691-877f-49214b178fce,banned me mad times bud when I reported people who did the same thing they turn a blind eye,1
19e37623-1b88-49d8-9caa-8d73886c4795,Nice app!!!,5
5c545baa-88bc-4d95-a0f4-20dc8eb95ae2,this is best viral app and best reels,5
29ac201d-2b19-42b2-833f-56fa0c10cadd,Love to make reels,5
651b7326-8c22-4540-9d89-01b52a288ffa,Love it 🤩,5
997b6809-6c60-4a89-847e-fb0e82b8cb24,This is the best and tik Tok is the worst app,5
4f121209-e920-4969-8770-90cb5278ea83,"one account is not showing in app notifications. I've uninstalled and reinstalled. all settings are correct. I don't know how to fix it. it seems to happen twice a year. when its working correctly, the app is fine",1
0dfa56ec-ee36-4052-aafb-d34b65cd8020,Instagram please don't suspend my I'd,5
2c4f2eac-047f-4c53-b183-3f5b5da74614,so distracting,1
06390d47-9fe5-44c4-9ae7-5dd83c4167e7,good app,5
7a40977d-f389-4bef-bb0d-0f426993681a,Instagram best hai use kro aur,5
830b6882-46e5-465b-801d-449ed3f68c73,amazing,5
6ec00215-c5fd-4266-99fe-073a34adc0cb,cool,5
c8161403-d4b0-43e2-9e8a-a4c0f9e88de2,good,5
2bbafc9a-e7a5-415a-9b64-495251dfbd29,what nice app,5
7a0810d6-57d0-4be5-8a5d-4c74f045390a,no tnx,5
3320d764-6258-4791-acca-b48182f94521,meh. it has pretty bad content but is very funny,3
133fb213-138b-4092-bc7b-22a2f10b2902,gud app,5
db2a60e0-d2c9-4297-bccc-198273cbd63d,it's just a wow,4
340e5668-910a-4af1-a507-4f704d6c68bd,"Instagram is all about the visuals. I love scrolling through and seeing beautiful photos, creative videos. It's my main source of inspiration, whether it's for travel, food, or just cool art. Stories and Reels are a fun way to share moments, and I find it's a much more positive and curated space than other social media platforms.👍",5
b8191738-bc82-44a3-987d-e5582478c65e,very nice,5
4adad64a-5bf9-458d-8a11-37e8e5153b6e,bast app,5
f7d64321-a2e9-4041-a1d6-24f35ff99e92,🫵❤️‍🩹❤️‍🩹,5
97bd1e30-a715-40cd-a599-6039bfbcdf8d,good instragram,5
e36b54ee-97d8-480b-aff8-01beaa547609,Super,5
19dbd52e-30d0-4709-8e4a-0dd9c628d275,bahut achcha hai,5
70d6c798-16fa-4578-bdf8-23af978a3801,super,5
d70db571-8c8f-41f0-83bc-a0727ff2fa26,Keeps crashing (losing all my work on the story I was creating) when trying to listen and add music (from Instagram) to the story.,1
a72d89b0-ea18-48e7-aca1-7e471a83e18f,good,5
e6e77968-9366-430e-aa06-6123a2135b8b,good 👍,5
9b1dc38a-201a-4986-ac80-bed99d3d9099,Disable account repeatedly,1
a444555d-f6ee-4b87-8936-0d94e93d3291,it's a time passing app,5
48cf24dc-da8f-4b33-8a77-3931d2749b7a,my love,5
c0eac9f7-0d30-4fb8-9826-cbe09a3184e0,I can't post a reel to my WhatsApp status from my IG why is that??,1
62b1cec1-3ba0-46b6-a129-886d5f83e99f,"it's good—but didn't expect that. I was editing a photo of my friend in Instagram with stickers, pictures, and text. Then It keeps going black and leaving the app?? and when i come back it's just black. All my progress gone. Please fix this bug. Mind you I keep going back to the app to edit the same thing but it keeps leaving the app. MIND U I DID 6 TIMES. I had enough.",2
6a022008-b9ef-4e51-8d30-78c52ee7f30c,stupid app,1
90d44dba-29a6-4a85-aa8a-eaa585a54bb2,"good app, but sometimes frustating",4
de837d5b-eeed-4c4c-b220-eca6a7711a21,maja aaya instagram k feature use karke,5
8e0f5065-dccd-4865-b484-c1448452b065,Very very entertainment application.... I proud feel using Instagram application 👌🙏,5
726e669b-9ed2-48e5-a7b4-024a3f2606ee,I love Instagram because it helps me make new friends,5
0400b00c-c233-4eba-af6c-9aa6a9c3a9de,"It is an amazing app for making vedios , reels and chatting with people's...... 🎀💖",5
80c7863e-554e-4bc2-92e0-1f00b740c769,Wont delete AI,1
b68fa2be-e044-450a-a70e-ce4518b20810,nice,5
68cf25f2-3adc-4fa8-8e51-56ba19998afe,It is one of my favourite app,5
cf4cc9a6-c83b-45b1-898b-e94353022800,good and amazing content,2
49266a6a-3ec7-4367-809b-9d48f07a8eeb,jelek ah,1
fa841770-339a-4ace-b9c9-ba92bd8a158e,Messenger not opening 😭,4
6a9e8e09-0cc3-488d-beef-701411c69ca5,hello bina kuch kare I'd sapech hugayi q Aisa huwa,1
b901522f-90a8-41ab-a856-d617a557e0e0,Make this app 16+ 🙏🏻,1
a09bc82d-b69c-4e42-82b9-e79e18768294,😍,5
e47b4cd7-de9f-448b-84dd-099dd472c0a7,"bad app ,addictive if you are new to this better stay of this addictive thing it will ruin your life",1
e08e2e7c-22ff-4f23-a19d-e22afcbd7d4d,Excellent Excellent,5
de6be0a3-a0b8-47ce-8ef6-03d2a8d5ad7c,it is a nice app & also safe for everyone to use,5
a3b95dec-cd0c-4db3-8550-89bccdc22552,😁,5
817adfe8-e49d-4104-a352-9243b90efd3d,best communication app,5
fd5a1613-c60d-4fb8-8b05-5c985cf83ba7,good,5
928d59e2-6926-42db-bca4-472fb1b58646,update is slow,1
be53325e-6a4d-463e-a066-157d50b07bd8,app is very use full and good,5
217ec233-9c60-47c9-b34f-3e57a54bffec,My Favorite app to use .,5
1108d710-d73b-490b-ac3c-299e5573a1de,good,5
aa3f4a91-106e-4e95-a2d7-c7c24c4bc254,"An ad is coming after every reel, it is making my mind go crazy, if it continues like this then we have the Insta Pro option.",1
ea98b693-4c65-4bd0-937e-b4615afa58c4,What a algorithm... love,5
fc367271-7dba-442a-a967-65d01ed30a69,great app,5
638e7132-464e-47de-ba69-a610ccccaac4,good and very useful entertainment app,4
00f62f2c-c0fd-43dd-bc78-cfa128c40fd8,"I’m rating Instagram 1 star because removing or reducing end-to-end encryption is a serious privacy concern. Users should have the right to feel safe and protected while messaging. Taking away strong encryption puts our personal conversations at risk, and it’s disappointing to see a big platform ignore user privacy. I hope Instagram listens to feedback and brings back proper, reliable security for everyone.",1
bf542d54-cc21-4e84-b695-65cbddd638ba,❤️❤️❤️❤️❤️❤️❤️❤️❤️❤️❤️❤️❤️❤️❤️❤️❤️❤️❤️❤️❤️❤️❤️❤️❤️❤️❤️❤️❤️❤️❤️❤️,5
2fae68ec-ac23-4c03-a853-a8bc985d61a3,best 🤌🏻,5
a794c365-48dc-44e4-88ae-1fc7361aace2,nice,5
5945ce23-ad46-485c-b63e-d09354e8ab39,"they keep showing the same type of ads even if you block or report them. disgusting app showing ads of people being abused even if you block and report. Even the report feature doesnt work. when you try to report a clearly fake ad they say ""something went wrong""",1
edb2740e-11a5-42c6-bc1e-aae4c4657230,👌 awesome,5
a0a5ff5d-3559-4f6e-bcaf-e87667bf3efb,It's cool,5
c0c39147-5e16-44e4-972d-62891eaec510,"I love this app bro. please never get rid of the insta note features, they are so fun! 🥹🥹",5
6eff93f1-6e83-4e93-9a19-d07b9a33aabc,job well done Instagram let me be apart of the Instagram community a way to advertising promote,5
0d88a632-42b3-4adf-ac54-408a88dd7821,dope,5
8aa4ad18-b205-40a2-afd8-8b3a5b0fca6e,good,5
1feef908-a6c6-44c8-8f00-b182f6efec60,"No la instaleis,ya que se pilla muchísimo en vídeos,fotos ,y,en general con todo. Le pido a los desarrolladores que mejoren esta app porque cada vez que pones un vídeo se te pilla Ahora, cada vez que intentas usarla, te interrumpen de manera continua con un ""Ad-Break"" o anuncios sin relevancia alguna",1
3f166f79-2261-44d8-a3e1-ce70d82348b0,pls instagram developers add a button or something to scroll to all the way to the top of the dms cause it's gonna take hours to scroll it manually ❤️,5
9358d94f-3761-4ecb-b030-bc75e11152d1,student ke liye important app(insta),1
e21f9c91-4a01-494f-9854-70a3d9fb6058,superb,5
98a2c60e-274f-44ca-b950-c9d16f79f7fb,good,5
938f631a-f3be-4ea7-a985-d2d5f8e401f6,I can't see giphy,5
78f9992c-4daf-4a6f-9c5e-90cd23de75b0,"“Dear Instagram Team, my account (@vinodaraj_natikar) has been deactivated. I believe this is a mistake as I have always followed all community guidelines and terms of service. I request you to please review my account and reactivate it as soon as possible. Thank you for your time and assistance."" Hello Instagram Team, My account has been disabled due to inappropriate messages, but I want to clarify that this activity was not done by me. My friend accessed my account without my permission",4
73f07747-a2fd-4d00-8838-0a8eae5424ab,great app I love how people are social superb app,5
5eeb9f05-889c-4b3d-b273-ee6fef1b64cd,ғᴜɴ,5
2a81cad7-5fb1-41db-b8cf-aca54c3efd93,make sure you make age checking below 13,4
aad3ddd8-b0cc-4d52-87e1-e6489ca263c6,excellent app,5
782763e2-e700-4d87-8a6e-ef24223e2f4d,working perfectly,5
24114000-2af6-4713-a691-e716b1049f79,good,5
21b853cf-755a-4045-8c11-7ef058a68bd2,nice app,5
dba54441-cc11-4410-b1ef-be470eb159c5,very good all things 👍,5
04553f90-40ae-411c-ac0d-1f70f95eb8b5,Good nice i like it very much,5
fcc12672-a504-4e20-bbcd-6e0ca3e9fb64,super,5
854a679c-c6e7-44cf-b0d9-7aa236a74e77,it's too good,5
df9068d5-4ab2-4761-87fa-c06e9173d269,ok,5
3d1b4035-7c54-4230-bca1-39c89091acc6,it's like bit distraction but if you can control yourself then I would say it's the best app.. n so comfortable.. it's kinda imp for me cause I found to many imp persons in my life through it so I'm super thankful to instagram 🙏🏻,4
6e297e97-df30-4662-b23f-67e36f7c5c06,super,5
d02f3648-89a3-409c-8fbe-7d87051e969b,Good instagram,5
e7b29422-25bf-4acd-9a5c-bcb45f7a0b92,good app🤙,4
e4b9671c-7f58-4ef5-a3b7-d21136ea1f71,"This is just the recency bias . How many instagram ads have you seen of things you've never discussed? Those don't stick in your memory, but weird coincidences like this one do.",5
6241fb42-dc36-4366-afec-22eab872fd7f,best app,5
7015c6db-22a8-45d8-b992-39a546f300d0,enjoy,4
dc1de068-9681-44dd-83c5-2eaeeba99b05,✨️,5
cccfa912-c1b0-4788-9adb-818c8656424c,super,5
e4f20fff-b015-4dce-a00d-e96c3a3fbfc3,can't link my Spotify with the note like other people,3
c9b4b0a2-298d-411f-894f-d92079e264fa,i love this app,5
2be03549-1953-46fa-afd9-7c614b3285ed,perfect.,5
f46f232a-ee3c-4373-9841-fb5506b3c5ca,very very nice 👍🙂,5
5e2e849e-2ae7-4b80-afe4-ec3c7328915c,very good aap i like it' ♥️🤗😊♥️,5
a0e9cd4a-6864-4311-bef5-6e500230d105,colourful like🧡💜❤💚💖,5
dab3b7aa-716a-40db-a587-a1e8b904e2f4,good,5
5c260411-9c67-4feb-acad-47b4c5dd2998,Greatly appreciat to Instagram,5
ff8cfdf5-b6e7-4fd7-8519-9af83c2d5ea3,suparb,5
3b6c5b42-bba1-46fa-b3f1-dfa4374c4eaf,"I love this app to much this is best best for time pass And I message to my friend gf bro all with this app And this funny ,sigma , love story , etc. This is best for talking and timepass",5
69153ba4-382e-498b-874b-d827806cdf62,"instagram is mental, insta suspended my 3,4 accounts without any valid reason, you said i didn't followed your community standards and rules but I didn't break your any rules, my suspended account was means a lot for me but insta suspended 😭🥀",1
14868365-ae92-4221-9656-1f52d94d72ba,I rly this app fr bcz of it i have found love and friend and I rly appreciate it fr and it's actually pretty funny 😂💕🤞🏾🤞🏾ty for this app I hope u will have a gd life 💓,5
c4e8c339-a913-4fab-a3e0-ea61a49454e9,wonderful 💯,5
afaeede2-5a39-45b2-b114-bd5a49d6e140,Good you want to do with 😎,5
26c90f00-cdc4-4313-9a73-71ee5ca73929,very bad experience 😕😕😕😕😕,1
e2713b63-5cfa-4e90-883c-8b5340fae9c3,finally my account is back 😄,5
1eeb14e6-9698-41a1-8e4b-93cfb9260f36,mujhe acha infulensor banna hai🦅😎🙌,5
03e35b88-8cc2-46e9-a455-b9376ac530dd,Having some issues with recovering my main account but as soon as I get it back I will rate it 5 stars!,3
1fab5cd5-36e8-4e26-a346-c5a44bf363f2,super cute,5
93558d83-70ec-4bab-aba8-8059d9db5e86,Nice,5
1f493c89-3738-4420-bd38-ef705630ec42,very good app I luv this app sm,5
0a7af338-2ba0-424e-886e-7743b07d705d,"I'm so disappointed to Instagram because my acc was disabled,kahit wala namn Ako ginagawa na I lalabag sa rule nila I'm so disappointed for Instagram",1
4ad44076-6c0c-467e-a232-7b8972c93850,so many adds and my phone is hike by this adds,1
e76ae8c0-0a9b-4fbb-b74c-6b17d2da6e8d,Plzz 🙏 help my instagram account,1
fe36bb28-4593-4a58-ae2d-b0ea2b1fe323,I'd suspended ho gya hai 3 vo bhi 1 din me hi😭😭😭😭😭,1
1c8aa8d9-dfc2-404c-889a-6824765e7271,ADS.... .,2
1a4ff45c-44e5-47b5-9584-c60cb165e4c0,Good app,5
fa4c0593-3e7f-4914-a47b-17c527403159,any time my new account disable on instagram,1
1a42ca90-fb3f-4a78-9ce8-898fadd2b347,All my post randomly disappeared. They weren't archived nor were they deleted.,3
a163fa82-f0ca-4616-95ed-a6c1b721c8a3,plz help me in followers,1
21b7c8a8-06b0-4df5-be56-e709100006e3,very nice 👍,5
0e0006f4-e335-4fd4-89c5-ff4a99558c3b,ya app bina kisi galti ka I'd disable karta ha bakar app ha,1
d1c1af99-6e5a-4382-baa3-4ab68ed04221,Best app 😍,5
c8d9b426-9160-490b-b821-a87643755c13,good morning 🌅,5
aa872eba-fb09-441c-be7e-2a629c8ce17e,nice,5
179e49aa-a569-4185-99c1-68acd00d62f2,bast app,5
789030aa-5da6-4ecc-9057-1c9d3e2b06c0,Best plateform 🌺,5
0bbe61f2-a60c-4c63-bbb1-67decfc0659c,good experience...,5
bfe8ebad-dd45-4734-88ef-a9a3a8c20e3e,everything was going great until I can't see the reactions emojis.. I can select them but can't see which one I'm selecting.,4
a97cda0d-6b43-4ac3-b0f0-dbaa770c3ef1,very bad dhnxnxn,1
3ccf8dec-6add-42ac-b8e6-05a22b262e42,very good app🙂🫶🏻,5
8a7eefbb-214c-44be-a2e7-1b8ef7edb56d,incredible app for time pass,5
2e6758c4-c97c-4cbe-9e7f-7e13b062e08a,owsome,5
bc9ab27c-e9ed-44dc-ab7d-aeab5dfbe734,"all goods, this app is my stress relieve, thank you for making this app, i hope there is no limit in this app in terms of views",5
38de6789-f72a-45e3-88a6-1d13ca78b42a,disabled my all accounts for no reasons,1
cf268995-c464-4a89-9b85-1674b3d3c3e3,bad,1
ffc31e68-8842-4256-aa50-69015e6cb333,nice app,5
9d473ed7-99a1-4054-8e8c-59876eec79de,ಈ ಇನ್ಸ್ಟಾಗ್ರಾಮ್ ಬಾರೋ ಮುಂಚೆ ನಾನು ಹೇಗೆ ಟೈಮ್ ಪಾಸ್ ಮಾಡ್ತಿದ್ದೆ 😂😂,5
69c43ae5-4e0e-4306-8b49-31a60a8673da,give me the new UPDATE,5
300cf40b-6cc5-472d-a825-01ce617c056b,so cool,5
0f7fddf6-7012-4a2d-96b3-5c318f850106,very excited,4
d22ab795-5cf1-4ed4-b43a-cf36661830b0,very nice,5
07371079-98b3-4a0e-9159-c5c361d04ec9,good 👍😊,5
38bcef97-921a-4092-a7ad-4db71d7d9b13,best,5
f893c838-6e42-4423-84f1-ab43a5cafddb,nice 🔥,5
07e4fb86-87b3-4640-879a-6450e531c334,nice,5
6082ca32-19a4-48d4-a3da-3c00ab0983bb,best app .... . . . .,5
fa87dc1a-ce16-4543-b4db-3e1c2db83391,Excellent good 👍 job,5
221f60ca-504e-4e47-abb5-2c87e5b712b8,no like,1
c393dbf2-79a3-4f3c-b930-cc0a9d14e03c,best algorithm v@yourxolivia my Reels are not getting any views 😂,5
dcb7603a-bdc0-43c5-ad93-6ac3d5198f8d,not very good,4
aba0a3ed-047c-40fe-9320-2eee000b078b,I'm very famous because of Instagram love you 💓,5
64140f72-4751-4de2-9cb5-c1dfd922485a,very nice addictiveness,5
42f6ef6d-f468-4379-beac-173f89fc0561,very good,5
41037e4a-939b-464c-b555-913bfb8f979c,nice,4
e088e830-3908-4a2d-ab96-593ee8900017,this aap is very big distraction during the study life v,1
37affe4c-3977-4ef3-b707-54c03c3cda1b,good,5
44eb21cf-1ee5-4b1b-8f77-34188c6d6984,hello Instagram koi problem ho to setting machine Sahi kar dena ismein setting bahut sari Ho Gai Instagram mein meri ID ka followers aur badhta hi nahin Hai Biji nahin aata Hai itna achcha video banata hai bahut mehnat karta hun 💓,5
638e0cd2-4efd-4dc6-87a6-0c84da69925b,👍🏻,5
d3cfe4bb-a29f-432c-8f00-c3ad973fa3bd,well it's really good,5
533deda5-da37-49b0-a945-47e89fdd816e,super,5
4f43484c-ea26-4457-9f6b-9055c03b124c,"suggests to me people I don't want to see or meet in real life , just living your life in peace inside your room then the next second they just pop up in your face to ruin your day.",1
942d5efa-e681-4f24-9163-da5a7c7ce215,i love More Insta has become the future of today's people and this is a very exciting thing.,5
e3232adc-24b5-401d-8bc0-98b74e31b4e6,Instagram is future it's very goodness app...,5
5ea70537-be43-4ff2-a32e-6769c267d54d,supb app,5
02798afb-44d4-4b16-9412-7fbaf11c2278,"The app is good and all, i use it to talk to my friends and occasionally watch reels, but the updates dont reach me at all, the ai features and the video note isnt available for me , but for my friends. please fix this bug",2
3b38eb7d-7278-4709-8d62-55af91b03cc6,thank you,5
de153aa7-4f9c-4e87-a325-696551933a3e,bhut bdeya hi app,5
f2e1692c-a995-45c1-b428-d749e7202503,🔥,5
5aa837a3-d795-4d65-ac98-0bd36b3dc7b9,😍,5
98a89fd7-2bf2-467b-90d9-88f3c4ea4ec8,good,5
8ccc07b4-a63e-4349-8a85-c95755554167,Destroy youth,1
62b07b03-ef04-480f-b9f1-efbb9bf8ef86,"Greetings Instagram Team, My account (yourusername) has beer deactivated and I have tried every possible way but not able to get it bac and I believe this is a mistake from you side as I have always followed all community guidelines and terms of service. I request you to please review analyse my account and reactivate it a soon as possible. I have put alot of efforts in growing my page. Thank you Cheers dawidwarner6037",5
42ee9bca-36e4-4d82-988d-dcc39b545bcd,Nice 🙂,5
7efb983a-5066-4592-bd4e-fa88a8614ff3,entertainment ka liya asha ha lekin time waste ha,3
88675ea7-4042-4495-841d-23254e9425c3,Best social media app,5
a4fb1a57-9ae7-4fe0-986f-cdf455f6107e,superiar experience 🙏,5
5dc3ffa6-0e81-48c8-807e-098707dc80da,I love everything,5
377b6127-eee3-491e-9707-51f0436f96a3,good,5
ce2c8a4c-5f8d-4603-b4b4-27e940b31eda,amazing,3
9fbfb049-bc2c-4ec0-96db-c37af79314e9,good,5
ee016593-0176-4d3f-883c-49288077d4a2,"I keep getting falsely banned and its for no reason too, i did nothing wrong and instagram keeps declining my appeals and stuff. please fix your flagging system.",1
15d16ca8-0986-4e67-8e3d-1741b9b585fb,helpful,3
b41bfd07-b9f2-45be-8dae-52a094d67d7b,Instagram works when and how it wants but it is a necessary evil,1
627f556e-8182-4a16-bcd5-39061411b166,super Instagram 👍👍👍♥️♥️♥️,4
34d82d31-23e8-4b04-b470-ab8fb9973714,nice 👍🙂,4
f820d3cd-534a-43a1-81aa-c9990e021d29,this app is amazing 🤩,4
c2475741-8bff-4932-b28a-fceb1bc2caf2,Very 😊 good 💯,5
4c5116f5-434b-4d46-822f-e6599c0f59a6,very good,5
84aa681d-4175-4fc8-bf59-e71a162ad5b0,Instagram pe ap sab ko kaise lagta hai,5
9f350ba5-5765-4e24-b258-d6395a383cea,good,5
ccbed611-8e8d-49f9-a021-f0ed68b41d9c,this is amazing but I am not going viral🔥,4
1760144b-ac41-440d-9e12-eaab20faaf3c,because lot of entertainments,5
45272a18-7ba4-427f-8f9b-348442981288,picture quality I'm speechless,5
c10b0cb6-d0f3-4069-8ad5-f81a6313a359,bad app girls block me,1
70a8a59e-0643-4478-902b-af8d0e259d3f,vary vary super,5
756431f6-356f-4535-a374-fed56be8360f,🥰🥰🥰🥰Goog app,5
7fa855a1-0378-4e9c-8100-3fdf9521f97e,I what this app,5
c8460874-e439-48dc-89d9-8b2bd071f877,not bad,4
0b52886c-8e14-4b2c-9183-687abc727629,good platform,5
62319aa0-e95c-4c15-b3f9-5c9e37d9795d,istageram pe land aata h,5
86825d04-f19b-4c8c-8d94-9eeca2993f83,Instagram not installing,5
8a939086-cec1-4898-b2a0-552afb1a73e0,Instagram please add a messages deleting option for group chat for admins it's feel so hopeless some people post improper content images and all in group,1
76b3d7c9-9c85-4a18-adfc-a38d14af943b,This aap is so good I rating this aap 100into100 this is sach a good aap the reel is very funny sad and emotional,5
701afc44-dd1b-4329-b8c8-a8f345e812bf,best,4
036c8dcf-77e6-474d-999f-4a2027adbf60,My Instagram logen,5
72ef2ef8-e8ef-4c99-98c7-bdd89a93ce41,Instagram is time pass app enjoy full,3
4c716a1d-d466-48ae-970c-3b6f5843ccaa,Not have any live support.,1
07e67993-11b5-462a-a151-13850266b5ff,this is so good,5
45500a7a-933b-4c38-935e-c040521b8bfd,m iss liye de reha hu 5 star rating q ki mere ko b mota paisa kmana h instagram se to m insta k baare me sochunga tabhi to isnat mere baare me sochega 😆,5
e640b579-cb3c-44e7-a34f-f7772fe686c8,this good app,5
1b0787bd-f1f5-4d31-9e4c-648da9240d5e,so beautiful ❤️ and lovely aap,2
de963358-8808-4bf0-a922-93f132f60fea,the app algorithm is actually awesome,5
b5df8416-c0f0-459d-b783-aa060fb3a608,"just hide add the comment section at the bottom already , if we really want to comment , we will ....",1
859e1939-f8c2-495b-b9e4-100da775fc22,✅️,5
5e6fc7eb-95ce-4aae-9014-ddcb9f88219a,👀,5
b848f549-8b28-4a10-9343-69f2f73bcd4d,nice,5
2888fb1f-0fe9-41f2-bcab-427a2f6903b0,amazing,5
97014a77-4d43-422e-b6c7-2ab11cf83ce9,🙂Bakwaas app ek ladki tak nahi pati.,1
ab49b681-6c43-4786-9e29-f8871c7524b5,good if my account go good.,5
b5853a92-a819-4f5a-892f-f2356df98c52,"AHH DO NOT INSTALL THIS APP, WHENEVER I ASK A GIRL, THEY BLOCK ME, PLS REMOVE THE BLOCK BUTTON",1
a98d8e6f-b954-4ecc-b966-666a6e1aa82f,Supper,5
3df3320b-8761-4bf1-a386-11d9d33a9e9d,very good aap,5
e1f3ba27-c25c-4247-8127-b76517a6ec0a,I like it,5
caf5b390-f0d2-4ca1-9a61-55a5777e7672,🖤,5
3624363a-7d0d-4ba0-b43e-3f70fc667158,note section will be better if it have a gif with a music 🙏🏻🙏🏻🙏🏻🙏🏻😫😫,5
b16d4e8f-1c2d-4fa9-9655-6ee8acb5271c,nice,5
b61d6203-96dd-423f-9ffb-46dc97c9e081,I don't need people to know what video I liked. I prefer to keep my interest private. However I don't see any way to hide my like on other people video. Everything else is okay.,1
f812894c-83b8-42da-ae2b-be45cadcf101,🫶🏻🫶🏻,5
f9827574-ca18-43c3-875b-84aadc144198,nice 👍,5
1b9b0843-558b-4820-a7cb-b20007c061fd,I really love ig,5
e9dd3229-3946-4c2a-86e8-5376ee0dab7b,good insta,5
5da9aeea-b2f5-45be-9681-953e292e5700,it's such a good platform,5
3c8706b0-9055-47b6-8849-427c02138c7d,good,5
9beb8799-c885-4c3a-b382-ff0ea97525f6,instagram in reels like funny and aura reels the best app 👍,5
f56eb3bc-1060-40bf-8d5a-60b2e8b8f8f5,💫,5
c0c48466-4712-4e83-8573-0ea9b93bde90,modda lo Instagram edi okka request pettina pratidi block dengutundi,3
243006b6-d744-4b8e-9a90-b5057a95e82d,good,5
a62916c3-eb2d-44d8-9c62-9f87b02bdcfb,I like it very much 🫠,5
4111d08b-e218-4d53-be67-91f14f4a14b9,They changed something where Instagram story quality is really low. Plz fix!,1
094def71-68a5-430f-a8e8-5e668b14dc82,INSTAGRAM STOP RANDOMLY BANNING ME FOR THE THINGS I NEVER DID. I HAD AN ACCOUNT SINCE 2018 AND YOU BANNED ME. YOU BETTER APPROVE MY APPEAL BRO WHY,1
cbcdb851-936a-4bf7-9e12-129a6c428a97,its not good app 🤬,1
709e983b-502b-4e97-923c-f85ea10a0517,"Everyone's account is getting suspended without any reason, all Insta users, reduce the rating of Insta.",1
833e6fcf-09b8-4f1d-a52c-9b83d36a6b93,"hello Instagram team nowadays many of user in india facing problem in Instagram like disable account account got suspended and I am also one like them I am facing problem my account was deactivated by me before 5-6day but now instagram giving many issues incorrect password,otp issue, unable to login, something went wrong etc I am requesting you please fix this and give my account back because my account was deactivated by me and this is your responsibility to reactivate my account thankyou",1
e4a8948f-ed9b-4e6f-85ca-690525926cf5,acha hai bhout,5
cba8f07f-1229-4cdb-b4e3-7bfa19ebe7d6,Most uses app in world Thanks for this,5
36f2d843-b833-4903-a920-cf1d10623a86,my account is suspended in any region,1
fef3d53d-91d1-4303-b872-0e4a6897fe7f,Mera account bina kise fake chij k bnd kr diya yrr,1
94ecc846-7163-4627-9783-fea8e2a360c3,good,5
c21ad8e8-18bd-4f5b-8f28-6c2c5a407737,best Vibe,5
eb4cd664-f3fe-4eb0-b9a2-55ead0540be5,meh kya kahu reel viral karta hi nhi yeh instagram 🥲 tabbhi accha hai app no hai because I am unlucky,5
62b2dc91-91ef-4639-9578-081901f79c38,very bad Aap dil ke shath khelne wala aap hi jindagi khrab karne wala aep hi,1
7fb7abaa-bfe5-4525-b6c1-fbbd12ef5060,good,5
0eb84538-9eb7-4b3d-9327-cf4844bb7250,Best hours spent on this app,5
7a0f31a2-f5db-43b0-a87d-a91daa14f29f,it's great to be able to talk to friends,5
1a2d7976-d480-4053-a516-30b43937a827,learning/fun and knowledgeable.,5
7fd66abe-4f66-4b3e-928d-0f9fef521786,i suggest every one pls download instagram for better experience of our life. he is a part of my life 😀,5
611ff6bd-aaae-442c-9ba1-782317dca73d,made me popular,5
280e5d3a-ca66-446b-9c90-2c014f6580db,vry nice 👍,5
4498454b-a4e5-4733-868c-13c1caee3e65,ok-ok,3
7756a1b5-38e3-410e-ac47-43490bbc061a,pllz check my account it's facing some spam issue,1
6e216005-22a6-477d-b6cc-ed5d9bab3570,website and mobile versions are different...,3
b0aa5d9f-3323-454c-a341-2d23c19c55f7,so parti app so good,1
589e1cfd-df45-4dfd-b60e-a635d4de7654,normal app,1
6f851f51-a9de-4a8a-91f9-0075e511fca1,nice,5
2ebb3cb9-fd7b-4b4c-9211-46b82c030057,insta family saport karo,5
1eff96f8-2097-4a0b-aa81-7b0d8a027cce,iska bina to kuch bhi ni Hai 😂❤️‍🩹,5
9c05a2ef-3333-4be8-a90a-6bd1fbd4a764,best app,5
a88ccbcc-652f-4c71-96e6-36a919290c2a,good apps,5
693e03ad-7bc1-4bed-9cf2-b0b1edd45dc1,sabse ghatiya aap mere 70k followers increase hua tha 2yars me bhut mehnat se mere I'd band kar diya substitution ke paise bhi kaat liya or id Ko disebal Kar diya ☹️☹️☹️....this is froud aap,1
627bfdcc-bb66-4e5a-b880-83cf7e796598,it was good now when we do voice message we cannot hear it I don't know why,5
c512788d-b5fc-4a76-aa8b-364ca1ef9a8c,good,5
551be4c8-3886-4901-95c5-ca39a1d1d97f,it's ok,5
f877eab2-efcd-4e7d-8978-37de4a075bbb,So Eritating,1
080b0ae9-e821-4923-a000-99145d8c5fc3,"Six yrs ago I liked IG, now it's literally ruined my outlook on life....",1
9a2b7ef6-a6bd-4d73-9719-7d079e284d11,వావ్ అమేజింగ్,5
095aa2cc-5566-405c-af74-f26b74051e4d,good exprience,5
939d143c-c270-441e-b150-589ecb018c08,good,5
f645bcaa-f37d-4971-835d-1f354929df42,super sosal mediya apps,5
b0dabaf5-3bad-468f-ac2b-69672baf5814,"Hello Instagram Team, My account (@filmedby.dev) was consistently getting high reach (2M–10M views per reel), but suddenly my new posts are getting only 2–3 views. There is no violation or notification in my account status, and I am following all community guidelines. This drop seems abnormal and possibly a technical or distribution issue. Please review my account reach and let me know if there is any restriction, shadowban, or bug affecting distribution",5
50c52091-742a-4264-a2de-11e0d4932c13,nice app,5
71e1f05b-42e2-4fee-a56f-a2d401a8647a,so nice on chatting funny meet alot of friend,5
09dd67db-b78f-4d1d-af1c-845f59d0ca2e,it is very good 👍,5
4ebe5a5c-03f5-43f2-966b-ae24fd146e9f,"good app, new features are nice",4
e7ca6842-87c0-4c16-a8cf-24d6fa5df258,good,4
fc63a107-3f62-40c3-b2e9-20d5d4d2d819,not recommended it will destroy you,1
76cdea33-f74a-4a4f-9347-2eb3b5769597,good app 😀😀😀👍🏻👍🏻,5
9d319c46-d0e1-40d9-9dfd-628b0f865b7f,Excellent app I give five stars❤️❤️❤️❤️,5
19ce4ca7-6732-4755-9291-05fb6151b7c5,nice,4
2c3ede1f-2cc4-40b7-835d-41fe6025aa68,awesome 😎,5
23c1dffe-27c0-446f-9fa1-47c4aedcd128,My account is freez please activate my account,5
2e7bacb7-16bd-4e62-88a2-60dbd4c90f5c,amazing 😍,5
abca4afe-e1c9-4996-a301-aec3fb514cfb,gud,5
0a04250e-94c3-477e-a6ab-77bab4caa532,good,5
0b2ed339-2492-4a40-9998-ef88bb506c6e,someone was like that's a great idea why don't we just shut his account because it's not following any standards and then take a selfie of his face and send it somewhere only god knows where and then say that your account is committed a fraud like how stupid does this sound like i did NOT SCAM ANYONE and it's not even a business account i only chat,1
bde3da7b-8f39-4d1c-9f89-dbf5c0d5dfde,i reset my phone now it isnt showing me my old account😭,1
19ad5245-b5b9-4564-9208-82cc0022795b,good,5
cfb5bcb0-7bab-4209-8afb-c79b612fc710,my I'd @ms_rajwadi_1837 check 😎❤️,5
7750cbed-6b3b-4fdd-9978-685cec541e6c,download Karo please,1
16a8082b-6437-44fa-a227-bed6245760b4,i want more updates instagram me sb cheejeh watshapp se achha hi h 💗Tq jisne bhi banaya Instagram ✨,1
0806c67d-a5a3-42cf-80bf-faea1adea10b,I love it ❤️❤️❤️,5
e3d1fed9-a362-4ed6-aef9-2c57a8995aa1,suppe .,5
c487d7af-59a3-4c34-b89b-c049b1cbcc43,instagram suspended my account for no reason!!!,1
a154eff0-5239-4918-b4ec-6c29ab09841e,behot jyada axxaa hai,5
69cfdffe-c860-4cab-bc16-18967826d329,"This app is very useful for my photography sowing to other people so I'm 
easy sharing my photos",5
5ca77e0a-fe05-4284-ae2d-2ee8a5e09d07,I enjoy,5
9320ae68-15ed-4e25-b967-efc97ab55722,good,4
7f2fc08c-941f-4c72-b463-d16dbcfb1e89,nice app,5
92d96054-c666-4365-88aa-d15c61499e24,what a app ......agr bore ho rhe ho toh isse download kro,5
adde28d0-0945-4d0a-81db-89e68bc57509,💖🫂,5
cbb79c9c-d5f4-44c5-8fae-e67b71388698,🥰🥰,5
9f63dc04-8f3e-4446-9e28-2302d45fca71,it's is a very good app what a someone user not see my anyone Instagram id,5
530720a0-6efb-4b73-9743-ac9133264e49,nice🖖🏻,5
4155bfb5-b454-445a-b93a-8f4e82a16445,good,5
968a99ad-57a4-4587-bcc5-65a0c0b5fd40,very good app,5
233c1247-3b64-4da3-b96e-3a829b6829b0,supportive,5
1173e9d5-cb53-41fe-807b-41d104ff326d,so cute apps,4
cab7c20b-08d8-4d73-82a6-d74529a5562d,please keep the gif on the notes it's cool🙏 and thank you for updating it. My insta has been glitchy,5
3a6c9e92-4170-4a1d-aaa5-b670c210f01e,my favourite app,5
c96bc7ba-cfe1-460e-8e9e-728cbcd6e883,"somehow I can't use the app without recovering it every time. if log off, I'm blocked when I try logging in. Message anybody? blocked, like stories or post, blocked",1
b19836e3-1787-4383-98e9-2a6be65b60c1,nice 👍👍👍,5
722f737e-e45b-4367-acf5-617e6a281a1a,nice 🙂,5
175c771c-5b65-4f04-b2b6-231d391b8299,op app,5
39501658-9e09-43a9-a462-ab74f11b07b2,thank,5
b590deb5-ef17-432e-96d9-0581f26638e5,good,5
88b7f813-f99f-45eb-8927-ebd41a3a5516,good 😊,5
7512d30a-5cff-4f52-b8e4-7a44eb1cfad9,1B view,5
0de6bb92-df44-42eb-a88e-3c2c7253bc2b,"I’d like to report an issue with Instagram. When I was taking a screenshot of a chat, a hidden message suddenly appeared (unhidden) without any action from me. This caused a serious misunderstanding between me and my partner. This behavior is confusing and unexpected, and it can lead to real-life problems. Please look into this issue and fix it as soon as possible.",1
59d9eb15-5b78-457c-b562-ea0d3e34ca3c,pls add comment peacefull,1
a14247ea-bef8-4271-ae36-873a0b4d8a03,Great,5
421764fc-327c-4384-b749-fd0669a3d671,nice aap social media 🥰,4
055351ce-0be3-48bf-88d8-cf9127ab2e9c,👌 perfect,4
cb022217-9ba8-4641-aa74-34d36dee1428,good,5
9d17918d-fa43-49da-a503-ee370f1cff12,Inspiring,4
c84eb13a-dede-4cdd-abdf-8660e33a22b4,nice 🙂,5
ac351fb1-db3b-4d3e-bb15-02cfd656290a,i have a good experience ti use instagram its a good platform for personal branding 💖,5
e547f9ef-656a-4279-b7e4-dd1f6857a2fe,it is my favorite app❤,5
d09abb39-c3e5-4361-8b59-0ce54cc31585,best ever,1
52b56c5f-bd84-47b6-8a65-a23bb3fdd1d5,let me save ads to my bookmarks folder and earn your extra star. I am tired of seeing delicious food and not being able to add it to my delicious food bookmark folder!!!!,4
7023ee9c-7f2b-4f29-a98e-49879c3185ca,amazing app,5
50bb6d49-d844-4ef2-b48e-f1e334aa2d79,if you don't have goal to become successful in life then click the install button 👆,1
2f6c7bb5-c72d-4e87-989d-331bc797ecfb,nice app,5
e68761e4-7162-4336-9c92-c7fe0d58ff1f,"I made videos on Instagram in 2021 and until today, not one of my videos has gone viral.😭😭😭",1
87b57c58-efeb-402a-a651-24a7bbf9b1db,"jelek ngelag, update lambat tiap akun, g suka tolong perbaiki agar tidak lag saat post story",1
34149cc0-2dd3-4f9e-bee0-b1290d89e298,i like you,5
e5b06376-5575-4dfc-814f-e699e4642447,nice,5
accd016a-45f2-42d7-ae51-2bd12e6c3fd0,Excellent,5
35786b15-87c0-47dc-8143-e9f646a99b4b,a wonderful app.,5
cfba8048-48ae-4221-bac6-388d65fcfb8d,Didn't not growing views please solve my problems,5
05c52d10-49e9-4768-9152-1eb0bdff03cd,love it,5
9b406127-f648-425a-a2aa-2577cd1adc8e,very nice experience little issue with video uploads and views and other things are like 🔥,4
8a931b8e-2cdb-4d02-9915-ff9de1733ecf,Makes it easer to talk to friends,5
7852ac13-e543-4d87-95c4-a0c579a683a9,"Instagram is a very interesting and enjoyable app to use. I really like the reels feature because the short videos are quick and entertaining to watch anytime. Besides that, I can easily view my friend's live when they share their story. The app was so friendly and makes it easy to stay connect with friends and share their good memory and the last one. It's the fun and have smootb social media experience.⚡✅",5
14144a34-6c1d-43db-948f-87aef79c1d2e,beautiful apps,5
3f541324-56b4-48cb-9975-733bcaa11c22,best 👌,5
dc9f3ceb-1b0b-4678-b5e0-3dcc6ee14e0d,🫶🏻,5
5aae1add-e40f-4b26-bd0e-6806df058cdc,emojis are missing,1
2d19b5e8-4ec7-4044-99a4-978c9102d986,"Seems like this app is made for selling either adds, or collecting as much of your personal data as possible, especially with this latest ad break feature. Just skip it if you care about your privacy.",1
84f18055-c9c0-4f71-867d-30bcda116454,no words only emotions 🥺💗,5
82884db8-127a-4b54-a5a3-7ff91b3ebf10,very good,4
9be87f9f-b708-477c-afe0-3e08e630ec78,wow,5
5965712e-9c85-48a3-9aba-a2606295702f,Best app,5
498a11d2-8f0e-4a6d-9909-ac939cee7461,Good 😊 Aapp,5
4ccfa81a-6d44-4e64-93fd-12cc8e76d2f2,good 👍,5
78f969dd-088e-4760-b135-94ef1576914f,⭐⭐⭐⭐⭐,5
4064febf-06c7-4f0a-85c1-2d4e2b322325,peak,5
76f1e344-0227-469e-827e-6309478df18d,good,5
a2bfcec8-c1a1-4d80-991a-4528c1658591,Instagram is so good,5
635a70e1-8e7e-46ff-b350-f2d749d165ec,Wanderfull app,5
3f140b46-7c01-403e-ac39-5e9744d3cc05,♥︎,5
1b04dc45-e5a5-4e94-8b19-6ab41a260210,"I enter the correct password to open my account but due to some error it shows incorrect password and I tried from every place but I am not able to open my account.So I request Meta and Instagram with folded hands that those who are facing this problem of mine and others, please resolve their problem.",1
a5f90f0a-a7fc-4f1e-bedb-6769e5c58184,"it's very worst app ,my id is coud not login I try very much but",1
3ce0a83b-e591-4372-9a35-1dbd4c0de438,too much promotion ads,1
5fcf01f1-fccd-4422-9ce1-59f7fe4bc9fd,goodd but thy can make it like above 15 it will be good 🎀💗,4
d3209652-6ef3-4b6b-a6a9-95b8709961c5,best,5
f5b24ad4-f832-420d-8c9c-5d9ad57aecbd,nice,5
cef2b7dd-08a8-4160-8c0c-4b22d0265d13,‼️my dream videos of instagram ‼️,5
fccc9eb4-9826-4cee-8067-02dd38783315,nice app,5
9ea6caf1-076b-464d-b38c-a91942cdce39,I love ts app,5
4046f1ed-06fe-4c60-9c66-eb98e7db88e0,super,5
ee6839fb-d0ad-41f9-aef8-6df0694656f0,good app,5
3c02a546-4a7c-40d3-8a53-17611ec394e0,Nice😊🫶,5
95896ed1-562b-496b-a2cc-3c270c2635ab,I love instagram,5
b81bb260-9112-4de1-a52c-3406153fb55c,my account has been suspended since manny days for no reason.. I submitted apeal and also Mailed insta but there is no response..,1
ea915fc4-4e40-4923-9801-50b6a8ade9de,so nise,5
7859c262-0b1c-4bab-91ea-2e1fe5903112,"can somewhat load, however it's very laggy and not worth downloading. instead go to your browser and use it from there that works so much better 👍",3
9739a30c-35ae-495d-b56d-0bd392b8d134,awesome,5
9b3b4dca-58a9-4ed0-81bd-8c151c74e263,auto back problem..🙃,5
17ff29f7-edce-4375-a8ce-d598099f1502,Addictive app not for teenagers,5
ebdf38eb-4a90-4e9a-b6bb-2bda7280148e,my friend' account is disabled what I do,3
9a24d30f-5ae6-4a27-998c-7a95b08e6c70,good,5
3374db2c-5a41-4b94-9aeb-6882eaae433c,like this instagram,5
942f83ef-8821-4301-8a30-337b5477dee7,wala akong quick snap,1
f2cefa2c-a9c0-4a58-affa-9620bf4a63d1,very good,5
8b22b452-5633-4c41-b25c-c43ed0b7742b,💥,5
2e0aa36b-cd5b-49f0-b323-4270379dfe1f,distraction,1
b3cfdb8f-87f7-485a-8bb3-b07b705ac946,Nice app,5
e74f26e5-9fd6-4e1e-9802-6f8be33a44cd,"one star until my tap to pause is back instead of tap to mute, freaking annoying app!",1
e19c6d47-5901-444a-a122-b8fa3fb53f84,my id is not opening,1
0441f6f8-d0f9-4dc3-9c5d-aa9188b1557f,Latest update has caused several issues,1
4150a1e4-f742-400c-86ed-f660ab9846f3,mind blowing app 🙂,5
8d137285-1a31-4d66-b449-3d898fad7f62,my account in hack please my account active,1
3779bf66-8d53-4121-bac0-d647374978f7,all new features are not working out on my phone,1
4ce164ba-aebb-4d21-b610-9d066ab01fd9,der instagram tem i having a problem when I went to open my Instagram account they show we disabld your account please fix my problem thank you,5
b9e87630-b7e6-4283-9e1c-f0779042331e,ig is a best,5
296f29b5-2e3e-4029-b3b0-5147f5a98fd4,my account will be automatically log out for 5 before,1
cbd2f314-97b4-431a-9bbd-5e8619c539ca,it's valid,5
0e8a3bd1-7ad2-461c-b677-849c349d94d8,👌🏻 superb,5
816a0120-37d0-4000-b1f7-2ee784dbc6f6,good app,5
e29fabf0-6fb0-4174-a2e9-16d729b1ab78,Love,5
f9e22d7b-7e32-4aa2-b38e-eb8ef864edb3,this is best for time pass but for no future,5
dfc05d88-c933-475a-97fb-865e1eee4ed6,God app,5
281b125f-1502-4bcc-bd65-a38ff8068e5e,Ui like,5
ddd31741-1959-4cc2-8c0f-405f5bc3e5e0,"I no need to say too longer but I will say in few words that!! This app is very best for entertainment and also makes us fun but! If once our account is loged out then it will not login again! Why? It will shows ""Try Again ""full of mood off....",5
b3a02a9f-4658-487b-9574-9f66f7fa1e62,instagram instagram favourite app,5
7c6e0d44-ea37-482e-a5f2-fd59fa440026,best app,5
5869814d-416f-49b1-9f5a-b846e4268a4a,very good,5
ceb017cf-604f-42bb-bccb-e880fe61b21b,interesting app🙂,3
989107a4-9c40-4ce7-96f3-83b038de3d49,Instagram mein mera id login nhi ho raha sahi password dalne ke baad bhii,1
c68f66a9-2d2d-4484-90f9-939c034e4f88,share to non followers please,1
a10995b9-d6bc-4730-bf90-a132da2a53ca,nice,4
0b9741e9-2291-4b88-9f4b-aa517e164a05,It is the worst app I have ever used not a single star should be given to it but to give a feedback I have to use it such a worst app deleting my account without giving a proper answer to delete it,1
0799c587-ef3f-4aeb-9acd-39d6278dc3fc,"Getting phantom notifications all the time: Notifications of alredy read messages! Developers, please do something about this, it's really not cool! :( Well, they don't seem to care much. :( Update: And now unskippable ads... Deleted the app, terrible UX.",1
1c7670d2-f817-4a19-bdff-f6aadc8d5f70,Good👍,5
892a7d1f-8898-43ca-afd5-0444a0a4f6ab,best of luck,5
05330f1a-f583-470b-9d12-3b1c6fd97e36,kya kuch bhi update late ho,2
cfca8fa0-9b26-4fd8-853d-d2e19cfcc4b8,nice,5
126385fd-9048-43c8-890c-ad71e2f7b1d1,"because the instragram have three things for me in this Instagram,they are photos , reels and to chat with friends so I gave five star and I love instagram to chat with my friends and family. Thankyou.☺️",5
8c30a96e-c0e3-44ac-9fb3-ba631746e24b,Tooo much informative,5
31f61fcd-a4a2-4d88-a4d0-a015aadcf41f,good,4
2d68d925-17d3-4982-979b-872f1f2caf1f,niceee,5
c0487fe6-8a72-4caf-a24d-71f56f8476f3,Nice and Attractive,1
3deccd63-b30b-4eda-830f-85add5320605,wow,5
b2841e68-0b5a-49ca-b70b-049aca95a5f5,super app,5
99cbc37c-ab34-4a1b-9f82-4dfebefe6726,super 💯,5
ffdfee52-e016-48b7-baa5-737f0d40bcb8,Very Nice App,5
87c704c4-4f42-4c87-b709-65ddccf19097,this app is so bad remove block option from this app he blocked me 😡😡,1
681fff98-b611-412f-b7ba-71c3bbcd8c1b,Best app,5
cfa70396-90ce-4802-b65c-0ee39fe5780a,pls remove active 6 minutes ago option why it can't show quickly after person goes offline . and also add limit reels scroll,1
73952b9f-3fe0-4c9b-a921-b0ecc349ad8f,I love this app ❤️,5
a1a9245a-506a-4f84-a8b1-f9d0a9ad9ca7,Updates arrive me veryyyy late I'm very angry!!!!! Hate this app,1
ab1c1cf6-c87a-4f79-8fef-cebaa5a97077,wow instagram 🤩,5
02db9735-c5c9-4187-a644-60b7af2eae40,great app but when I wanted to hide my likes I did as it said in the setting but my likes were not hidden and everyone still see what I liked and that is not what I wanted so please fix that. And also for some reason the apps suddenly stops working at it uninstalls but fortunately my account does not get lost the same account but you have to fix those two to three mistakes please first mistake is that it automatically gets uninstall sometimes and it stops working while I'm using it turns off.,4
90bcefa1-372b-4348-a0df-222f4dc140db,really nice 🍃💫,5
81f6ec75-9fef-467f-8d44-e05e15022740,excellent 👌👌👌,5
42bdd257-9025-4741-9225-6cdc63d90c3d,bad instgram it's internet fast tion future,1
86f11ab8-809a-4016-b890-5b12d6d11de0,perfect,5
53ec830e-0be2-4ec9-9c68-625687129b66,Time for my weekly Instagram suspension 😂,1
cfec6eb6-cdc5-43bf-9d2b-0b9b3a47f2f0,best app,1
16f1db67-04bf-4a99-9d7c-57f25729d582,"i think I will give it a 2 stars it because the post are so random, like when it's night the FYP was about murder and fighting people like what the heck",2
c63a2e76-85c1-496e-8119-a6b8d2254151,change 1000 view to 1k please convert my instagram acoount,2
26415cb1-4a11-42c0-be8e-f0176ef4f9bb,why didn't work video and audio call in my phone samsung j7 it didn't work please fix it it about work and business,1
ce37f2a9-8a17-494a-ae90-6036853d7487,"I'm only giving a bad review because there are complaints about the ""Sensitivity content issue"" There are people over the age of 18 that are going through this issue and it still hasn't been resolved for the past few months which makes me question the priority of your people reviews so all I can say is to please change it back to ""more sensitive content"" it's highly annoying",1
509bbf33-69d0-460f-ab5d-705ce402c32f,super app,5
d543c6c3-6cad-405c-b44a-75473359e0bc,Great App,5
27107c47-1bdc-497c-9dd4-5c87eb847264,is Thak you so much for this 🥺,5
8b0e6971-6255-468f-90d7-579f0cf6103d,very nice ❤❤,5
1c0b08b0-0517-4a4d-b022-d5833f5b0eed,",📈📈📈",5
ab404186-e446-4c30-9a33-00ca28595225,Perfect,5
d4761200-ac59-42fe-9215-7d747b055acb,"Respected Instagram team, my account has been suspended today. I follow the community guidelines. My account has been suspended by mistake. Please re-activate my account.",5
3ada6cee-3454-4c56-a467-cd204862fa01,ok,3
098f084e-2cf0-4dd7-9a1c-77ca41447e74,❤️❤️❤️❤️❤️,5
efa55726-bb04-4fa6-ac3a-2f899fd40a20,very nice app,5
487704d6-89bd-475a-9d27-b28498366e3a,can help me my account convert teen account but I am 20y+ and birthdate is locked and try again in 3 months problem please fix this problem my is @editor._.amv pls urgent,1
6913a89b-ebc3-4e07-a227-43b770d3758e,i cant use unpublished videos template,1
9d85706e-a752-48ed-9b48-366644e8c0d3,🥰,5
bd937dae-f30f-4c7a-83ed-849bfd1fa828,best app,5
f604b762-e745-4cd6-aa81-c993f9747275,very bad hai q ke mera 5 account ban ho giya 1 ka bad 1 or sab ma 2 sa 4 sal ka manat tha ak ma 35k or 127k 390k or 11k or abhi jo ban huwa hai us ma 26k tha bhai ab mai kya karu,1
b774e693-ab95-412f-b088-63052619fd30,nice,5
c8a7783d-7b06-4557-b058-e1ca5d4bd4f2,came here for a filter,1
b63c3569-feb1-4f65-8730-2f2052bb41fe,👍❤️🥰,5
c3bc3ccb-1405-4977-8e2f-6ff3eb8b8b06,5star,5
465f3286-60b4-4c61-88cb-a8b7e46ffcf9,Best,5
23a6d0fb-7068-48f3-b509-121b76aab5ba,good,5
3cacaf6a-4219-4e72-a9e0-62af7518f2a0,ਫਾਲਤੂ ਐਪ,5
d7753ed8-df39-4d3c-83e4-a2aafcb0d3b0,superb,5
705c9902-39ed-4a12-8b3b-2a7554b26e05,That sudden restriction from reposting any Reels which didn't even violate any of your rules is annoying.,1
a07e2046-053e-46fb-95d8-fec21fd46b78,waste 😫🤢🤮🤮🤮🤮,1
f4a466e9-d852-400f-846f-50c76985c450,Very nice and engaging app.,5
be2d6e86-1209-4ed5-a6a8-9ebb0dfb86bf,very good app,5
a29d43dd-b4bc-418f-938d-36afecf3131e,ghood,5
d63faf79-831d-47b8-955a-f7e7ccfc747a,very useful for me,5
b8b9a408-7d7f-4918-955a-dabed915c8a1,good,5
a1ab63c4-1bc8-4e49-9840-590677db3c7b,Best app,5
52602cb4-02f0-44af-8dd0-401d87b6ee0b,"The algorithm is so so so bad now there are no views at all no growth at all. Despite creating another account, raising the query, doing what not still the issue is not fixed.",2
7b12f03a-77a4-4ce9-95ef-b51b374098f4,Withdrawal process is simple and fast..,5
bda1dea3-cc8f-4076-b643-3bd75901eeac,👍 I love instagram,4
50ec071f-8560-409d-b47a-b66e66e1f56b,good,5
f60e463d-23b8-4bcf-9963-2de0ad68c6b5,nice,5
48d10152-2ee5-4846-ac5d-eaff1fecde05,very very very very nice app,5
4112ba6a-92d9-471f-b844-90e252ff8724,my insta acc don't have feature too watch friend reels and new feature of gif on note,1
02e2121d-f41e-494c-88da-8e229a697310,very nice good most popular thanks,5
fc2c1e72-0b2f-4db6-a141-701bb9f4d8d6,fully satisfied,5
1735caeb-2e17-4878-9b4d-6b31b88cc610,best app,5
66f32145-6203-476b-9f12-24830cf6abba,im using Instagram since 2019 its good,4
fcda3d9f-529a-4192-8783-23ab9caf2b84,insta video call effort not working in my phone please solve my problem,5
adae2fdf-eec0-4d10-b094-f3dc5bf1bfec,good,4
10bbc7bc-f3c3-4f2b-9a32-3e5e69044dfb,this so oppp,5
d7deb46d-25fb-4d47-a5c3-3e0ccbeb0b2e,Good,5
c59e540e-703e-4330-ab75-a3035bdb19c9,Instagram Is All We Ever Wanted In Social Media And Graphics Productions.,5
c5b55652-1fe9-4f1d-a7e0-999e57826a4b,maaaaad...,5
e7600421-966e-4134-b0fc-7146a1729742,❤️,5
daa45a46-48d6-452e-8fcb-d2d6442ca882,it is a special for all the children to adult I love this aap,5
23a891a0-7898-456f-a724-a98c2b743a8f,"Hate it, the quality went to the gutter after the buy out. Between the weird interface, the fact it pushes video over pictures, and integrating all this Ai nonsense, I'm so over it.",2
d3402d33-20b2-43e4-aadf-0a3cbeea6bc1,love this app so so much,5
7a417e32-6023-4c9c-8fff-371ac7b18097,bekar ha instagram app not for useless app not resting app 😔😕,1
f7309f43-9569-45af-8884-f986a8a0c5a0,It randomly kicks me off of speaker phone when I'm talking with someone frequently. Way too common of an issue,1
f6cf897d-8a0a-4cb9-a3c7-d752761bad41,nice,5
5dff617f-9aef-4a8d-b2eb-2dad697eb9c2,waste of time.. app of ADS.. ... i see ads more than my followings' posts.... On the verge of delete... only use it to look up specific business profiles...,1
0387c2d2-0af1-4d75-85bc-a77d317339ec,youtube pe jao especially nahi,5
2526bd97-6eb0-42cd-8588-f7f1cee803c1,nice,5
56fac26d-b5b7-4b1a-b938-2882e0a3ac6f,not a single girl msg me 💔,1
f1eca011-d9c0-4366-9047-774c8f1f929f,This is a best addiction app,1
eeb999ba-5ecd-44ef-84ed-f311285242fb,Nanga nach chal raha is aap par....stay away otherwise it will ruin your life...,1
7cf789eb-faac-4355-a490-feacfd1b31e5,mere ko intrest hai lekin like bhadvao,5
476af9c3-eed2-4c5e-ab75-0c2f63860750,excellent,5
b3561f37-48c0-4543-a5d4-16069532d224,the best 🙂‍↔️🩶,5
7279a1c7-a484-4dd9-baf6-c33bae5e3092,use this good,4
864f8752-60a7-466c-9a62-0687588d9f48,I like this application,1
918bda21-a1f7-4a97-9166-5acf91aaf176,nice,5
e6034e26-6425-44f4-8bfb-bb9baee4d603,excellent 👌,5
ac8ad3bb-d4a7-4a4d-991f-1be4ea38fe0c,Semoga segera bisa lebih enak dipakai di foldable phone. Resolusi agak kotak rasanya perlu sidebar yang lebih ramping biar nyaman pas scrolling. Konten sekarang terlalu memenuhi layar.,3
515b0767-8e97-4eaf-8432-c486835c6285,My app keeps stopping me ? Btw it's good . any solution? 😭( I reinstalled it many times ) .@kidszloudz,4
28fabf3c-52f1-4749-afcb-43cd632080df,Zero privacy because apparently they use all your data for ads. It ruined my experience all for some stupid ads,1
988948f0-dc8f-42af-a2b5-dbfb38a78a9b,i don't have any words to describe the beauty of this app 🙏,5
aff9a2b3-55e7-4c39-8b8b-2b4361f80d69,I don't like,1
db43c76d-e7ac-425d-9916-7bbbbe8f2990,good app,5
7b673681-9063-48ae-8be3-0b5f8efd28a5,BEST APP,5
8d8a1e67-157f-4940-920a-783b65cdee29,dest for business man,4
2f7662f1-1e73-475e-895b-2ae596b95d7c,my account deactivate automatically and after I try survival time nothing happened I even don't know what happened I want my account back,1
17abed89-aeb8-4d37-a06b-2409c37f5629,গুড,5
8ae28872-381f-4efe-90e2-7188318b05c6,its good app,5
1a5534af-aac2-4c91-b796-d5da6f150f6f,veri nice app,5
492b3078-e7c5-47b5-bfe8-8165f6eebfb5,"Takes forever to install when you get a new update and every time I tag someone after editing the photos, it reverts the editing. So you have to pick between tagging people or editing your photos. I should be able to do both.",2
5071fc3b-8e8f-40dc-8b4a-933d0efeb3b4,waste,5
10b2981d-587a-480d-bb17-6bf630a31926,डाटा बहुत खाता है,2
fcd4fb08-e586-4952-8c4d-facebaaab1c5,Bad new icon,1
35e33695-9e37-4467-9e18-4d98aaf54ff5,good platform,5
e9230702-3864-4ce8-b69f-fd54b78ab16f,nice,5
4c1d2f8d-d834-486e-82b0-f303f8e440c5,best virey virey best app,5
2b980adf-e7d4-4815-847a-416cd822de1a,upload videos my views 20000,5
b383e83d-1423-4bdd-8da5-4c3e842adae0,I love it so much 😝😝😝😝,5
d5fd7ab1-10af-40d7-9720-62037317d11f,It also good,5
a7f2e3c0-cc4e-49e2-a1bd-cd2157ca51b9,"I waste alot of time here on Instagram, but I still love it!!",5
d231a8ca-1dc9-4555-a6db-a005a61d5c40,nice,5
c7a381cf-0929-4ad7-8fc0-f7f45f1f8981,good,4
0aa675bf-a31e-4ae9-8502-9c784831b5e9,super,5
10eff0e8-5b1e-4c14-998d-049883e8131a,"so i cant see the chat theme its showing all black even tho i changed several themes i dont understand issue here why this is happening to me, i tried to update the app and uninstalled it and installed it again but nothinf worked.",2
19825abc-cb95-4fb9-a116-059a52b5a804,I don't like ad,1
f9b7c831-8ac6-4ad0-ae8d-3ac704384e17,"Please give me back the ""one year ago"" feature on stories. There's no reason to remove it",4
c75e1700-b878-4bac-94d8-ecd694285a35,Nice App,5
4207cfbb-4185-4fe9-ab71-0b505b5c3bbd,best app,5
3a3c94e8-7abb-499d-b3ca-eb535f0fb1e9,really a good app,5
c64c5d87-c8b9-40c7-a535-4056eacda4d1,nice,5
d82c9e38-2cea-4602-b24e-10d12d9bec48,Super,5
30520c58-3010-4522-a02c-5ddf802cf875,amazing experience,5
d64e4628-2527-4a05-9bd7-7c312cda1548,👌,5
2e15b54f-7c6b-4126-875c-bc21252aca29,not working calling msg video call,1
0a96103b-8610-4869-a046-17aab9b185ef,I like insta♥️♥️♥️♥️♥️❤️❤️❤️,5
69450f8b-e529-4d1c-bc30-c05183043341,best,5
588247fc-e761-4a8c-b7c2-20a4ee54b09d,nice app,4
bc570234-d358-44d8-b8d9-7529f5b309d1,insta is a funny emotional romantic and more using application..,5
7c73cc42-408c-47a7-9464-5f12c66be46f,axilent,5
9347f3a5-d393-48f0-8889-5e6c1e01670f,this app id the best app in the world ❤️ love this 🎀❤️,5
239a3a6a-6707-46f1-b7ca-1b78de21f765,"retarded I've been trying to access my account but if I change my password, and try to get support it errors out and even though my new number was updated my old number is still the one being sent access code and meta ai doesn't help with reaching support team as well",1
bc416360-4d5f-44f9-a531-bbcb09fcc84a,My Favourite Instagram,5
1505376a-7761-4c42-8c12-2e4c36729d10,excellent 👌,5
0bd8c468-3e12-4244-869d-36c12aea7eaf,no reach my account 😞,5
cc1c2ea7-c933-4cd8-855c-faf966f9a73b,pls let us react on our comments,1
772271a1-e1d6-4858-83e7-e01ad1d3e6f1,best media ever,5
ce97b4fc-a02c-43f1-bdf1-62fa41bea608,better,5
5fc58707-6d10-4d7f-9d32-d8ccb3254674,this is an amazing application,5
815031bf-91cd-4d14-8d84-1fb175b16ec1,Bahot hii kharab I don't like,5
0018fc20-6a10-4cb1-bd20-d7585e3b2eb4,it's a master piece app it's change my life and i recomend you to try this app thanks instagram team ✌️🥰,5
ebc7c118-f45c-4de3-8800-c599e0f9a46d,❣️❣️,5
99e4d2cb-9f28-47ad-89bb-61eb90690faa,it is so good it is the best source of entertainment,5
ebb903d2-5c06-4f28-8f01-0ee0538423c9,best ap for single people 👤,5
972d0d9b-e6f2-472f-9dd7-f7e115733961,good platform to upload photos videos,5
ffaa2364-a3b5-4a09-9c4c-890a40b46631,good,5
619d740c-4cb6-425e-ab5f-5c148a28caad,wonderful,5
43f567a8-7eac-4289-b84a-949ce9074c74,good app,5
4e4f1a74-bad3-402f-8cd8-bd598157ab4a,best,5
ba356343-beaf-49c5-a09a-42a4f93b30b9,every time use💕,5
ca5a10aa-19a9-4adf-a417-26b18f3f4e20,😁😁😁,5
68271f4e-9edf-4698-86f2-fe3a6114e24f,mind blowing,5
8cd38d85-89cd-492d-9591-5aaec7aada96,❤️❣️,5
c00e774d-144a-4ef4-aadc-5b6b1b354eec,I just love the app..wish it could push small creators publicly too though,5
edfa0865-0390-4a30-9f65-5817fe9e6e34,worder full,5
6e0a72c5-cb9b-4d00-80df-ac59d7fa9cd3,Love this app,5
598c67a2-1013-4af3-b4ba-eeab6d3a18ad,OK,5
1863d37a-02ff-42da-bc73-294f6bd22d0c,hello Instagram team i think my Instagram hacked some one please my account protect asma.jawad2004,1
3efe9efc-88ef-42ed-a93e-a49b55338e5a,open ithi is app 💐🥰,4
56ea65bd-0768-4bb3-ba97-1e2f2cde9d0b,it safety app,5
07d86811-bcc0-4209-9fa0-4387a9232a90,"I am a Content Creator, I am feeling Nice since i downloaded Instagram. Sharing New Ideas, Thoughts and my Feeling By my Contents 😎",4
c60e41f2-94f5-460e-a5a6-a5f8fafd8610,bhai yarr id bnate hi ban ho rhi ha,1
b677a643-ba44-4e9f-b5a5-c2cb805e36c9,New update sucks again. Stop preventing us from hiding the UI with hold.,2
570f259a-4819-470d-bb1d-a28d05638895,i love it allows one to interact with new pple,5
735ea193-47b2-48f4-ba2c-1c4ac87cd7c1,reach dedo 🥲,5
b401f104-8e88-41ee-b5ae-3536ed69566a,very bad addiction,1
12cac175-5236-42c9-8c6d-543d1fec889f,good this app,5
e7b71e94-2ce6-417b-9f64-74a0461e2759,Best App,5
578a50a1-a1e6-424d-81cd-726783894658,please help me Mere followers Badha do please Instagram,5
050c70c7-0247-434c-a765-91b86e85bab8,nice,4
f0895395-cf5e-498c-9843-173025b0a0f7,nic,5
9f215c6a-2e88-4df4-9e82-4fa4955002d7,"It is great in general but my repost button doesn't work, I let them know of the problem but it still is working for almost 2 days now",2
59d63b4a-8776-4b8e-ad39-b60a019cf963,nice insta,5
acb1470c-6763-4ec9-889b-7a7c68a2d805,i Like you Instagram So beautiful app nice nice,5
d3787bbf-0b7f-4362-bb9c-58903ac08872,good,5
11954830-789f-4ec0-8562-2612f32546fb,best app for scrolling,5
d419860c-f27d-45f2-b8ba-b25a5a0ae7eb,"Instagram you are such a loser you banned my all accounts without any reasons and you are not unbanning them after the appeal, I am leaving Instagram for my whole life i have very bad experience with this app don't download it",1
33b2baff-f55b-42de-b3d1-6be616caf2ab,"perdi minha segunda conta hj do nada,q app lixo",1
09af95d5-26e4-4dd8-9171-9f2931b3895d,I really like the Instagram 😍😍,5
13fbcc70-32b9-4ca5-8376-b813a2f979d9,very smart app,5
a9af29c0-0d55-42ae-83a7-aecca2731bfc,time passss ke liye best hai,1
05697ee7-d3b7-4bd6-b1fd-8ffce783fb47,"app has been just getting glitcher for the past 6 months or so. Used to be a very smooth running app, but now every time i touch something it refreshes or send me to a new screen that I didn't click on. Fix this",2
d433b606-8c8e-43cd-a560-2380e19e2a29,Amazing app,5
d91bd279-0446-48b2-97f6-885d9e93ff7d,vary nice 🙂,5
7fdf916b-989a-47f5-b52e-4eac990090b5,very nice 👍,1
88a1f3f8-933a-4d0b-bae3-1994a6a447a6,soft porn app,1
83bee352-3baf-492e-8061-76f971b85e89,love,5
82387f77-424e-4389-84f4-1dd3948accde,super,1
d9df75cc-e848-43c2-980a-2a12a508f9c8,I sure insta is very popular aap 🤌🏻🎀👍🍫,5
24a094bd-5938-4516-b589-c7bd8c688c99,best app ever my personal favorite,5
fee27bd8-d48d-4f8f-aa5c-a6f19b6d5b23,l love this app,5
f10f2e88-ba0b-47f1-953e-6368bb5477eb,i like this app,5
78e46071-b9e5-46cc-8d04-2335c4bede1f,Nice app,1
9891927c-21f1-4ce7-8efa-7f68db584d9f,the caption doesn't work properly..one tap it opens up but after closing it...u need to tap 4..5 times to open again,4
4989c545-1459-4bd9-9aab-db6423c7cb7a,Nicee app😍😍👍👌👌,5
e2b93bfb-160a-44b4-b687-529d2479dcda,amazing,5
5a8b1ae3-d6b0-4311-a52e-61c61c974b09,without reson id suspended why please tell me a Pacific reason to suspend id,1
144fb294-e067-4d35-805d-7de77ea4d5c7,My photojournal of the mundane. Don't need highlight reels alone for my posts!,5
e4a8c571-2bf2-4b35-8f8e-b991be41650c,nice,5
f81c972c-fb78-48c2-a2ed-fef9b59e6f8b,good in the experience,5
00c0cc1b-4419-4a09-b2a4-b6396df96d99,i like it 😊,5
a6ea8c8c-ec9a-40ae-8560-7810fbb24cc6,top app,5
d78b5443-f1c7-46d7-a39c-833753cb33bd,excellent,5
9e1f93ab-de76-4fe7-b6ce-157a3841adbc,The colorful notes update came on the account but after that I note gets posted the color and the emoji disappears,1
4d2edbbb-c0da-4675-8a0a-9ac2aa0637a9,❤️‍🔥,5
e9bb73d6-a8a2-4197-9771-3cf8c29afedb,best,5
edafdd72-5a3f-4bcf-af7a-5c550b3e4a75,i like the app but the last few updates to it im not liking at all like no clear mode or now i have to tap it then tap mute when it used to be tap to mute b4 its more work and hassle,1
77931bde-42e7-4cfc-a914-71e54a62f504,good,5
bbc53d3a-d894-4ed8-94a3-db43a9279cb3,sometimes instagram's content good👍🏻,4
f1b37a3b-9ad5-4841-945a-4e3e449e4f4e,very good 😊😊😊,5
3a35dd74-807c-49f8-8751-a3d87c48ba53,Not downloading for me,5
1312e24a-5f6b-4baf-b7c6-86c8eec062ee,"susah nyet, gw capek",1
1061ddf0-edb0-4d2e-b664-15ad758d827d,I'm new on Instagram but I think is nice ❤️❤️,4
840048c0-66ef-4bfd-861f-09cf8ec7ecb6,Nice,5
1ad5d297-34ee-4d82-b339-a36591b19ed9,this is the bast app,5
3ea29c3d-2604-4c7f-8994-60cd66e6d446,the best apps,5
a8097e1c-7092-44c8-8a36-8073b148d1b9,i love it,5
fa9a1f31-1bc5-46a0-b362-e391c46c5506,weldone,4
82ff657f-0c28-4de0-a1b5-a9abb5376ace,it was a trully wonderful app,5
53d7bab4-b247-49e3-a299-cb7060bb0a39,good🥹,5
24c064f3-a339-4c48-8c35-4351f9b94fe6,trueee,5
99b18e25-235b-4d9f-beac-f26b38f7fb41,my video,5
d5d9f157-a36c-4b3d-a015-d48fe1bc931c,nice app,5
e4043850-3592-40ce-ac32-866071714997,lajawab,4
212d6417-7a55-47ad-9a7a-86adffb7d937,"I am very disappointed with Instagram as my account has been disabled four times without any clear reason, even after my hard work and following guidelines; it is frustrating to lose everything again and again while accounts posting violent or inappropriate content remain active, and mine keeps getting targeted unfairly, as it feels like false reports claim I am not a real human or my content is inappropriate, so Instagram should verify such reports before disabling accounts.",1
24441ca2-8915-4d4f-a3e6-ef4c06929387,👍🏻,5
42f23dc9-6a79-458c-ac7c-26286b22f0a9,🚩जय श्री राम 😊 बहुत अच्छा हैइंस्टाग्राम,5
08879c3f-3dc1-4ba0-9ef2-e4c82024871e,bad app,1
fabad542-b533-4155-8803-20e525cec0c0,👍,5
beaf4da4-2e70-41d2-9110-0e9ec55db28e,𝘸𝘩𝘢𝘵 𝘢 𝘨𝘳𝘦𝘢𝘵 app🙌🏻,5
16d4fa50-bb71-402d-b58d-17655ad4dae2,my favourite app,5
23873e87-a951-4283-b320-d1fd824c5a1a,very good,5
b4f6492f-6e75-4775-82fe-d4b0b836c73e,massage unavailable problem is not fixed though I sent mail to fix this problem...please fix that problem..as soon as possible...,1
cba27b6c-81b4-46f0-8e46-4cdf2c6e84c2,very good app,5
f0b39643-8df8-4106-a84f-a28f049c0f76,worst experience ever i created a new. account around to 5 6 account all was suspended why this is a worst app very bad experience no star want to give bkwass,1
7292c6cc-3747-4258-b7c4-f55c827d9990,ok,1
4ec3bd48-2e86-4343-ae63-27643ef76274,EXCELLENT 💯,5
136d4c58-dd54-4f18-ae49-59da7dcec7c0,vary good,5
1836491f-7fd5-4146-a567-970e804cb529,my experience is too good there is a variety of rels I love Instagram literally it's the best app it's so entertaining I love it thank you so much Instagram and the feature auto scroll is amazing to the features that Instagram has added is so good good,4
090e4558-f567-401c-8da1-804a4b6b2827,Want for daily,3
4e67ccbe-c407-48b9-9b81-fad82d0f56ae,love this app 😍💖,5
5fdffc94-7a49-4564-a071-eb0becae24ea,good,5
174fa417-1f07-4908-9228-b3732f9935da,good time spending here,5
079ee429-04ad-4445-a8fe-85ea75433257,Good,5
b448553d-e11b-40e9-86af-c7c10498e618,best app thanks,5
7058b63e-523d-4232-b759-459c80744b1f,very distracting app such a nonsense app,1
1966809b-f54b-4e40-9cd9-1054b3a06c71,good,5
2ef43b1c-ab74-4028-bc91-8a4b4870f1c7,best app for content,5
b2533a6f-8b5c-40b9-9f01-82ed89696f2c,highkey love tis app cause why not and it helps me impress the huzz when I'm too shy to speak irk haha lol btw u should try it I mean u only live onnce but dw I still haven't meet a bully and I'm sure u won't lol bay,4
c4903a26-633b-40d4-b4c3-d04eb043a740,nice 👍,5
ae1bedf5-bb7d-42ff-ac8e-c0da65812464,yo it cul✌🏾🥀🥀🤣,5
2eafeba7-7522-4cf6-b1ce-865cec7f52cd,It's been years and I am used to instagram without insta iam nothing it's fun learning entertainment everything,5
ae5bc09e-e005-4308-af9f-57ce575a479d,Love it very good app do recommend,5
ff40dc71-e783-4003-865e-b57ee9e65ab2,Good,5
0b1c36d1-a4e2-4177-9f25-805a3599dd60,👍🙌💫🫀,5
f97bdd3c-959b-45c8-a5f0-3378bb3c5526,hard to use and stop. doesn't coordinate well,2
cb82e2ff-bc71-4c11-8cd3-ba3fcf980d73,Wander full,5
76a2398d-1de1-4916-9bfd-beabb70617fa,good,3
d5dbd69f-6bf3-46e9-9a67-62d9267cd934,Either you give them your data (even more) or you'll have unskipable ads. Dirty blackmailing move...,1
052c056d-6580-40bb-8259-34c1b07148d9,excellentè,5
afa7141c-27b2-424a-a583-a551cb0e72e8,good job,4
3287dbe6-2c77-4ff2-b438-1efd797ea9ff,it's very nicee,5
fbeedb58-2fcc-4ec7-9a81-baafba7ad232,👍👍,5
dd6dcb9f-963f-4f82-b4af-f8f531949c0e,excellent,5
e95a3b1b-8fd2-41fc-ba82-528c97497ce0,It disabled my acc and also my fb,1
7e9f5829-b0ae-498e-860b-08552b670932,exceptional,5
3bf3cc03-c46b-4a40-93b5-e3c01c659450,vv good,5
39accb4f-c29b-43af-8524-1dc8d4aa1b48,good,5
29247fe7-85f0-4900-8a08-f306bb65b70c,सबसे अच्छा अपडेट ये आया के जो रील चाहिए डाउनलो कार्लो,4
1aa343c9-1ca8-4261-baa2-c8ae40980b5d,it is good,5
64f2f162-dd8f-46ce-8c49-66ac788e3b25,I like so much,5
3aaf33d8-53f5-4e5c-95d4-fe8f06619552,s good 👍,5
7be3a56e-7e84-44da-8a52-dcfeaaeae3c1,I like instagram,1
33948f5f-ec53-449c-804e-e5dd1fb2ce7b,it was only nice.... not good. Instagram is lacking so many times in my phone even after so many times of re-download and updates.... please fix it as soon as possible.... it's literally irritating...,1
bfee4436-eb61-41af-a8c4-e0fcf3bbcea1,it is best app,5
d03ff6ba-1f6e-4147-8f72-edd1ef94e0f1,"without giving any specific reason, they suspended my accounts.",1
e64c0f7b-dc53-4204-ad19-3422cfd3aaf2,very good 👍 and gorgeous,5
bdeb9c14-ddb0-49ab-9f6b-7abd82628560,👍🏼🙂,4
1e68d90e-af3c-4e72-aa69-3595ee262800,dope,5
182d8a6d-0899-4613-887c-0c938317b3c7,in my Instagram my posts are going to invisible so I can only see my post in another account they can't see my post or reels.,1
9c9ac628-a5b4-4ee6-a247-1250368d37be,i hate this app,2
63143817-a6a7-435c-ac5b-e48a9a471296,it's a nice app,5
956a63cc-206f-4804-82ab-70210a28c84e,Very good app for entertainment,5
da0d1238-4b79-4844-b049-a6f4d2674a1a,Not a good experience,5
c4c77bd5-5f41-4539-bc9a-fa38e5be11cd,best aap,5
e7d7358c-0dc9-42ac-8ef3-c27cf27558ab,good,5
aac1b3e8-2fc3-419f-83d4-679d0aa182c0,wonderfull,5
346c700c-15ef-43a5-a696-1afea59d8416,"Instagram is operating marvelous, need more features on the edits for reels",5
230549cc-c9fb-4197-8b1a-653dae2dc193,good 👍,5
d4a5759a-e05c-4f92-89d6-e2b8d4139fa5,good,1
67b16f41-5dc5-4e90-ba38-706fa54202a8,this app is so beautiful,5
2f8aab7d-26dc-4c06-b419-6cf14a451e13,"my account keeps suspending and i have 2 facebook acc suspended beacuse of this,fix this insta",1
b8524da0-bc68-4b3c-90f5-e1bb7bb31be7,its awesome ♥️,5
0b50946b-9f66-449c-84db-71218a6996be,Vadde lacchi,1
1538b70f-89ec-4463-a944-66922f4fc0d9,This app is so amazing it's reels are good I love this app,5
3d48c4ec-7834-48d5-a886-a1784839459e,please don't suspend my account,5
03f7a9db-e094-4934-889e-becb47d0a772,love it,5
2d3cfda1-631e-4d3a-81e9-a2720e0bc17d,doesn't work properly,1
30e78113-301e-4c79-ab12-7b1207b15349,I love insta,5
aa3dd4ce-fadb-44d2-997e-bb1660dca55a,is app me ladkiya reply hi nahi deti hai bss reels dekh lo isme😂😭😭,5
51e20ad7-c005-45ed-972a-4e6be361b745,My account keep suspending again and again,1
a5885437-1ebb-42ac-b429-cbda28ba49c4,Amazing,5
d62d7e5f-87f6-471c-bd40-66d91f72e790,nice,5
3bf4923a-927f-41b3-b5b2-d551329558cc,I am enjoying this app......,5
f250600b-3395-4c0c-9f45-3517c7c900c3,super,5
4ccbfdf7-c41b-49fb-81df-d6c1db905277,that's very slow connection,2
9269fe39-e213-47f0-9af1-9a81033a79dc,new advertisement policy makes the feed stop so you can't scroll. Totally ruining user experience in favor of profit. You have to now buy yourself out of this.,1
169479c6-a134-4a4c-a5db-ff7a5c8eb5a1,good,2
93f3ffc2-64c4-4788-9a4a-3d69a95a1f80,it's an amazing app . i posted videos and they are going to go viral. i am really thankful if i become a famous person.,5
4dc6fed8-09ee-4f62-9779-7a6d00d9b950,good,5
300c5f07-da31-491b-a0f4-0486dacafee9,Not words for explain,5
3ac5bd62-101d-47f8-b8b4-8a3491e37ade,Disabling accounts for no reason.,1
a4de067a-ab60-426c-b0f1-f98bc82144cb,so nice only for Right workers,4
35375975-3af6-40c5-ae84-a22f0d8ba713,nice 👍👍,5
7e9086d7-3f85-4a47-8f1c-97fff37ecf66,ok,5
3b037a11-d777-4830-8cce-a257ac7329be,it's very useful,5
69685118-51a7-415f-9144-000c0e367257,west my childrens rudely this app watching rudely childrens very very worst app,1
eaec78bb-be66-43d2-85de-5f6b96bc72ff,mama mia,5
9248e80d-c19d-4cdd-a411-667a6ce4dd7f,best app,5
ac9ea029-3b1b-4f4c-8ecd-96933407d4f8,I hate this app because it destroyed my account contacts with different people and that's mean because they suspended me 🥺💔,1
e574dec3-655e-4f71-abfc-05aef08cff4b,features are even getting worst than ever. account are suspended on their own without a valid reason and no response on help center. Shame on this app,1
7c0f2e82-2884-4a46-8e21-9b307517433e,very good 👍,5
ba3fa6b4-858b-4a2e-9d36-b71e084f62fd,this app is time wasting maxen,1
35c4d4e9-a100-4fd1-977c-aec8cd18e30a,🥰,5
f745d40d-6adb-4377-99fc-1b50e1b8e011,wow nice app,5
ddfba495-bac1-4656-9e5a-f22eccf29cf4,gano futro bhaire,5
f75b2b98-f8fb-4a8f-81c4-274acd07bc6a,A click mutes it. That's not very useful. We have sound volume buttons. We need to pause without holding the click. Please fix it. Many keywords censored for no reason. Scrolling through comments so messed up. It could be a smooth scroll instead of a tricky gear by gear scrolling. I can't even see what I am writing in the comments. I can't copy a comment. Cannot copy an url in a comment!? Cannot download anything. Very sad some stuff needs to be shared. The notifications don't work.,1
ccfa0f8b-8690-4afc-8596-2a0db17761f5,Lwk just good like that,5
0bbc21be-82f1-457b-a7c9-814ea253a697,👍🏻👍🏻👍🏻,4
8e2f46cc-6eb3-4d46-8106-d7ced278d4c3,"All the Instagram accounts created with my S Gmail are being suspended. If you want to take back all my Instagram accounts or close them like this then tell me, I will not use this Instagram account.",1
bc5f40e2-df36-4745-ba8b-d286b65ff422,nice,5
17d88a18-8433-4a5c-88d8-97e3cc6ecef6,Good instgram,5
acfc089a-6a96-4d8c-8d86-dce40babd35c,like,5
5dec9a8c-e7b6-4f11-9ed1-c702005ce6d6,features Abhi BHI nahia,5
753896d8-85f7-49ea-8bf0-2fccdfe68450,please viral my reels,3
2f0d7b80-d771-4afd-b547-2d26ec87c80a,Mera Bina karan ke account ban kr diya 🥺 I hate u instagram,1
5c8326ae-3dd4-4cc8-8161-4345ce6a716e,تبا لك انا اواجه مشكل في تحديثات,1
680686ac-5913-4ad2-8d6a-d3b6e631ff9b,it is very interesting,5
f5713275-bb3e-4588-aaf8-23dd98ee832a,super but we all need chat lock option pls,5
58a7198b-b658-4742-ad25-f179b9ac5503,Nice,5
fa7034a2-dbd9-4467-b3dd-06d614daa5d1,nice aap 👍,5
8f450d41-4521-4bf5-b84c-3b91ec040bfe,I like this app but when the message comes at that time it will ring that's why I am giving only 4 stars to this app,4
1007e70f-be84-462a-80b1-ccc16d3d1a69,Kk but not working properly,5
4995a404-238b-47b4-9fd8-033bc37c865f,"5 star sana to kung hindi 4 nilagay ko, hindi ma adjust lyrics ng music kapag sticker sya sana ma add idollll",4
8eed81bb-f26f-4f59-86a7-b52b6c6732bd,it's good,5
1a5cab9b-095d-46aa-8ddf-80642938be12,outstanding,5
a35ff0da-5f72-4272-9828-18e1cd71491e,super 👏🏻 nala app,5
87a79f13-02dd-40eb-a9aa-bba0e0ef839c,I hated Instagram because it is harmful for children it make bad behavior in new generation,1
7c682333-583f-4628-b49b-9c8481fc411a,that's good,5
e936f9f6-1ad7-40d0-814b-ae5a3a40e558,good 👍🏻,5
bcbfa33e-a4db-495e-a564-bfc9976ef89f,good,3
a5f86eb0-b4a5-4b1e-b7b5-a372e75e7629,fix some bugs and some error issues.,1
5a8e30ad-a14b-479c-8614-f350d9ee4467,bhout bhout bhout jyada acha ap hai Instagram,5
cefab488-05e8-44d7-96a0-f7457c4a6d4b,👍👍👍👍,5
72c1b3ff-ce9c-4444-91c4-93235c59efdd,uts truly awesome,5
ace77364-2c17-4a81-9721-eeb7429ebb96,"Hey Instagram Support, i am reporting a problem that i have been facing for a week which is i cannot log in my account despite of entering correct information. I also made a new account to check if it a bug but when i logged out then tried to log in again, it showed the same problem although it was a new account. Otherwise all features are splendid 👌.",1
25704c8a-c71e-4bed-9002-f4e94fd34019,Amazing platform,5
8263a5d4-b594-4555-a931-f565bd8e87bc,it has bugs I can't even repost stories I've been tagged 😭,5
d3c635ac-b94d-4297-8845-4955f48ed74d,very nice 💜,5
68ad3917-3b3a-4ea7-a556-b084e7e488c8,excellent very good platform,5
cdc31298-4be2-4570-a10c-8a0f0f0a5d4d,nice experience,5
f26dbe19-c7a6-4057-80ac-e96d177d2510,worst app my best friend ignored me,1
15e57857-7e2c-4a74-9d59-4c5a11ad89aa,my favourite aap,5
d3629f97-5e13-4ad7-a35c-48fb2361737a,i want a one click account delete option,1
23ade434-0641-4585-96af-1babfdf2d127,Nice lovely app,4
886f8779-1454-47f0-93ae-63d627f0885c,Very nice,5
4e63e0f1-1f1d-4e08-b56e-21a2a3b698e3,all features are good in this aap but 1 thing is very important to be added in... a scanner which scanes photo of peoples and give their I'd s,3
83dbf146-192c-4818-960f-41faba18f6a6,OP Instagram app 🙏🙏,5
8194e2e5-e7e2-41a6-ad7c-6d2dc36cf829,Thanks for you,1
0fb3eeb8-470f-498f-8a4c-6fb2da6a96b2,nice,5
10a328f1-1529-4ef3-9108-bfed2a950c58,best application for single person 🤗,5
108c7e15-6404-46a7-94c2-11b2329b5bf1,nowadays instagram removing profiles for fun 😔 not expected,1
31cb8195-3f7c-4823-b06b-b67a300649a8,Please add a feature to remove watch history in on click.,5
85b3fcf6-b56f-4d2f-b14c-aafd2175ef36,meri id suspended kar di bttao kya problem thi I'd me esse achha to ye instagram hi band kar do,1
7054244b-098d-4166-8dea-2f82148758d2,🍸🍸,5
cd1818ce-25ff-40c5-99b3-6031c46e04cf,lost many account if we mistakly delete plz provide one day tym to re install and login with password,3
14ec8747-21cc-4fc7-9e9b-d4e9ff1cd94e,I love Instagram 100%,5
1cdd3fe2-7fe9-48e9-a565-ba8662af602f,worst team ever ban my all accs with glitch reason,1
f589b889-1a35-4c2a-b829-c28373a18f16,❤️,5
804ee9e1-c743-4268-8a72-5e68a27e1e0f,Very good,5
09a20a48-88ec-4916-a746-476f0f5b3fee,nahhhhh don't install it you will be addicted,5
6e586935-e536-4936-bd0d-a8d877d79636,𝓼𝓾𝓹𝓮𝓻,5
c41b5051-2b08-4753-bacd-713aa31fda8f,Amo Instagram es una excelente app .,5
0deda053-0547-4495-87d2-42886a9b62f7,this is so good for using but you don't understand English so you don't use this,5
6d9dc487-6532-49f0-a3cb-7fd4bbf6a9d7,nice,5
a6d35cd7-643b-4c56-82b2-6b54529f56d0,good luck,5
7563ffc7-d1b1-4886-b1e6-ecfdce6529a6,👍,4
015271e5-055e-4fd0-9706-990444528327,best for time waste 😹,5
36df7c97-6a03-4168-be08-716874472622,good app but time consuming for students and the lot of distraction.. acc too mood instagram showing reels it's not good for mental health,2
d17b216e-605c-40f1-b1fc-55283bac2767,good service,5
b788f858-8740-4bb1-b371-9a8bb62eccfa,nice,5
4a676d72-d1eb-40b5-9761-19728f36fced,good,5
213b3075-91dc-47ed-9e73-d4e2b1f520b4,wow,5
e35409bc-a689-48f1-80b0-7a60ccb2b0a0,best vibes,5
75dcdfce-8e0f-4463-93b0-8fc21881845e,good,5
ea969304-aec5-4a53-a758-f5a18099c9be,good,1
c9df0ec3-6e53-4629-9647-3abc12bb6df9,hdr videos playback fails in galaxy devices,1
8d2df012-d4bd-4651-bc32-292e71d76e47,🙏🙏🙏🙏🙏🙏,5
e478c01d-a6a0-4168-aa57-3ac5b2312378,white pura hai yesk slide,3
fcc8f3b7-4c32-4fff-aca0-ac49a4da6bdf,good,5
ae2c32df-5884-43fc-9a2c-3f4c2f5c81a6,my old id retun instgram,1
8c0fe340-ddde-460c-8976-48109fe4fafb,good experience,5
b8512340-ca85-4ba4-9dfa-d016661498b0,This app is very useful and easy to use. It provides a smooth experience and works perfectly without any issues. Highly recommended for everyone.,5
a537baa7-be76-42cd-bd7b-621312cd0a99,good app,5
1f34ce8d-24f9-453c-b5a0-c3dce661fe42,Very good app,5
02caa52f-5a69-4456-b46f-e679e68a6fdd,good App,5
ee51d4cc-9a1d-4d21-a9fe-18cb5d3c8515,is app mein 1 ghante se jyada nahin chala sakte yah feature bahut ghatiya 🤢🤢🤮,1
73699884-5f6b-44ee-82bd-90781d02a73c,great experience,5
73b13954-0429-4fed-9611-7400b263257b,very nice,5
a032854b-1325-45ca-a1af-4b971465b57e,nice app,2
9a602614-0d5c-4d09-979f-8de5e956b6d8,Unstable dark mode and chat messages keep disappearing and still no dynamic chat backgrounds like ios such a waste,2
4b7407d5-a02a-4075-8256-e814f499b8ff,good app but instagram has disable my account,5
40aded75-e28b-4024-9902-dabc64a88363,👍,5
33d66d57-a83a-4625-8f7b-dd10bec75440,🙏🏻🤩,5
6f0dfcaa-d6ba-4ca4-895a-cd939722fb87,its amazing reels photos everything,5
8ca01eac-822e-4f24-815c-49ee440f61c6,very good,5
2fcff477-9041-4e14-9314-410bf97d0668,Enjoying,5
d8b2e764-704e-4475-bd7d-c52f72cf7ada,nice app🙂,5
329f5a0e-fdc7-4059-a5bd-6cf177a342bc,nice 👍 aap enjoy but 😤 sexual scene and video banane balo far case account remove ban I'd baki sab thik hai 🥰,5
f1d7dd40-c98c-44c7-b3a7-de7eacebd0cd,useful of spread good news,5
171023db-437f-4a16-9aad-6c6206de41f4,خیلی یک برنامه خوبی است ازش راضی هستم,5
6955122c-ef02-4439-a70c-c4d71cc31d8d,good,5
002e5441-0726-4bf6-acce-121e34e01004,very nice very good,5
681a9534-5eee-477a-bb2c-2281aa66b316,Instagram open nhi ho raha hai mere id,1
7a78445c-6f36-4231-8e77-c0207ac88b93,beautiful,5
5a8e6bee-5c52-4188-a73e-dd7279436b7a,worst app ever,1
6b5ad853-901f-4870-98ea-9ea7432a4c3f,This update is very bad becoz its shows chat list very slow and loading also we cant msg anyone continuosly Becoz they shows sending..... Ur msg in 3 mins later pls solve this problm its Rdy frustrating,5
ca098749-5be5-4a1f-897e-7c6cbc2a141d,"The app is cool for socializing with other people,,,,,,,, One problem is that I've not reach where i want,,,,,,,if you can help get 3000 followers I'll be alright",5
b9f436a4-7a1f-40d5-9382-0ad082475b36,good,5
a08df148-25b9-4c80-b4dc-4ed15b260ed8,Very nice,5
0a79bdc9-c622-41f0-baec-7351f55f5baa,nice platform 🔥💯😘,5
64285715-4bda-4449-9cb2-eaf7b5737d41,it was so gud to use,5
6c44665c-ee87-4e9c-baf5-cffed8a56596,Genuine App...,5
9ede6f83-102d-4738-ac07-75799b6a303b,very high quality. I love it.,5
76987396-ed21-4252-a1a3-3189926c7578,wow,5
084f4cb0-76a7-4948-9973-17962e164cc8,very nice,5
4bb95b03-7e8c-467a-bef7-c7858166ccb8,very good aap,5
45f1bc6f-3818-4f98-b738-a6d0c3c37d7c,good job,5
9a366eb1-f181-43b1-a699-f4628ce09bc2,good,5
ebffa2f8-bfdb-4ccf-a8ec-4b99e917fc6e,fav app💗,5
60370299-b9b2-48b4-b6bb-2c377ca94bfa,It so amazing ✨✨✨✨✨✨✨✨✨✨✨✨✨✨✨✨✨✨✨✨✨🤧🤧🤧🤧🤧🤧🤧🤧🤧🤧🤧🤧🤧🤧🤧🤧🤧🤧🤧🤧🤧✋ We cain do anthing righ? Yes.... We are🤧✨,5
0eaa882c-3236-43a4-9d64-3c5c1cca2977,account got suspended without any reasons,2
865c9ca8-7824-4199-a401-c9cce60851ec,Osm app,5
0623f508-c34a-4dbe-aab6-97b7adba4539,"It doesn't support 60 frames per second in Reels clips, nor does it support full blur like iOS, and the feature where tapping on a message makes the blur appear.",1
f32a53d9-1141-4ee5-8b04-bfe3be09df7d,THANKU SO MACH SIR JO AAPNE INSTAGRAM BANAYE THANKU SIR🙏🙏🙏🙏🙏,5
64ba4808-2058-4714-9cc7-05ec7f1a22ca,best app,5
5b381201-e3c1-41c3-a067-ff831d887c0e,good spp,5
0bdf54d9-32f2-43c6-8462-47f6278a31e2,very fun for my friends to chat with,5
fd5833d0-14f5-4ccb-9d65-727458bfe400,Good,4
38a5ed03-f951-4af9-94aa-58b40a7f37f4,❤,5
69191247-503e-4896-b534-60ff74491812,bahut kharab Instagram hai,1
46bb0f22-c870-4223-991d-1d757ac08f9f,大体において満足してます😊 不満は少ないです。,5
1bc258b0-907f-4abe-9731-1eb146901b22,nothing good,2
0ebfc589-f3c3-42ae-b87e-16fa0949baa6,new edit option is not available,1
9e75c31a-d593-48d7-ab71-f2894f42e58b,nice,5
fe5f49ee-e785-4ba4-a191-4458af44df98,Instagram band Kyon Kiya Hai please Instagram Wapas Tum Prayas karo Facebook Instagram,5
33193a69-387c-4967-a68d-8c639ba3f309,ok,5
1954609c-2bba-4b88-a09f-eff612fae65c,funtastic,3
bfd0b872-4559-40f2-8fac-a62682f09624,good,3
3bf6f353-eb3f-40b1-84ee-640f7d43892b,👍👍,1
ed253af6-bc5f-4a95-923f-7890ffd458ee,my I'd disable for no reason,1
81be5570-87ae-4a98-a82d-0ec2303c3db9,wary nice app,5
7e3f719b-f171-4ff6-b4d4-515f5943c3b9,i mean ts tuff,5
347576b9-e75a-42ea-b118-c483d57bfe44,Excellent application for personal use and marketing also👍🏽,5
ee745e5d-e23b-4324-9dda-c05eaa4df75f,This app is veryyyyyyyy nice thanks,5
04ec54ee-7089-4344-a1e1-1f46e72ea810,"Now I can speak more freely, especially since a company is randomly closing and disabling Instagram accounts for reasons of account integrity, even when the user isn't doing anything. Even if you create a new account, they automatically disable it. There are so many loopholes they haven't found a solution for. Now users are worried about their accounts because they can be disabled at any moment and required to provide ID. Once you provide ID, the account is permanently disabled,",1
240efcd9-1196-46c0-b07d-371b98800c56,Best 👌,5
74d49679-a242-4156-9310-91cc6617b03c,goog,5
33b88c8f-f82a-4697-868b-1b0ae9242832,"This app is great, it connects people all over the world, thanks Instagram.",5
86f5057b-b2f9-4a11-8eae-c250f3333217,very nice 👍,5
edab119b-0896-41c0-a916-0e7073f1ea54,Like for sure you must try it 😜,4
a2dde1f5-0964-46ae-9a4f-30281d2faff3,អរគុណ,5
e057b8e1-cb1c-4568-8716-c467329e8255,good,5
49c0aab8-1210-417f-b3e4-f0548cef2bcf,verry nice app,5
6b299def-dd73-4644-b36a-466519f477af,good,5
25b2de5c-870b-4926-beee-5468ccc3dea6,good,4
f4dd1812-0763-4f99-b0d3-9ecaca2b2cea,mandatory ads? really?,1
3abe1701-3199-4250-8aa3-9d297fd5af65,Brand,5
5ff84769-8c65-4d11-8600-8238d7f856f3,good app,5
e542e1d8-79b4-4552-a199-2aec5435217f,I enjoy it but its sometimes slow,4
d2ae71a0-6867-41e1-afb0-a52f755e2087,worst experience I am getting my accounts suspended without any valid reason,1
934c40bc-ec9b-4514-a611-2aba6642a215,very good,5
4e710227-25d9-4587-a252-ea83ea604652,good for everyone but when you earn money from this app thank,5
592fd968-f883-4de0-9392-025aae8959b5,nice,5
9801fcfb-6dff-463e-a43c-d9ff62dedded,I like this wonderful city of reels.,5
312511f1-3289-4ec0-bf0a-504bc23d0a5b,intagram is very amazing app he truly deserve 5 star rating 👏,5
62548d95-2e06-455b-ad6b-258ec73ee997,Moja app,5
6b664398-c21c-4e2f-abc3-82951d906774,bhut accha h story nd reels much more🥰🥰🥰,5
0d2b2e39-2ef7-42a5-892b-7a3668759751,"so many racist people, I like it.",5
525c9b68-55de-4963-ab18-e19eefdcb0a2,I was using this aap since 4 year now as of now my account has been deactivated for no reason Even if I Make New account instagram suspended all of them so please i request to u get my instagram account back 🔙,1
3c6dae41-3524-4517-a084-d4083d6a450c,very good 😊,5
0a329c21-caca-4b86-aa63-76671f38841e,Very good App,5
20475527-7c7a-49d5-a302-55a5cd84fe24,very good app 💯💯,5
945e6ea3-39d6-4ca6-a631-32267a9dd9a7,super🤝😍😊,3
4d6836eb-9616-46fc-b8ab-8530c08191d0,nice app,5
604eeca5-da45-423a-a968-cf34bd58402a,its so cool,5
beb52728-db33-43bf-b25e-4934dd5f0344,I need to update my intsragram,2
d41a8c2f-fbe8-4004-92ea-57529654f94b,super,5
f61c6173-2704-4f43-bc96-eeb7ce9bb08a,Good,5
19ad9bb8-cbb5-4b2a-bd2f-3c4e680b71f2,"Why can't you keep reel watch history like youtube? It has happened to me countless times when I watched a reel, later if I try to share it, I can't find it again",4
47312511-d0ab-4708-b2e1-07e6202a00b3,badiya app🥰,5
b3bda14c-56f6-467c-a6dc-f39e83df9126,good,5
3496bf1e-68be-4020-8082-19062ee578c3,"Hate that it now takes 3 actions to mute video's, love that it helps me get off the app.",2
5143c03d-7916-4adb-b9cb-df6ce6e23898,"Without any reason, my instagram account has been suspended. Not only 1 account but yesterday 2 accounts were suspended... without any reason!! Very very very very bad...😡😡😡😡😡",1
fec81f8d-b0d2-4671-8412-ed269dd477be,good,5
c138d3d7-d2ea-4a7e-872a-e78dd6a3a57a,good,5
1c3c3b09-d765-448d-8054-c2e5ebfb8be3,beautiful,5
0fe76a18-a9d8-42d9-8889-fdf2b183d8a5,The hashtags have a 5 limits that's very wrong don't limit and I hope ig have live translation and can more multiple video chat like FaceTime zoom and we have choice if we want hide the commented of people to our screens if we watch the artist live get it!,3
55866344-6b38-41d9-bee4-b363f7826c12,😲,5
039d050e-28cf-4230-a65b-775b7418a670,when I put instagram story on photo then photo doesn't showing and show blank,1
d9ccab73-0a96-4be6-b926-35ac4997b260,good,1
db994402-1712-48e4-b6f1-9b12b124e1a7,Nice,5
d0568d1b-ee52-4faf-a3db-906d3ef7d8ab,"Instagram Review: I am very disappointed with my experience on Instagram. My accounts keep getting disabled again and again without any clear explanation or warning. Even when I follow all the guidelines and try to use the platform normally, the issue still continues. This makes the experience very frustrating for genuine users like me. One of the biggest problems is the lack of proper support. When an account gets disabled, there is no clear reason given. I hope Instagram improves its system,",1
650db721-b067-4776-9a1a-343233301398,very Good I love using this App but I Cant find The voice comments Which I Want To and Sometimes my fyp is just Random Like Bro? Im very disappointed,4
a4059e84-d391-4736-ab6f-9e4918376edd,"“Greetings Instagram Team, My account (yuv_pops) has been deactivated and I have tried every possible way but not able to get it back and I believe this is a mistake from your side as I have always followed all community guidelines and terms of service. I request you to please review/ analyse my account and reactivate it as soon as possible. I have put alot of efforts in growing my page. Thank you Cheers (Yuvraj)",2
2b12dd18-c648-4e5d-be5e-9bdb401aa9fe,good,4
5373139a-fd85-4664-b1a7-68d4d375fa92,very nice app luv it,5
a11e3fc5-fc02-4c16-bca9-2bfb8bb00b1c,Falsely banned over CSE. there's a false positive problem with metas moderation system as it has recently been doing ban waves to thousands of innocent users. the appeal system sucks and meta verified doesn't let you contact a live agent. users be warned.,1
ed029339-64e8-4045-927e-442a01cd7c1f,excellent 👌,5
e88eae92-d5fa-49ea-bc2e-6076a1d45968,"It is a really nice app where you can chat with your friends,relax your mind by watching reels after a long day and talk to all kinds of people.I really love it😘",5
177c456f-09df-4dde-993e-639d786e3442,good service,5
968c9d97-9db6-4c77-ae6e-2f4f3eb568f1,"nice app, i have meet that one girl on this app but now she 🥺💔",5
6da5b7d2-3a4f-4088-82f7-1e77bd5b579f,super,4
e1493c5b-6610-4f4e-8596-22815712e4e5,where is the new update for this account 😕,2
8fe9357f-1b66-464b-af2f-266b2a02894c,5star,5
625cbc58-d1a3-4acb-967a-9897588f83d2,I love this app sm,5
38b57b56-48bf-4c9b-8284-e30f66beb6e2,Wish that it would allow me to put my password,5
e066da6c-30de-47b4-9dce-608de0e37dd6,nice app,5
6e255fe4-0e15-4d25-aef0-3d590e4236b3,thanks for your,5
ad5c837e-d422-4414-a1c2-df64a0041d2a,Mst hai app,5
e6d37972-e045-4878-a19e-597f1b5fc2c8,👍,5
da3ffd0a-ca45-43be-86fb-50d8d2466a77,excellent,5
12253d32-259c-4134-9009-d23bddcea538,Meri id suspended kar rahe he kitni bhi I'd Bana lun sab suspended ho rahi Hai,1
11e79de0-c577-4d49-91ed-fc5569cab884,i like app functions,5
5616c557-5bb4-45b1-bd38-cd7348094ef9,good,4
8f53d305-0b3e-441f-b785-bc8b0d904dde,good,4
55985e80-920e-4bb7-8a84-81efeab1143c,it's a very bad aap because students can't do study and only see instagram ok,5
de5a54d8-2bfe-4ca0-b9dc-a6cf4aa13f13,this app is very best for memorys,3
68a44242-29d6-496b-8874-24484664334e,fabulous,5
dc2b2782-23c2-4990-b052-c7cb177e5268,Nah cuz can somone explain why my content gets removed when i just said something like stop showing me spoilers💀,2
8e6c06f6-d3b7-4ff7-91f0-e7a3587bfe7f,Instagram is now far more better and fun using Social app. it helps in keeping friends together. and I'm having fun using it.,5
303721b6-dc33-4bbd-9d31-b218c7c59a2d,awesome 👍,5
91c19adc-d056-4f18-ba91-e6ed703a0733,please provide a chat locker feature please 🙏🥺,5
de7a1ad0-cd59-4bdc-94c0-b543ed236584,i don't know how to tell but this app is very useful,5
a8f191a9-6e1e-4755-8b5a-0ed6c30b6271,this is an interesting app with privacy but I don't know why they use to suspend my account,3
423fa9d4-fa34-42bd-b113-8a197b6ccccb,♥♥♥,5
26cf6fc1-bb38-40f9-a011-11033efac557,💋,1
1ede1423-bb30-4e0a-a967-bc8bc49ce490,nice all,5
c7fc829b-f5b2-47b6-b4d6-c039565a1837,student is not best aap,1
4ac55482-dc3c-4d29-baab-a4d2997cff28,veri nice 💯,5
77e68156-431f-476d-92e7-51bcb858a2df,useful one,5
813ffa45-fe9b-48e7-809f-14971495d37d,I don't like this app because it's too addicted,1
fd2da724-e932-42ec-b592-4692e0d3076b,😘👍,5
0f7d1774-3081-4f7f-a9c5-cc944582a762,very nice 👍,5
b63bf1d8-eeb3-4ced-a0a8-805a8c6cdb9b,👍👍,5
19e54f1f-7251-4b9c-add6-ef118a313998,hello instagram It is very good that any video can be edited easily.,4
9d4d4be4-bb5d-483d-b754-51cb0d14efbb,mast hai yaar,5
e13eea72-4ac4-421c-8d5e-1aa2fd3266c6,it's my new start up..,5
371f2304-b1ec-49ef-8866-896cfd14580e,Very Worst App evey girl block me please fix this problem....!!,1
ef47da4d-b012-47e8-9957-4be21a7e45c3,mast hai yaar bas mera flowyers nhai badh rah ahi,1
bdd40afb-a6a7-4e4e-9ac3-3a7444bb88a2,nice,5
41875783-9d0a-457c-ac72-2d658f051696,very nice bro,3
be224bd4-6811-432f-ab5e-e9605c3e914d,good👍👌😍😍😍😍😍😍😍😍😜😜😜 my video edit,5
43cf3de0-1355-45ae-b502-c1f8657dfc74,good,5
5fa56156-f349-4230-9576-0daeb439da1e,good an acule account nice,5
d7410d9d-76dc-4931-a0d1-fb83952c98ba,nice,5
52af47b7-7a60-4f75-b197-62f6b548a0df,amazing app,5
24f60110-0cf3-4748-917c-016d652d388f,i am thankful to instagram because it provides me a platform that I can use to connect new friends..to explore the whole world..to show our talent and so many other things now I am able to do.... thanku 🙏🥰,5
2f01e052-9ed0-484f-ab61-cf82dec382d3,Good very good 😊,5
c515e537-0779-469b-a791-bdbf81fd5c9c,jindagi barbad karni he to Instagram danlod Kar lo,1
3a065144-a93f-4d88-9e3e-eef68b582dba,1k flower,5
ee3a0b1f-4790-4720-b362-1534b65ac48e,bro they literally suspended my account for no reason 😭🥲 don't install this app such addictive app,1
c5b59926-81ec-444f-94ae-8dd9149938c0,Awesome,5
15982b37-6ce7-494c-b2ff-ef6ece2a2717,entertaining,5
49695470-d795-4bfe-a0eb-795fcd652a8a,because my main account was disabled due to some restriction on my account,2
d5b41c96-4a67-498b-a10e-ce0e91209c79,som problems here,1
d668e41d-3dd9-4084-9507-961c934ff0e7,"Repeatedly thurst advertisements,profiles,inactions on complaints, no income, a lot of children made profiles,got addicted.",3
2a4d8c3f-adc9-4f56-895b-63bfbf54c58d,good,5
3aa0fdcb-49d5-4005-acf3-3a48f4aa1cdf,only drawback of weaverse not reach control your hand please release your control rich more people please,5
d5887021-b8c7-4680-b9b5-32036cdff8ed,disturb kar raha hai Instagram Mera Kuchh sahayata karo,5
160c7448-2658-4668-9ea2-687eda555a38,my account @rj_Shriram0007 has restricted due to your community guidelines but I can't break ang guidelines because my official name is Shri Ram Verma but my home and pet name is Rajan RJ ...just these are problems nothing else ..sir plz atop restrictions on my Account @RJ_shriram0007. thanks,5
45166be5-a2f7-4823-915f-36fa398e44d2,good app,5
b8e21dbf-a42b-4a3a-a804-0f15ac44eb60,it's so good appo in the world,5
7f5e7a1c-d5bb-4795-951c-c7389df8a1b0,super aap,5
6cda9af2-1791-4e1d-973d-6ef626284e78,ek number ja AAP ha Sara Bhai download karke dekho,5
f19511c9-0765-4faa-a9bb-1107489003fe,nice,5
95baac17-a2fa-4f92-b39c-375d0d026683,vrey ggod,5
b00b6c14-f0b1-47a7-bd45-bd1ee96669a6,This is a good app in the world...i like this app very much💝,5
d5d0d728-4f2e-4164-aa00-5a21f8cb4220,The most powerful app,4
a3a93920-a968-4b63-a98d-f6773502f34e,Good,5
c31822e6-fcbc-46c6-a997-5c87e932f360,very nice app,5
2d64bb52-244a-4d41-9dda-e55c41ef288b,"I am very disappointed with Instagram. My account was suddenly suspended without any clear reason or prior notice. I have used Instagram normally and have not violated any policies. This lack of transparency is unfair, as I was not given any explanation or chance to appeal. I request a clear explanation and assistance in restoring my account. Please improve your moderation system to avoid unfair actions against legitimate users.",1
8c4a4b18-d825-4c95-b1ca-0506d2b44a57,nice nice,5
20db06ba-a5b0-4b78-b1ae-5a870080a94f,all are good,5
c02d0590-f17e-4762-a618-841cc7b9ce72,my favourite one,5
22afef43-07cd-4101-b952-dc08dbe0bed4,good,5
03e05db5-95e5-416a-81db-b2db68865702,nice but views average,4
d0da008d-d2c4-46c9-98ad-54e343cdde2b,it's buggy these days,2
40644fbd-3043-4838-8323-5e697572ec9e,very valuable platform thanks you insta,5
3847cfa0-f8ee-4198-acbb-29820ac08c05,"Account suspended and asking for ID and selfie photo, and video?.. Dude, are you trying collect our personal data now?.. Suspicious to the max.. Not cool...",1
d46ea52a-c0b8-4c3c-af55-39df88215515,This Is The Best App ever💐,5
cc65ff00-66d9-43b4-ad14-1323bcbed535,good,5
293bec0a-7af2-4fd1-a04f-a65f32a19196,ok,5
75bb2e66-3840-4313-ad95-08b1deebfdbb,I like it,1
ba480432-4105-4d37-b836-8fb303faa69e,wow 😳,5
5f09bf76-c1e2-4874-aee1-c4eb7f00c56a,amazing app,5
f4880d17-5bbf-4e5e-8eac-bf9dc5eccc73,this is not have a control button on ad ...very bad,2
d068837c-0b48-4ee9-9a7f-59522688533f,♥️♥️,5
9fefb5de-e8c3-4095-90de-dbbfc9c34606,I like it very much 🤩🤩,5
0c8508e3-b65d-4aea-b1b2-4b087bff1b61,good,5
fe0db637-101c-4b50-8a7d-d6e9567fd5e5,👍👍👍🔥,5
ad4c6d28-1724-40b9-a73d-5800503547cb,good,5
ffabbe31-8dde-4848-b2bd-d04f304b68fb,"The interface is clean and very user friendly. Whether Im posting a quick Story or browsing through my feed, the experience is always smooth. Its the one app I check every day to see whats happening in the world.",5
1488041b-7c8a-4b88-95ab-68733b05f0d3,best aap pls mere sare fungtion khol do,5
65b2ea8d-b77b-4482-8d1a-83b23396a86e,"can't login on the app but can do on the web. it says the pass is incorrect but the same password works on web, trying it for months now this app is becoming trash, i think i may find something else",1
7b07aca0-dcb2-4931-bbdd-d055d3cfb04a,love you,1
7ec16c59-4df7-4fbe-81c4-68c654cb04eb,I need more followers,5
71b4cb26-551f-4fbd-949f-bd42a8588709,Best,5
365ac6a1-3a19-4a7f-95f6-e85e6966412e,STUPID INSTAGRAM GLITCHING EVERYTHING SOME CHATS DISAPPEARED!!!! especially when switching profiles!!! BASIC THINGS CAN'T BE DONE BY HIGHLY PAID IDIOTS?!!!,1
0a79814b-cb99-4f1a-badd-3978da5fa0b4,addictive,1
dd3b9ae8-0c84-4d5d-b74c-106af5bc2d40,A very nice app that has made my social media experience easy and a WAW for or me,5
418da15f-9775-4676-b9b2-b5df541b3ba5,this app nice,5
b71fcfbe-8fed-4804-bf2e-3d4c62dcb9ff,I love this app,5
66bbbc09-3ece-4610-974f-a54d07624935,تحفه,5
2821d052-429b-475e-95dc-37443ee9933f,good,5
e3696145-7440-41bc-a3a0-08ae9cbb6bb0,Best,5
0cdacb38-707e-48e4-86ce-6feda7906452,good,5
1bdfbdc2-2da2-4774-ab1d-6d2e34da70a0,I get to watch my hyunlix videos so it's a win win,5
4fa20eec-9391-4760-a1bf-a529180497d6,💔💔💔,5
c2edf92e-2fed-4a1b-96c8-494093f9a244,nice.,4
7602f69a-0e60-41d6-9eea-a177a3d49146,very nice app,5
91a78c87-de67-4f54-ae06-f89f127c2434,very distracting,1
fe2c0f6f-3bc0-4a99-a43a-1b6ad51f0dc0,wow nice 👏,5
33e41ea7-81a4-4de2-8ade-bcb654e82161,👌🏻,5
421688b8-a229-46c8-874c-0da049e4751a,"there is a lot of problems in logging in,",1
20fc2623-3a9a-410a-9b31-61b97da4dc31,"What is happenin to META?? My account suddenly got disabled both on ig and fb even tho I dont do anything such as share a post, comment on posts, post a story.",2
72b25400-81bb-4f27-8fe9-be2e5f864522,mere instagram account me activity in friends tab ka option show nahi ho raha hai to meri is problem ko solve karo 🙏,5
348df790-26d5-43c5-943d-29aceed5a744,"This app is very good, all [my] friends will find [me] on it",5
8c2c5062-5f0b-4bbb-b120-705067eb1bc7,nice 🤩,5
92480ab0-1d5e-4a55-9956-13c772267da0,I like it,5
624171c0-d0d5-41cc-9f26-96d6e7fef17c,good,5
1ddd7508-6abe-45a7-a13a-b93990fc4da7,my video no view🙃,1
dd399600-5137-4b2c-a1e1-7240638a5100,NICE APP,5
f9012b3f-88b5-4ab3-8094-c7dc5e16c30f,Good,5
5f79db1b-bf9d-4645-a4b6-52ca81e3e166,Nice performance,5
9cd2e78b-b127-48c8-ab29-80f2910c5b4f,i like instagram,5
4eff3d35-42a2-4764-9cc1-445272f7d0d6,verry good apps,3
8a382b04-8664-4781-9d94-53012ade0cc2,nice app,5
f4a966ef-af6d-456b-8c8f-70ec09d81de2,Amazing,5
8d321391-69ff-4a79-9a5a-80f6fd468ea0,so good experience and that's so good for me im yous this aap very long time that's great aap more memory and good vibes for me thank you insta ☺️,5
bf842d6e-ed67-4a94-bfa2-031aec689bca,hang is here 😭,5
c811b4b3-e6ce-48af-9a46-cdd46b903a84,good 👍,5
997b3fdb-0eb5-4b04-bdaf-a624b0241d43,Very good i like it but i needs some upgrade its been like this for a long time now people wanna see something new you know what i mean. Best Gram,5
846623d6-6286-404e-b9ea-5d5040b37113,best app,5
09096658-96e7-459a-9fe0-740d37632738,good,4
54e2afc5-d95c-49da-b168-b0ef9e4d866c,😘,5
363d150c-f291-4326-bed7-600a48ddf64f,"Dear Instagram Support Team, I am writing to follow up on my account appeal. My Instagram account (ankxx._.10) has been under review since 21 March 2026, and it has now been more than 20 days without any update. I believe my account may have been mistakenly flagged. I did not engage in any serious violation of the Community Standards. If any of my activity was misunderstood, I sincerely apologize. I kindly request you to review my account again and provide an update on its stat.",1
04a77736-d9e5-4984-a71d-3018492837bc,better,3
b7b1b0a8-6966-4ed0-89d0-f2355538ddff,best app for eveary,5
5fd47f6b-7653-4910-bf1a-b61d069cd594,😯🫵🏻💗,5
f7a26968-8a75-4300-9737-63b0de5a67ec,very nice,5
11d9cf10-262c-49b2-8c7e-548cf8d889a4,very good,5
2c423647-4475-4978-9e7a-9697a4562609,"Ad break feature is the most annoying update implemented by Meta up to now - on the other hand it gets me to immediately stop scrolling and close the app whenever such a break shows up, which means less screen time on this app.",2
9c4a44eb-7ff5-46f4-9189-4d15bb486960,In this app want that who see's our profile feature,4
0b3d0468-0b31-4d39-87d8-3159fb1c386f,Good,3
b6357df2-229e-48c1-a193-fed96b3f58e6,I love it,5
b9318bca-0058-4753-a8e3-bb25ab4bfe51,not bad,1
5494d10c-2fe8-43ad-b2e7-278793ef1000,It's good,5
8ad15012-0dbc-4e5e-8249-98397b2ce454,jhunnel gapo,5
68d863dc-a6b9-4258-a90f-1078bf6f0e22,very good,5
0459131c-0cb7-4b10-9c7c-40e12326931b,ok,5
39c83227-ffed-4297-8c20-3faee7d98cba,you are nais app,5
f337248b-f3eb-4d8b-9f9b-3f0678b35cc0,"Hello Instagram Team, My account (hamadahmedsoomro_) was disabled due to a possible violation. I believe this may be a misunderstanding. I respect all guidelines and would never intentionally break them. I sincerely apologize if anything was inappropriate and kindly request you to review and restore my account. Thank you. I kindly request you to reconsider your decision and restore my account. This account is very important to me. Thank you for your time and understanding. Sincerely Hamadsoomro",5
8108ab1a-8823-4606-93a4-9ae613247671,good 😊👍,5
cd332ad1-95e4-4af7-a927-542bafab9e93,l love you you ❤️,3
5b73a36d-9a15-49a9-a82f-0bed8d7b7a01,"पढ़ने वाले बच्चों के लिए सबसे घटिया aap है दूरी रखे ,porn sites से ज्यादा घटिया content यहां है जिसको soft porn भी कह सकते हैं , ओर एक बार नोट इंटरेस्टेड करने के बावजूद भी दिखाया जाता है",1
e3cb7225-ed65-4b1e-900e-530bf4270c71,excellent,5
cc710d2b-9063-4b05-b4b1-b37dd32bd5fb,nannu na na account ni eppudu viral cheyaledhu,3
20797eea-405d-462b-b99f-31f0cb9564ee,i love it instagram 💗 instagram sees our feelings..🙈🩷,5
7bc31d33-6e17-4590-8bf4-77dd2ee1dd22,best app✔️🫶🏻,5
469400aa-d5ef-4c76-b4d4-bf78d5197d1e,good,5
9e8eb265-b7f2-43f9-973e-c4329394de74,"i made my Instagram account but it get suspended by fake report, so I made new account but it get suspended after few hours, so I made again a new account but it also get suspended, and now last 3 months I stop using instagram and now I thought let's made new account but it also get suspended after few days",1
e0bc729b-454b-44dc-83e8-105f027b791c,excellent,5
c749557b-5dc7-4b58-b827-2dc2be358b46,great 👍,4
34d32621-d407-4765-b059-007171b6f2d5,Good 👍,5
9396d437-68d3-407e-87dd-72d3b23b7cff,"Trashy UI, my story get deleted just because I accidentally clicked on the archive button and it didn't have an option to recover it",1
d0daf209-8a6b-49b2-b451-4aaca5a4b8a8,gooooddd,4
426c8059-4da3-46f5-a2f3-c7f0cc353e7d,nice,5
c1391074-9be0-4a0e-908c-51161a939830,best,5
51a0a625-023a-4aa3-960b-f9d9e7022e80,good,5
11f822ec-8468-4cdb-84e4-47c365581587,incredible 😍 fabulous app 💟💟🤩🤩,5
b21610aa-9cf8-46d2-8325-1bb31f89404b,good,4
72becf95-32d2-4a79-a61a-1b9cc5876d56,not safety app not privacy not any reason accounts suspended my instagram id samya.1408 I am uninstall app all people not trust you data safe,1
22a42331-f480-4808-98ff-44d7521cc41d,apk is vary good,5
3afe57fe-a1e1-41fc-bdef-1eb0adc901a1,"bekar aap hai, usko message nhi kar pa rha",1
7919304b-b6bf-468c-938c-62720c12c796,when I put highlights it keeps loading like I waited for 1hr. pls fix it,3
bcafd79f-0871-491c-a71d-d6454ff6be91,"Sometimes when I upload a story, it gets sent but doesn't show up on my followers' devices",4
71d9b07b-0b41-4db4-9f8e-3f22d5d4568d,very good privacy,5
3436ee4b-4979-4dcf-9ce1-6527a890201e,🥰,5
af110c85-b339-4369-862b-1856aacd134d,𝘀𝗼 𝗴𝗼𝗼𝗱,4
4a2ca839-b0d4-4dcb-a59a-39ea7a8a784e,theis good apps,5
91ebf3fe-0e0d-4c67-a848-52b25389440d,♥️,2
db67ee11-c400-4fa7-b232-f2f1c5533c3d,ewww,1
9d58815c-16e7-489a-a50b-1caf4735b874,this app so intarsia ting and so god,5
5e83449b-b824-45f7-8808-b07af2514055,nyc aap,5
32b49956-e50d-4f79-b3b6-57fef50ed86f,lovely,5
6055a48f-49d9-4231-abd1-f1e1a127b7d4,🎀Best instagram i love you🎀,5
dbb31d8a-c5a8-44a3-a0c3-df8ecd16b73c,very nice app 👍,5
3c60d04e-e3f2-48d5-b60b-3b1027531d8c,super boss,5
dcd928cd-294d-423d-815d-fd387294ddc2,super app,5
7cce5e0a-fd36-41c7-af2a-340d087e4b19,good,5
3dc7fe70-2e1f-4e98-8800-6765e36ae801,nice.,5
5c7d9c25-f4f2-4f30-ab8b-0d3dae0273b3,"Subject: Bug Report: Reels Auto-Double Uploading Message: नमस्ते, मैं इंस्टाग्राम का उपयोग करते समय एक तकनीकी समस्या का सामना कर रहा हूँ। जब भी मैं कोई Reel अपलोड करता हूँ, तो वह अपने आप दो बार (Double Upload) हो जाती है। मैंने इसे कई बार चेक किया है, लेकिन हर बार एक ही वीडियो की दो कॉपियां पोस्ट हो रही हैं। कृपया इस बग को जल्द से जल्द ठीक करें। Device Details: (Realme P4 5g) App Version: (424.0.0.49.64)",1
2f9d63c6-af5c-4b52-b0f6-1b9c4059a8da,⚡💥,5
1e0e6c7d-5422-46e4-9926-b17f2b69a634,very bad for single,5
c50ebbc5-f969-4e72-b073-b540bca8d56e,"Nền đoạn chat bị lỗ, nhiều chủ đề không hiện nên",2
c3519cad-6d33-46fa-a24f-c871351e5e3b,tooooooo Good 👍,5
cda63215-2389-42d8-91b6-11eec2a9e4b7,my account is disable please back to my account,1
9fd88f32-1eb6-4d18-a509-89d9b6cfc5ad,so cute,5
fdd5eef7-c3a8-403a-86af-5882a9c204b4,good level ❤😘💯,5
e5eb0b1e-d789-4e1a-ad5a-d40d476eaf74,very good app,5
d12ce346-f837-48a6-852f-96bee995f157,so good app,5
675e7f79-d75b-469b-bc8b-41a1bbf47300,"bring back @ayden_orginal and everything linked to my Gmail, the longer this goes on the more I will spread the message that you falsely take down smaller content creators accounts can't believe we're doing ts again adam mosseri🤦",1
ce6e74f6-cc21-4d96-b444-9891e467a522,very bekaar writing this to get on top comment,5
fbf95acf-f244-4145-9e59-33ede1cf4288,account suspended without any reason !I hate insta,1
effe03f2-ffb9-4a92-baab-61e53e3f8789,this is a Best,5
f7a97c92-d3e2-491c-8e23-1b178a0e1abc,"This is a very stupid app, they delete the account without any reason, who gave you the permission to deactivate my account without telling me.My account, my choice, whom I follow and whom I unfollow, how many people I follow, how many people I don't follow, it's my choice whether I post or post 10 posts a day, what difference does this make to you?",1
af30f0d5-a70f-4e12-8210-c5c18364e159,"My stories don't appear in the archive unless i log out of my account and log in again. This keeps happening the past month It's super annoying, fix it.",2
b57f3bcc-06b3-494b-8154-157f202a7969,love it,5
9279bb5d-3eff-4148-9689-ae66218c4363,Instagram black screen problem fixed kar rahe hai na please,5
5e49a94a-f488-4248-aa94-fd0b12301ef1,it's very good app and it's very awesome 😝💋,5
c2441441-149e-46be-9dee-fe405c82b9a6,“My account was disabled by mistake. I haven’t violated any community guidelines. Please review again.”,1
88663731-f43f-4d7f-aa13-a6c4d1708244,is the best app,5
97184abf-8075-49f9-b34e-6c05d23f80e1,good,5
5f657cba-4335-400f-9bf5-7def5839b02a,good fun app,5
e8c18ed5-73ce-407f-a514-a2e67dc72ee0,anging,1
391eab4b-79d3-4c89-84ea-688745a95404,This app is best and safe for security,2
31469925-02b6-4f93-9964-031bd34e6c1b,good app,5
5a2169ca-5870-4c82-aa46-985eefa7255e,another silent update destroying the gif commenting experience. good job jntern devs,1
942c5921-24bf-4913-babd-7b909e917d39,Sabuda,5
c75dbb10-d33f-4a57-8be5-2cd77523161a,very great app,5
14d1043e-d29c-4dbf-99c5-ee0ac24298cb,Very better,4
ec98ebad-5c23-4dfc-bf3a-555d5ad8ee33,doesn't work 🤷🏿‍♀️,1
67d0b029-694f-43c8-9d2c-a6f886385079,nice 👍🏻,5
9b7e54d1-4946-4b02-8e10-7dcd74c66878,from the past few days the ads on the platform are making me quit scrolling,1
66a8af85-5b4b-4c27-958d-9a8b39a99c74,most intrusting app❤️,5
31fa5554-0219-4398-b0c1-2b21aa711803,best,5
a63d0a41-6626-4b64-b33e-85598bfcf19f,good!,5
327825a5-be21-4bcf-a143-63fde18a633f,good,5
3dc871cf-b675-44c1-856e-3ab19530e2a3,👌🏻,5
d14d42c9-8f20-42e8-99b2-7cf3135bd224,I am never break instagram community standards but he ban my id,3
6ae1f926-7d95-4abc-bf68-bfb1f66e8d7f,"Kalau nak tengok gambar cantik-cantik, memang sini tempatnya. Dari gambar kereta rare sampai ke pemandangan luar negara, semua nampak ""aesthetic"". Senang cerita, tempat nak cari inspirasi la",5
cbc39f87-a6a9-4fa5-ad74-63a88d99c944,good,5
8b438dc0-0756-45a3-920e-cbd90f9417d1,nice,5
90cf88d0-bf45-4239-b820-3def32928152,I'm glad to found this app I'm so happy,5
33172fcb-8c6f-4aa0-8ddf-f8933973cb20,"I want to memorialize my loved one, when I submit, it pops an error message. When I resubmit it, it just says that I'll be blocked for spamming? spam?? for just submitting twice???",1
0b564347-fcf4-4c96-9406-ac3b8eefaee8,good,5
96c70349-1feb-4252-ba93-2ab89c83b414,nice,3
cda81ca4-5212-4d4e-a6f6-8d59d4cd5e80,"I have created an Instagram ID many times. I never made any wrong comments or sent any inappropriate messages to anyone. I’ve made around 10 new accounts, but every time, my account gets suspended without any reason. baakar apps permanent unstallation",1
200d0e0e-47ae-415e-a25c-fd7c282cdba3,Instagram My Favorite 😍 💛,5
af8a7b88-6c7f-4f26-9aae-4937c2da5ea5,all good,5
195503bf-d49d-46e0-a893-e4fa4dcb3a56,West of time...🙏,1
076422cc-eed5-4054-8247-826d82ab562d,great 👍,5
60e7baae-2767-45f8-ae3e-81ec15c6d299,Entertaining🎭,4
5173114d-6522-4f77-9251-12ef3fab56ed,There are very few ways to make money.🥲,4
1cd81e58-1e51-445d-9f0f-81fa9c9e85cc,Very good app to use 🔥,4
cbe471cf-41b3-4d8c-946a-8488c0ab254c,I always liked it!,5
95f44059-76a5-45b2-abd3-b1a94298d6c3,brain rot,1
e1c21537-bedb-46ed-9413-a976db78d595,good,5
a99e005f-afc0-437a-8455-edc162d6fb64,Nice,5
87f9efce-ad0f-46b5-b012-ba388309692b,I love it ❤️❤️❤️,5
2ce696ba-b493-4727-b1f4-db8b1684b69d,excellent,5
53c66825-7b02-410b-982e-314fa86c77c4,without reason disable my account,1
7cf6123f-8b0d-48de-8d76-e93508f42bd0,wonderful 👍,5
788049b8-7496-4e31-a96e-0276f86a4487,viral kor de bhai please 🥺 Mera video viral kori dio na please try again later to viral my. video please 🥺,5
14c24070-8ef9-4885-8b01-cffc472cea81,good,5
50b75833-b43a-4681-a315-14fd690ad27a,bast appp,5
6fcf7280-7194-4630-8c7f-c759cd8ecd2e,excellent,5
3b689c40-36b1-4039-bc51-bdea0f054181,super,5
5f7a88ed-fdd8-488c-8c5a-e1a5295440de,nice 🙂 instagram 👍,5
a7ae881e-e6b1-4de0-9a4a-f9e71007af21,💓💓,5
29905676-2209-4605-982f-506a0eb017d9,The app is good,5
4d46ed33-6f85-40e1-a069-fe78d2ac75c9,bestest app ever,5
01736d0e-c4f0-4584-bdfd-5c4de26ec36a,this beautiful and prosperity and happiness and so cute,5
91f0afad-281a-4cff-bd3c-869929a033c7,just awesome,5
1778537a-620a-45d1-9749-5e60f4137299,excellant,5
0b34d497-abcf-40bc-a359-5e53e5d6cbe6,fantastic app not paid review,5
950178cc-0602-4c7e-b3cf-214085882bf5,nice app to use genz,5
b7368276-d404-4648-a4fd-85b6c63ae23a,please insta teem my video views chak😥 please my video viral kor do please🥺,5
c9b7044c-2a6b-4d30-87cc-b92e82d5bf7f,excellent,5
652f1262-f74a-44ce-9db2-0da0a56b9347,nice 👍,5
7e0a3156-4384-41fd-a23e-db2d3755a889,very very good 😊,4
9ec1c099-224d-4771-880c-27ecfa35d939,best app,5
5c8f5212-a9b9-427b-832f-b3d904608d0f,it's a great app i love it. it deserves 5star!,5
81ce2dc1-2478-4e3f-9403-b886ec4c2aae,mast app h but mere likes nhi aate 🥹🤌🏻,5
e70af7ef-e268-4d46-ae61-12c9bf6c4a7a,good,5
daf9fad8-0425-47b7-ade7-7792f20d5f2a,King 👑,5
e4e46d49-7154-4218-9cb3-ba44a8be227a,"Instagram keeps banning my account repeatedly. If this continues, even my real ID could get banned. But this rule is meant only for fake IDs. That’s why I believe Instagram shouldn’t rely only on reports to ban accounts—it should introduce other safer options, and those options shouldn’t be too easy to misuse.😭",1
fb37f92b-1263-4c55-8634-4a13ae24c9fc,does the chats can be locked in this app?,1
c5a044b0-ad67-409c-99cf-5e5e812d3fcf,always good,5
09ce8074-6b36-40a7-b360-43d0ceeab248,best app the world 👍 plz my photos and videos viral🙏,5
e417729f-2251-459b-993d-f865f4ed7fb6,best,5
035192b3-c8be-42fd-bb25-b1dda2e8b753,very good,5
dd6c44f3-4ee5-4b31-8583-6d9ab8c6b635,nice,3
1c730c97-d65b-42cd-8ee4-2490cd2cb919,very good aap to all purposse,5
cebd9bf8-b54b-4cc8-92eb-3e92777e09bd,good app,5
8649bfad-8acb-48f4-b165-5b1b64831c10,Ray ji ragdar,5
c15447de-fc98-4518-9f83-abccdfcd25c9,best app,5
1edd10ea-692c-4224-9baf-a460ea614ab7,good,4
129962fa-4072-4ed0-aee7-7cb766b77e44,good,5
8d6429c4-9bc1-4568-8264-ccb8a5201eae,so good 👍,5
cf2e09ef-97a1-4e31-84f5-99d5f12bee81,nice 👍,5
c2bb6eb0-5992-4d74-8c64-ec39863eddac,Very very very great app,5
68646e96-35db-4fc2-933b-c99ed2047adf,Good Platform 👍,5
4a55e478-b290-4dc6-882d-968dd120d52d,best thing done by the humans...,5
ac13a0e8-dc52-4388-9ccc-b48e3aa31e5e,nice,5
61d1e301-3d48-4296-9be3-70a9942567fa,i am so happy,5
79d3edfa-9979-467e-913b-283cd575b632,best,5
e822c777-d025-41f6-8ac2-d10c480eb3e4,smooth operation experience 😉,5
8a09983e-d05b-4147-ba94-8800a4ff9a0a,nice,4
b73355b6-7460-424f-9d78-9f3789c4d754,good,5
bdcf933e-19a0-4704-8279-d19afc511db8,The app is basically useless now. Nothing loads even after i uninstalled it and restarted my phone,3
a58d973b-713f-4fd9-8502-ddc8ec5727a9,bakwas bewajah I'd suspende kr deta hai fir support k liye jao to koi support nhi I'd recover nhi hota hai itni sari memories thi sab chla gya,1
b25c4734-3492-4256-bc1e-c8a02a3b08f4,"Hi Instagram Team, I am facing an issue where reels are not auto-scrolling on my app. The feature suddenly stopped working. I have tried restarting the app and my device, but the problem still persists. Please fix this issue as soon as possible. Thank you.",3
a98091f1-8ffb-4618-ad82-5215d8f638c5,super 🎀,5
9485492a-7c33-46a7-844d-a134ab84ef37,"Now they force you to watch some the ads (even tho there's already plenty of them, and they have the balls to call it ad breaks",1
cd9ac671-d863-4dc7-95d6-4876c9932dca,ILOVE IT,5
a89d76bd-fe6a-45af-b3b1-8d696eb08607,"I seriously loved insta with all the updates, reels, and chatting but in my recent week 5 of my accs have been suspended and I had no chance to appeal to 4. I had a new acc and within 24 hours its also suspended. I might as well as consider deleting it. I lost a lot of process and friends thank too your poor management.",1
3e7b5cee-19e8-4e13-bf99-eb37a2d5421f,Gooddddd,5
c8dac6fb-13c8-49ae-8df3-1485bd8bf7c0,not good,1
37e49be5-8cd5-41fb-8b36-76ba5368bd4a,perfect 👍,5
0fd01034-15c8-4b03-8640-a743b0117da7,good,5
348cf177-7dbc-4596-a574-e1a1a770254f,I changed my password and everytime I try to log back in it says is wrong and i tried everything and I still can't log back in,1
8713c712-879c-42f7-ad37-ff7132e29dbb,best thing we want to use in our life,5
e126d5dc-4256-4901-a3f8-82c8fb818b24,👍,5
dd3832b2-a7ca-48ea-8408-11852477da47,Super,5
33ac42b2-e220-4aa1-8c59-a8042605ab93,please follow me instagram id (_.mayank06) this app was too good 😊,5
b4e3d376-d26c-4024-ab1e-aba608ffe853,❤❤,5
7b81cd2e-29a5-4c52-b42a-b915f4532731,nice,5
00a1fcec-b2ba-4b27-b2c0-f7e06bee8e90,nice 👍,5
935d3915-e490-4b47-90eb-9006edbc83c7,good,1
330e8c67-e889-41c8-8c1b-9a9322fb493c,achha nehi hai,1
c5d5945d-d69e-4038-81ee-48efdfb94665,Wonderful app 👏,5
947af5a3-98c1-4a8c-8d48-0ca444fb1f28,I love insta 🤙🏻🤙🏻❤️❤️,5
67587ce2-7e06-45fc-826d-f27a251814c5,best app,5
d8768765-17fe-439b-9923-091fe2b5edf8,too much touch error,1
19a9e849-c30c-4cfe-b37a-2402e126fea3,good,5
552948a3-1e15-406c-87cf-e4a7dd468e24,you gave me the zoom feature in last update and now it is suddenly removed again. will change the rating to 4-5 stars if i get that feature again.,1
302943e7-a7ed-47ef-885f-7efc3186cb29,"I love using Instagram because it’s fun, easy to scroll, and a great way to keep up with friends and trending content every day.",5
81003517-e6ae-4884-98db-1344cee05756,this is very beautiful app my 5 hours is worth it will I use this app thank you💓💓🧿🌞💖❤️💞💕🌎💗👀,5
a8381228-361c-44ad-8e87-12f584b37e48,good,5
774835b9-78bf-4939-9707-1e3e8cd6dea8,Best application,5
0e80e6c9-b072-4429-a3a0-bac50adafda1,not working properly,1
a289794f-4ec1-454a-a42f-427344b2b379,My experience with Instagram has been smooth and enjoyable. It’s easy to use and great for sharing content and connecting with people.,5
95ce389f-880e-467f-bc60-2aaebbfa3371,nice,4
33397a18-f21c-4af0-8122-9e315265154b,nice aap,5
ec1bcc32-f9c6-4bd2-8ace-3a0543a5d4f5,my friend ask me to Download this app and I do next God what happened i. think so that may be it is a best app but. nothing compared to TikTok,5
d452f6f6-87f8-4ffd-92aa-04e937ea3a6c,good experience,5
fb9558f2-c31d-4e05-b674-31bbe5a14ad7,auto follow people,2
0d4e6347-8516-4edd-a0b5-79c64a3707b8,the best!!!,5
43cda6a3-9cfd-4f46-9271-a5d15f7937f9,this is best app,5
ccb78ae2-d78e-47c0-9201-1cad02cbf44f,😆,5
0c5ded1f-c4d6-48be-b510-60d2e4d7e34a,very good,5
17c66660-3164-412d-b79e-c6f8e49bbe05,hard working but not pay,2
55352eab-a083-490a-bee6-00fb0416df20,"When editing notes the cursor keeps jumping to the end of the sentence when I touch anything on my keyboard, tapping on some profiles to view their story opens their profile picture instead or sometimes opens nothing (unresponsive) also my quiz sticker is missing. Instagram has long been riddled with glitches and I don't know why. I am on Android and using a Google pixel 7 pro. Instead of adding new features take some time to fix existing issues/bugs. They're extremely annoying.",2
77b41a88-82d1-48e8-9c1a-6420adacdbcf,best and helpful but one problem my old id is disable,5
7fe48780-7973-4cfb-9171-8a08e8140e00,nice app,4
56f92df8-7625-4230-930f-92a57d99d1da,This app is good but when we are creating our account in it it have technical problems. This app frustrated me! 😏😏,4
5548b14a-f4a7-4db1-bfae-467ed923dd77,राजा,1
2994b7f3-ec8f-4ee8-9d1d-150b665e3c2c,Open nhi ho raha,5
f76ea1c6-2700-4ecf-a5b6-8fb1f16b85c1,nice appss,5
d186c59c-5c6a-4684-8e57-8f62457f0193,nice,4
5a5128d6-8b82-45e3-8655-ba9125276aa6,good muje instagram bahut acha laga please my post viral kardo,5
16019c7d-bf7c-4b02-bb3b-a45e1e644c7f,I can't highlight my story after this update idk if it is a bug or what but you need to fix this problem,1
4807fd4f-7a88-4f6a-9213-2325101edb6c,nice 👍,5
023384df-f628-456e-a56e-9e4817af49e6,nice ❤️,5
af747a36-0787-47f3-9931-f26094b10a27,very poor.... meri id bar bar suspended ho ja rhi hai,1
7ef47882-a70f-4c7f-8376-ca9fdda41a01,very poor quality 😞,1
4742f900-0f74-4309-98fa-9d64f2425a58,excellent,5
de4f747a-43ff-443d-b8d2-c6ca38f790b2,instagram ie nat save your account my account has suspended without any reason 😭😭😭😭😭,1
2911f41b-fe6d-4025-90c5-ad94a9329f79,best app love gf,1
0fd3ce7f-9949-4814-a7e6-d8a5513f08ba,this aap are very good but samthing problem first' Problem my my second phone login login show this,1
14f94a03-a1f5-4749-a500-030260eced54,the best for you Instagram,5
b8f1ebd4-001f-4fa4-bb44-cede41928d1b,mere Instagram Sahi nahin chalta aur views bhi nahin aate,3
28510d5e-a6ea-4bea-ab6e-e053da24ef15,I installed the app because of my idols BTS 💜,5
c6c3eeba-4c7d-442a-aa9d-4f963183f801,so exciting and so enjoying App,5
20f2564b-689f-4241-9c81-aec6b57a0f25,network chat issue,1
94b8b58b-d9c6-40c6-a8c7-470711713f6b,very nice,5
4d3c77d6-3124-489a-90ed-ae1d030ac827,very good very experienced,5
15c98486-b55b-439f-8260-a5598c70bc5a,good app,5
0ce6e96b-8d76-4e1a-85d3-35f132fe5c81,good,4
1069aafc-59f4-4ac7-9bc0-1cb6197cad02,v Good,5
819d8d49-baa1-4890-9891-c2e92a95aa0d,Best best best,5
ff091afd-e2dd-4b2a-801e-52c9fa3aba7a,my id was deleted by instagram without any reasons do something for me,1
04daa093-6862-4560-8298-98c09599845f,the bast app,5
f32aa805-bb9e-4784-8cf5-38a737a86c87,good,5
9fe61bd7-6835-4df2-bfd8-4fd0d8db22b1,nais💐🌹🌄,5
9631358a-c27d-42c2-a662-537c32bcf739,good,5
79e9e103-633d-4d45-8bde-f3722a649a55,bestest,5
36b19ace-bd8c-47f3-bab8-fa6ec8d06a00,❤,5
af5714aa-0551-45f8-b2ce-a3095d5439b1,excellent,5
406a2950-27af-42b8-a056-a747855f44ff,best platform,5
ac99bafa-0009-4c02-a976-80bba68acd1c,it has become a need,5
5584c2f1-0021-4e86-9d78-d9c3dd770cb0,Fantastic 🤗,5
a5abb69d-941a-48f0-9d12-6d859f655828,im locked out of my account genuinly wont let me log in,1
860683b2-d5e3-4314-ab35-c6fb5669dd80,🥰,5
df9df051-16c7-43ae-a0be-76c4ee1518af,😋😋,5
c84c259c-b63e-445d-ac21-85730718fd23,Very Good,5
c574ef90-80bd-43d5-b672-4789007e9646,👩‍❤️‍👨,5
ef868ad7-6a71-4428-940c-531af89d6273,excellent 👌,5
767b648d-fa50-4251-98cd-1cd4279069bd,good 👍,1
65746448-f61b-4110-adb2-ebd46af25c90,Call filter did not work . wht happened,2
b424fc30-4311-48e4-8b0d-d928b76bdf48,useful videos,5
0304dcfd-c501-4943-99ca-7ff500206395,"new update ghatiya hain, or baki main thik hain. 👍",4
121df972-a831-49ab-823b-f375f7060571,𝙣𝙞𝙘𝙚,5
ad66b083-abe0-4238-9c36-13127c58a4aa,its good,5
4bbdc613-f539-4da2-aaae-f6bb157e4ec2,nice,5
9d114cfa-da05-4f6b-b863-d7f759b7fd25,nice game 🎮🎮🎮,5
f4c48520-2e56-42fa-ac40-59cb09d40953,"This is not a useful app, you are unnecessarily banning ID😡😡😡😡",1
a2c8906e-84fe-4a82-bdde-2aefb025fd17,iLOVE 🥰,5
ab969247-0748-4b82-acb0-f5cd16b0c2db,network ke liye best app hai instgram,5
4595f8be-39d8-44ec-9650-b16a3c3c74a4,are you serious instagram ap logo ne meri 2 pages suspend kar diye you know ma itna jayda attach thi mughe mera Instagram page wapis chieya mughe ni pata koi new profile bata ni hu usko bhi suspend karre ho seriously this was very i can't imagine ki ma kabhi bhi use nahi karugi instagram agr esa hi Raha to plz mughe mere dono pages wapis kardo plz 🙏🏻 i request you,1
67be76cf-b9f4-4835-b7a5-b24380e95eb6,super app,5
10cd7ae7-2f18-4afd-859e-74197154906e,account disabled problem,1
f602bd22-59f3-47f3-be6d-327463e7756d,Disabled my 7 accounts without any reason.,1
d9c87220-3121-40da-b426-5830b6d21450,nice app,5
dcd946cf-840b-49af-a872-4d9c2bb47d04,"fitur repost tidak berguna, karena jika saya menyukai suatu postingan maka masih terlihat oleh orang lain yang berteman/follow",2
c2770e38-059d-471a-a2f6-a88807ca71ce,💞❤️,4
613a8dff-7e8c-4820-bc77-4afd212d8b1a,Best,5
f218ddcb-cfd4-44e3-b6f4-78e40f040785,very useful app,5
b82f97df-1a28-40fd-96e8-a533931f341b,please only islamic content show ♥️🫀🫀🤗,5
5591cd18-3c77-4bee-924e-58839aa8e1be,"very useful app ,I love it ,it's amazing,you can upload your own videos,edits etc and you can took news in it",5
f69c31c9-54e1-4d22-86f0-840bdd012955,horrible app. useless updates,1
ebabe023-79bc-4c66-a9f7-f88b7285473a,perfect,5
9cc6f203-fe4c-4821-a35e-0a6461644cf1,best app for all apps,5
e3331aea-64b0-455c-88da-08bf9ef9e72b,super,5
8882682f-ca02-4dbb-b7cb-a25e1aca6ef9,not installing my 3 app,5
61efcf6e-c849-4307-9842-4f42034d4fb5,wonderful app for entertainment and conversation interact to world of different countries,5
ad293e82-bc5a-4fd8-990c-9a360c798f65,best h👍 but views aur followers badh jaaye to aur bhi achcha Lage 👍👍,5
5471e013-0e50-437b-9c10-0a385c59b7dc,this app is good,3
238d6614-bd23-4a00-bc20-37791d715239,it's really good app,5
fee695c1-0ea2-4687-9054-452cdbaea824,No indicator for when you're muted during calls and no ability to hide my bubble during calls is incredibly annoying,1
ed07d84a-a347-4119-9a8e-95967213b6e4,isme hame hamre hisab se video dekhne ko milte hai aur hum apne dosto se baat ker sekte hai bena phone kai,5
fc4c6243-7ca7-4cf8-b441-1afbe91049a1,recently I'm very disappointed on this app bcoz i watching/ scrolling reels and then suddenly i don't know what happened but atomically un-installed. this is most disappointed things for me,1
ab6b7337-249c-4f87-8a5c-180fa955d3e5,I love Instagram so much more than you can do it,5
2a6b776a-e464-4eae-aa62-9f05a4939f53,"I am using this Instagram for the first time ever in my life , and yeah it helps to make me connected with my friends , and I also can post my ideas , it is really good and amazing !",4
82f9d460-6728-4b23-9825-43f2de73ec18,ise use karne mein aasani rahti hai aur ekadam iji hai,3
86adbc35-6bb3-4c4b-b3ed-0a1911939546,good 😊😊😊😊,5
74332615-fc55-4809-81fe-1cd5366b883a,تحفهههه 😍😍😍,5
1380ae17-7d6c-41e6-bfce-2b4385edecce,👌,5
8510ad23-9a2c-416b-832e-691e687e8f16,heheh im just an insta addict,5
711920f4-44de-40d7-ad20-5a0417280c02,nice,5
fd49c194-7755-4cda-be58-bf57674eed57,why songs are not available....plz fix this issue...,1
a4c545c6-0036-49fd-bccc-06bd8a688cb8,without a reason my I'd is not opening,1
33fbd4c2-509a-41ed-97aa-70e541aa27ec,osm,5
a73be232-5122-4e42-a04f-7a758d6538b8,brilliant,5
bf1a4eee-d50b-4052-9ec3-caa56be9c28f,not best app for login id ok😡,1
e9a36533-31c2-481c-a8bf-f132cded3529,"So many bugs, I had to keep uninstalling it to fix it.",1
f3af0d50-082d-444f-ba94-2f623e1364f3,good 👍,4
d23ffdc0-4441-48be-a49e-776e1610dc28,सुपर नाईस,5
5f9ea732-11ff-48fb-9fc3-b6fa9d192497,is app me bohot maal aati hai,5
8824dc81-8391-4c2d-a263-bc6ae3c6a207,super,5
a551411c-4d65-4b98-9239-eacc517ec3ea,safe to useeee,5
9e0c6576-39ab-4d87-9283-5ab5cf29dff6,very useful for my professional,5
68fc51b6-f6d5-46bf-b521-8fbb1f6a3af4,so happy,5
54269991-e4d2-41ac-9717-84c85ca6d8b5,"am entering the correct password, but it is still showing as incorrect.""",1
46e22565-a493-4213-9771-45f70c198757,Good nice experience,1
f34c249d-a8fe-40c8-ae0e-7240b8a96247,Good,5
bc6bc0b1-1a9c-4506-bdee-03453de18ef0,All my complaints from previius have been fixed plus more. Thank you so much!,5
f4ff84e3-fb40-413a-8f58-74c5e9ddfc62,😂,1
f5204bfc-affc-4bb3-8e16-844f2605c960,very good,5
9a5d7401-cc62-4726-80ec-30637197c7cd,tank you meri sari reel virar hoti he,5
2ed2ab4a-0c55-4cec-bc3f-4e919d7bcd2f,Very easy to use casually and as a business.,5
9363a36b-8252-4cce-85f3-8f274acf0000,love you insta 😍,5
5ca55343-669c-4898-b131-5587fd5f5e37,nice app,5
ab6a3398-d969-4bb4-acc7-3d820035e1ce,all account suspended,1
fcbb0faf-d7d7-45f0-81e7-c605c1b5a020,very nice app,5
f064957f-0f1b-4ee5-9ba0-a55424e6b575,the most useful thing you also have to try this,5
1c910d33-a183-499f-b22a-37d99993fdc5,Very good app,5
7426c875-e969-4416-ab9f-70496379ef31,bad application,1
6859773a-1ec2-459f-b86f-c3d2bd33e9fc,Excellent 👌,5
8ea6e17c-846c-4fe5-8b2b-44da4bd9cabb,❤❤,5
716f173e-2e7d-4b33-a606-68c93ded77d4,"Customer Care is so nice and fast 🫶🏼, But it sucksss!!!!! Not every time Customers Care is available and they do Ignore some messages. Not provide all Help!",2
199b29f3-2f47-4639-9e6d-08a9b3a12708,majaa,5
9b48b681-7b9e-44c9-96d0-e3a622f31c74,"I really love this app and i really wanted that in another updates, can you do like more upgrade this Instagram because i need to add other highlights even I'm not being tagged so that i could also share it in my own highlights...I hope that could happen in the next updates, thankkk youuu innn advanceeee",4
2aefc41d-c13b-4fd7-9e55-6b5b37d09419,👍,5
a6863ace-5f41-4825-9462-f8abe932d36a,biutyfull,5
6a5ffcb4-5ef6-4610-a3e5-c2b7644b33ff,amazing yrr,5
b324bdc6-85fb-42f2-b378-a341d5a7af90,good 👍👍,5
71d36273-197f-4ef1-88e6-289ce86c3286,best experience in instgram lovee it,5
1e9e8c09-fe6f-4294-a1a2-6c03dab6474a,ok hh,5
d2bbe9f0-ebea-43f1-8ff0-ae53fe31da64,it is not work in this phone🥲,5
162f1e8f-f694-46d1-9ccf-8840437e640e,It has been a long time since the doodle feature was introduced in chat but I still haven't received that update in my app. I haven't been able to doodle in chats although everyone around me has already received that update. I don't understand what's happening.,2
c8df4232-62fb-4c8e-8e18-9871510fcbe0,love you,4
6a40fbb2-0a38-476c-b312-36153c8f9147,is a bad apps don't work at all put your back your Instagram account at all.,1
830d1acc-7cbf-4ab9-a676-5db88a7a57b3,very bad,5
3339cdf9-c127-437e-acef-b65802ebb1cd,great app for World,5
24ca807e-c4fa-4bbc-beef-450b6426dd74,nice app,5
cf3e5ed9-1161-4503-8c04-d265c0f6a32c,very good 👍,5
5a07c64e-9952-4a96-8d5f-d39f1bb3d22c,best app,5
0afcf7d8-b7d5-4218-a16f-7c33fdb7ad8f,viral ker do,5
b3c62ca7-e461-458c-9422-5d389c3bcdcc,thank ok,5
b313f857-53dc-4846-aea7-864aa865adc4,this app fantastic moment,5
92bc96bc-d08e-4a8c-840d-11d03ab361c6,"""More"" isn't an option in my preferred content settings. I turned 18 and the app recognized that, however it still will not let me view content without further proving my identity. It's overreaching and ridiculous",1
218d2198-fbca-4615-a782-ea3035a597fe,this is amazing 😍,5
91522849-ce5c-4f4b-a18f-afad14b3e46b,Instagram best,5
786c573b-13ea-4d20-ac69-315ad8e88629,"keeps crashing my phone tells me to clear the cache but it never works I can't go 10 minutes without it crashing. it's not my phone, and I have other apps running in the background.",2
b5c13585-fcda-4456-ba45-0eaf9dee146a,very good app,5
50ba4119-8577-4287-b75c-071b5cf6d1a0,10m vi,4
bdf5bb97-02af-4ae1-bc25-c6b955983d94,my fewret instagram,4
4800b7ec-6944-4df1-b6dd-5c4c2a5c07c5,so much problems in instagram I'd,1
e0b8bb74-0174-45e1-9a5d-50ac29d83d05,🌺,5
b41cd851-4c8d-45e2-aeb1-d3f419c7678a,I will enjoying this app,5
afa862c6-8186-4910-b809-fcd0d3110944,Instagram is my favorite app for sharing photos and discovering new trends. I love how easy it is to keep up with my friends' stories and find inspiration for my hobbies through Reels. It's the perfect place to get creative and see what's happening in the world!,5
1a8d8078-5105-4610-afe6-dcafabcd8698,💕,5
1067b6f2-e399-42e9-a34f-f1969b64eb0a,"Too many adds. in my stream, I get 1 post and 2 adds. I almost don't want to see what my friends are posting, because I have to get through too many ads. I used to log on every day now is every 3 days. if this doesn't change, I'm out! Get it together instagram!",1
ef0e5476-afda-48df-b223-6087a08f5b3a,this app is useful,5
77f300e2-dabb-4772-a249-e91a054e63d0,INSTAGRAM MY MULTIPLE ACCOUNT SUSPEND WITHOUT ANY REASON 😡😡😡😡,1
4581f927-e51a-43c1-b063-56e00b35b23a,can not updating,1
fc98a1ae-6163-45f6-a1e1-42c4fcddf1d4,home workout ke liya sahi hai,5
5a2c7b63-3e55-44f4-80ce-8c44980eb5a4,👍,5
5c85a208-c981-422c-8b2c-85395f0d2a09,it was too good for use,5
0e9d13c4-8ade-49d9-b24d-a50e58f3634f,good,5
01432985-0794-405f-a875-bb1bdd8d70c6,very understand Instagram but 2026 rulls very bad👎 😣,5
0f74b140-3ca4-49a3-80b4-c2e2cc0259c3,dear instagram I'm facing a problem whenever I add my snapchat link in Instagram ur app is saying something went wrong please kindly fixx it 🫡,3
ff66148b-9233-4f35-9b67-da2813900333,nice 👍,5
d566df37-55c4-41e0-bbec-c28cb9ba028a,good so far wish I could get paid for being on it all day.,4
2afbe23a-caba-4978-9374-8c69beab4c6d,Guru jiii,5
de51e297-c365-4304-9314-8a1ee8d8ba13,excellent 👍👌,5
88cd783b-43d3-4c86-ae44-6aec85cbb31d,Good,5
0927e738-0cd8-427b-b753-e34e7e45820a,it's very good app,5
c6ec822e-85b8-4789-aac9-809344c69916,"Absolutely amazing app! Super easy to use, fast, and very reliable. The interface is clean, and everything works smoothly without any issues. It’s made staying connected so much more convenient and enjoyable. Highly recommend it to everyone!",5
ece750b8-6d87-4bc4-8b92-9545fcc8b3a1,simply superb.......,5
ee61b2ee-40d6-4030-a8b2-8773cda450c2,best app i ever seen,5
d345361a-5398-4b58-9a82-f0811b8ed285,"Dear Instagram Support Team, I am writing to report an issue I am facing while accessing Instagram. My account has been suspended for alleged community guideline violations, but I believe this may be a mistake. Additionally, even after logging out, whenever I try to create or log into another account using a different username or phone number, I receive the same suspension message. This makes me think there may be a technical error or my device/IP has been incorrectly flagged.😐😑",1
0a0f1f1b-d25a-45fc-b3e0-44204663d00b,excellent,5
3696145f-f0ae-4132-b2be-d2befeb62c14,"Well, its very nice, where all the post and reels here is very relatable.",5
16389e42-ac51-4325-9afc-27372367d85d,awesome 😎,5
b6189aea-59cc-4923-8caf-10ae7508e0eb,good,5
5b1808bf-7c73-4f74-b99f-83daa234bf54,very nice,5
944743f4-3500-470b-96d1-a618c8021d81,it's good but so much glitches,5
af45fd85-5200-4391-afae-546dc1b3170a,best app in world,1
acfe25b7-74b7-4adb-976d-2a112eac0358,"I wanted to see if the layout issues on my samsung tablet could be fixed by uninstalling and reinstalling instagram. sadly, since installing I am not even able to open instagram, it pulls up a list of the accounts I had, i choose me preferred account, then nothing.... then it won't connect, just waiting, waiting, waiting..... how doni revert to previous version of instagram?",1
4d72998c-0553-46a5-b03d-b39239745f3d,❤️,5
f8beb195-7da8-41c2-903c-25dcc3f01074,worst app! all it demands is money! it forces us to buy verification badge akindoff stuff! it's like feeding a baby n when it grows it leaves him alone ! my 40 k account got banned for no reason????? am I dumb to entertain n invest in u instagram I'm deleting your appp,1
19ba7d59-5080-473b-a4a8-12706ffb08cc,probably the best app surely download,5
32c0b881-d591-4136-92e7-d677bf8ae42e,"I recently had the pleasure of experiencing this, and I must say—it exceeded all my expectations. From the very beginning, everything felt thoughtfully curated and genuinely impressive. It’s rare to come across something that combines quality, authenticity, and a lasting emotional impact, but this managed to do just that. What stood out the most to me was the attention to detail. Every element seemed carefully designed to create a seamless and enjoyable experience. The quality was exceptionalwow",5
eaf3072e-ab6a-4e76-a2a7-ac135221b9ed,i updated my mobile and after my Instagram account directly logged out. while I am logging the password was incorrected telling .i tryed in another mobile means it's working as soon as possible recover the issue,1
ca887bcf-2e13-4fd7-97b7-56e44d329628,bakwas h koi ladki nhi patt rahi h,1
e1f3a5c7-6555-49f4-9272-f9b56b08b19d,It's ok,3
2a068fc5-9f8a-413e-a3ad-3d5a29b58f29,Instagram is a very good app for making people go viral and building their identity. Everyone should use it.,5
75628ac6-7ca9-482e-aee2-6ee5ac588a61,nice,5
6416948c-600f-41de-ac60-42517654f1d1,i like Instagram its is easy to communicate to my frnds but few tym missuse this insta that only a worst thing,5
cbf537b3-d744-4ee6-b4fd-117b42f110ef,"I want to say that there are many such reels on Instagram which are being distributed which are not good for children and things like dark comedy have been normalised, vulgarity is being normalised, I have reported it many times but no action has been taken against it.",1
35543a5f-1571-49e5-bb6b-e783e60593a7,best,5
acca1daa-3c26-41a3-8441-3800fdaca025,"It’s impossible to remove other accounts from my device, and there is no shortcut or solution.",1
ca3c6895-5da7-4203-91b3-925b840a1013,this app is amazing,5
dcdb8744-dc25-4f9b-a301-a223cdf45379,chuss,5
4d74a220-4c7f-4749-bde1-3b450fbc1641,My all time favourite social media app,5
d080d42f-fda7-4f9b-82d2-e6e4547d2d15,Getting banned for no reason I've been getting banned from my accounts for NO REASON! I was falsely accused of doing something I wasn't doing and my accounts never got unbanned. There is no actual human to help me and the AI assistant sucks.,3
2d325638-4dcb-49b1-863a-0944c3da6f0b,such an edited app,4
c8bdb719-bcd3-41f8-b8c8-47d894cf0d93,I can't rate Because I don't get that new voice effects,1
c2950fe8-a71a-4475-b8b8-eab39db3ac47,mostly awesome!,5
2f4edbaf-3a7a-43bf-9313-ca5852fcfdc1,this is very good app,5
88e76fb0-a317-46c1-b976-3e63b32bffe0,good app for socialize society,5
a8849b46-1041-4b94-afc7-1aab1e5b5243,nise,5
797a281c-f16a-4553-b297-509a93e64d69,bindass,5
62a87737-d78c-4a20-9375-5b98186bdf52,Top best app in the world ❤️❤️,5
965aac6c-65cb-4369-92ba-cf9fb207235f,support business,5
1ae49039-c604-4246-989e-e21f8a1c309f,🥰,5
a9c0a3e3-e71a-4dad-b1db-01b2305b9357,best app in India ✨💥,5
763f32a8-7115-443a-9d92-5ab6ee36df3d,I am writing report instagram had suspended my 3 I'd without any reason in my first I'd I have manny my old friend and my memory s and everything but I got suspended and again I created 2 more id that also got suspended it is frustrating me soomuch all foolish people are working in Instagram donkeys not having any Brain instagram should seee this and do something suspending any user's ac is not acceptable,1
d972a8dc-25e3-49ad-8e36-3fa8fc9d7e94,nice 🙂,5
8bff8c7e-aa32-4e45-b310-154d926e1691,@akela72890 this is the my account. I am a content creator. please support everyone i grind ing but people not supporting me. 💔🥀,5
08b88375-4f7c-4f4a-b963-5984f4f85cc5,your services is very very bad 👎🏼,1
f9cca8bf-ee2e-4fc1-a3aa-539948e7f5b3,is really the best place to meet new friends 😘😘 this app is amazing,5
f51b6e96-014d-4863-96ff-103d5dda06d1,I love it but I want more views in my reel 😭,5
50bc8945-0cd0-43f6-86bc-1a6ce7ab8e05,now when I pause a video the cover images do not disappear like before. since those often cover meme text I cannot read all the text.,1
4a312195-f759-4869-a63d-cab10793ccd3,excellent,5
14124605-c9b8-4031-b3ef-260213903e46,my time pass app best app,5
3f5bbb2e-b6d4-4d83-8a3b-7fd706e2e8f3,supper application,5
5461f95d-d85e-4f23-b84a-65ac7239a767,"It's a great platform for creativity, making it easy to express yourself through Reels and photos. Its interface is user-friendly, and it's a great way to discover new trends, brands, and talent. It also plays a vital role in connecting people and exchanging ideas.",5
24ae26a0-dfdf-47cd-a8e7-11545b02c218,This ap promote spam sites and fraud items always.,1
4edd0c23-5f79-4780-b399-dd40613a844d,no 😭 my account suspend 🥹 please don't do this,1
58088af0-161e-4872-9e3d-68f9cd62d20c,Noob,1
be5b7eca-7d05-4c0a-a12d-3a792c15b8b8,viral kardo sir,5
b8b1e4ca-42dc-4fe8-8f7e-95b1dbc815ea,wow 😮,5
05e4fec3-4941-4dfb-ab45-aaac270ccc91,very good,5
9355dc5d-a7a2-4aa1-9a20-29bf0d56dc9a,beautiful,5
4c1fd742-9a97-40d5-9707-693aab6d6d94,instagram achaa hai per jb mehnat Kari Hui video per kuchh khas view Nahin deta to bahut bura lagta hai,2
7b9a47b9-4043-40bd-9e85-3e72ffd5a0d1,👍,5
9576f33f-9f4c-4bb3-b743-ce90b4b6b7cc,Please bring an option to make a close friend post to a public post.,5
2173e8c4-b741-4ab1-9cd0-bed66367f395,good,5
6964b67a-0500-49a3-b8e4-41a200cb1632,wow !,5
4b330f97-b4c4-4a98-95e2-e00f9144b7b5,"amezing bus viral kar do meri I,d",5
18a11298-c872-48e4-af27-fc672d7df11b,"insta me close friend me metino hojay esa kardo na please , close friend mention problem please solve, please this problem solve and New update this problem solve, close friend ma dusro ko story mention kar esa kar doo",2
4fd2ac17-679a-451d-851d-05780cac5407,Din raat ek ho jane wali App✨️ ❤️,5
d8468203-c364-4f8f-9ee9-9be79196e6d8,Please bring back the add more photo feature after posted 😭,1
abc6b902-4723-4cb1-9c53-4401fe9caa79,I love Instagram ❤️❤️❤️❤️❤️❤️❤️❤️❤️,5
e24e148f-9d30-4bc7-bbe7-bb14288d97c5,v.good,5
1de427fd-4c9c-46d2-98ab-d41bd61d9354,this app is verryyyyy niceee🫶,5
115ed4cc-316f-4322-94e3-3349b31965d6,yes public my Instagram,5
5fbebcd0-cad8-4585-a308-8ac9776211e6,not working close in seconds whenever I open it get closed please do something,1
cb84a8db-0161-4009-bd13-43ae489b3fca,"This app is useless, man—not a single girl even replies to it.",1
919fead3-390c-43ce-b3e0-7516f9724ed8,good,5
787e7966-eaf6-4dc7-a6bd-9e081278167a,best,5
8429391f-68e7-4887-b72d-451fc57462c4,poor unsafe dishonest,1
c38db6c7-40a7-4050-b980-d087942e515a,very creative,4
ac6725ab-bd71-4529-a5fc-eb60c1de3913,very nice 🙂🙂,5
c18819a2-8ee0-428a-864b-7ab5ac3b630d,My account was permanently disabled for “Child Sexual Exploitation” without any valid reason. I have never posted such content. I tried multiple appeals but received no proper response from support. This is very frustrating and unfair. Instagram should improve its review system and provide real human support instead of automated decisions.,1
82df89cc-ff87-449d-ab18-069a90b2be7c,My Instagram has been stopped suddenly and it is not opening.. I'm so concerned about may account.. I just need help from Instagram to please solve this issue please..,3
3d4ad52a-0c92-4f93-b0b2-3356250316ce,one of the bedast app,5
563e179a-3f07-4158-b1b4-25c2e6dd7134,very 😔,1
17e02382-ca14-4624-b18b-c6da1857971d,super,5
07695cea-73fb-40b5-a5f9-0912bf4dce17,good 👍,5
d68cf247-8ed5-48c8-8779-090d21ecbcd1,i love. you instagram,5
4e9d5d86-19f6-4dda-8dc9-5513338cbac7,this is amazing,5
a0a16136-38fc-4209-95be-b5287bc8cbd4,nice,5
5340e243-c4aa-43eb-81fe-719fa203760f,"Instagram ಇದು ಜನರಿಗೆ ಹೊಸ ವಿಷಯಗಳನ್ನ ಕಲಿಯೋಕೆ, ಬೇರೆಯವರ ಜೊತೆ ಕನೆಕ್ಟ್ ಆಗೋಕೆ ಮತ್ತೆ ತಮ್ಮ ಮೆಸೇಜ್ ನ ದೊಡ್ಡ ಮಟ್ಟಕ್ಕೆ ತಲುಪಿಸೋ ಕೆ ಒಂದು ಒಳ್ಳೆ ವೇದಿಕೆ ಅಂತನೇ ಹೇಳಬಹುದು.",5
1724e35a-2ae1-4134-947a-3a97578303df,they can add live caption feature it's difficult to watch reel In college hours,4
bd67c9ca-35db-4488-9b69-a973d42acb3b,best app,5
1af4d7d3-96c1-4e60-b539-47bbdd572849,I love too meet new people,5
27c70daa-8f51-460f-b304-0e6b8c180cc0,veryy veryyy dirty app eww don't use this ban my 4 year old account without any reason,1
adec3f70-3ee7-49d0-98d4-9cd67aa5613d,❤️❤️,5
e0b3b67b-bbf8-4e70-a294-71e691c6b7ed,🤟👌,5
8cd8c651-c3dc-4cab-b335-cc34b1812407,best app,5
4bf0c68e-a26d-48c7-80b1-31c78553cc07,without any reason mera Insta fb restrict kar diya suspend kr diya 😭,1
c176330f-cef9-4d4c-acad-2bb2d551b635,very good,5
37377454-ee43-4373-9eae-bacd52a55e05,Nyc..👌,3
c8a01259-7e76-435e-8a85-d61362f4c8cd,nice,5
2fffbc96-a86a-41c9-b753-fa3ddb01a453,super,5
ca328b8d-a129-4796-a121-7f39ed72711d,nice,5
b65c1afc-7e16-458a-9f24-1c150e00ce28,instagram hamra account Suspended kar rahea hai 🥲 😣 or aap isse bohot jada ho difficult bana rahe ho 😣😣 iss i hate u 😡😡 or main iss ko rating 1 deti hu gatiya instgram 😡😡😡😡,1
c25e0cca-7d27-4b6f-9f70-f075e29053dc,Instagram bahut Achcha hai,5
8d07c329-f052-4089-856a-654a2a9f778b,Nice app,5
63841f8c-d016-4b8a-8c74-e8d8d92f8823,very nice Instagram app,5
5cd13862-c659-41ad-8a29-c0a44348297c,😭😭,5
1b38cc24-edd6-4f78-99f3-80feb9ae9396,"I am frustrated with Instagram. My account keeps getting disabled again and again without any clear reason. I have followed all the guidelines, still my account gets removed repeatedly. There is no proper support system. Even after submitting reviews and verification, there is no response or solution provided. This is very unfair to genuine users. Please fix your account review system and provide real human support instead of automated replies. Users are losing their accounts for no valid reason",1
e849c859-c73f-4a77-9af6-d3886cb27772,very good,4
3ae29001-f6d4-4fde-be8a-76272bbee823,very nice ☺️☺️,5
c18be508-b253-4dd2-aa52-fecb3fb3da73,best experience and video uploading I also making videos to koi problem nahin hai abhi tak acchi chij hai Instagram,5
46d19b9f-cc95-4267-99b8-529c7f4ed790,🥰,4
c5adf608-ec89-4f4a-9720-7ee25b5b00d2,chat messages sometimes vanish and only return when specifically searched for,2
1ba22b04-75f8-48eb-af3c-b9e8bddd9fb0,real good,5
c9904690-5925-44bd-aa40-71d82f316aa5,pehle reels bahut viral hui ab ek dham girawat dekhne ko mili pata nahi kya hone lag gya rells nahi viral hoti waps,1
1bc9df02-a8e3-4bcf-9d76-20c021528cf0,good app,5
8fa4268c-801b-4efe-8f10-b7365a1bb90d,i wanted to give it solid 0 out of 5 but there is no option here so I will give it 1. i gave it a zero rating bcz girls don't accept follow requests and ignore the requests and don't even reply. so the next update should be like- girls had to reply if they don't then delete their accounts,1
c294e0df-a035-4999-ad10-523edb3ccc26,nice app,5
b63d093b-41d7-4cc0-99e0-9c53fca387b8,👍🏼👍🏼,5
bba41c2a-68db-4f29-8d8d-341a8fd13cad,good entertainment platform,5
e53edb7e-15d7-4142-b450-9354eeba783a,learning but easy to use.,5
de3b1084-c58a-410f-aa92-4a61aa5e8eb5,Fun i photography,4
032617ad-4dae-445e-81bc-59769a803e8e,Good,5
63d9d964-d9a9-4f37-8854-5ba041a19d5a,nice,5
144f6d87-875b-4b69-adfe-0fcd8ea9902f,aI auto banning is stupid - lost all my accounts and there's no way to appeal. A quick search reveals it's happening very often to others these days and that there's a change petition out.,1
3f4ad543-2d45-453f-9712-7413fde22e0f,"I am having fun with Instagram. However, there is a problem. My account kept getting suspended and when I try to appeal it, it won't work. Hope I get a message why I kept getting suspended because I don't know what rules I am breaking.",4
6263a75a-a52b-4b7d-9f26-a5f4cf1773c4,supar,5
0f79078d-056f-42e3-8413-4602c02ea375,nice apps,5
ea145397-59a3-430b-b23a-d189458cf48b,my account suspend no rission,1
5fd2e21c-67c6-4211-ae97-aa23628d563b,my account bharat.explain deleted without any issue because I don't have done anything wrong worst app,1
e09be6e4-d096-4f3a-b375-0199b252fbcd,"very bad app, I say 'hii', and get ignored, please fix",1
0db5bb93-7f3d-4f61-bbb0-f0a980170f44,Nice app,5
3425dbe6-8285-46d0-ad7b-644a56e2a5bf,❤‍🩹🥰,5
d83b531c-bb4f-4f61-b64c-9dd2cb2ccaf3,Updated on 4-9-26 and I cannot log in please fix thanks,1
22028b93-42df-4804-94d9-0295aade9882,"Instagram is good, but the reel photos or videos I upload are not special.",1
b00c9b4e-01d4-4ac9-93a8-87a572f67477,Good,5
174d3109-e240-4036-9f05-b24d1ffae6d8,Best,5
0e3fdc81-ba50-4537-b5a7-cc7a4e9b8689,Does this app have 2-step,5
28758161-21d2-4bc3-8457-adbca9bfffe4,I'm addicted to this app for real it's an amazing app to escape from reality,5
ede888b5-474f-4697-8bea-bc4c6e5a65c5,new reels,5
030046ea-d9ed-4166-943a-b8da1a0d35ee,very good 👍,5
49e91191-0c92-4d35-b1d6-5a94aabd44eb,nice app,5
c73ba3a7-16a9-4477-9682-0d55ab5558b6,they want you to pay for followers,1
99b42302-07d2-4494-9631-e71e088b5025,Instagram is verry interested so verry funny reels 😘😎💯,5
3d1066a3-dd7d-43a2-89b4-d5090d58a30c,if you could actually have the reset password option work. that would be wonderful!!!!!!!,1
822c8dd2-3c27-432d-991b-d3ca6610d9d8,TIME PASS APP 😡,2
10437ba0-01c0-48f3-819e-63123f0fb554,Good,4
708448e3-5d0f-4664-ac74-29fb178af8bb,perfect 🙂‍↔️,5
e9483b20-399f-46c6-970d-14e5c27205e9,reason I say this is because it don't let me install it anymore something about it being stopped and it's frustrating I communicate through there alot so I need this app as well as it keeps suspending my accounts and I don't do anything so it would mean alot if it stopped doing that and let me keep my accounts,1
7dad63fa-f83c-46db-876f-4f42d1bc9812,excellent,5
84495dfc-cc9f-4779-9ec8-e0b3a961013c,my account was suspended,1
08ba9699-4067-4524-bf41-7df1c49b4bcc,"Shrug,",1
0a92641c-1cc7-419c-bcc6-ce019e24f520,Super instagram my reel vairel me please,5
e5ec4d64-5c64-4839-87d1-9d4be5219ab9,good,5
3e8cd610-e235-4856-8907-e2743631e01b,this is too useful app,5
1ea7766f-9114-473d-a084-c41d40775608,Nice osm,5
603f948f-bc1d-475b-9f34-154c1044f82f,"application chic , and perfect editing tools",5
398ee0d8-1ea9-4cac-b448-ebd6deaa64e6,vary nice,5
7f04c3f3-f371-433e-9617-a23addc1d3ac,"i got ads every 2 damn reels, wth?",1
d895b201-df5b-47ec-bc07-d2febe4af08d,ok,5
0e4d7c7b-63cf-4732-87d7-836d269a2026,very generous,5
3d153135-cfbd-4964-a28e-1690028923d6,Personally I love insta,5
299fbd5f-8628-4a29-a7c7-f16cd3a9365e,nice,5
2d503642-18f9-451b-8954-55430d4b1c81,"Very poor support experience. My account was disabled without any proper reason, even though I did not violate any community guidelines. When I contacted support, I only received repetitive and unhelpful responses with no real effort to resolve the issue. It feels like genuine users are not valued at all. Extremely disappointed with both the platform and the support system.",1
e5b4b14e-cbf3-45af-a1a1-6e1b40d7f052,nice,5
e8a4a893-43d4-42a4-8ad0-3ad22d7d7b31,👍,5
daf5526d-1764-46ca-8199-60f24e0c81b4,👍👍👍,5
06b3034a-a7bb-41c6-9d5a-615e3f50a466,💀💀,4
28004213-0274-4db6-8eb1-2985ee7a1a25,good,5
7d41a925-ee7e-460a-9733-b552fb6cb48c,Mood fresh 🥰💯❤️‍🩹😆😎👍👍,5
8d1f8405-ef47-4767-98d2-4a50d0f8f561,my luck account ❤‍🩹,5
71aaf2ee-cecf-48aa-ad0e-0926179ac476,I love ittt smmm,5
2d5c4690-e805-44a2-8587-c6c2bc003440,No love💋💋💋,5
b5ec05d6-c091-43cf-95a6-68fe6bf78c59,Amazing!,5
2b21f10f-0c8f-4bba-9463-4caf93c4f8ca,@lovkushsharma my account is suspended my account on me instagram problems I'd not login please 🥺 try again me acount me,5
d44e4f89-da88-4f3d-95e8-5e04a4c6a0ab,bad,1
9b71c95c-ab6e-471a-ba79-7192bf1f299c,sueeeee!,5
99337be8-625c-401e-be57-0a1e6bf95750,मैं वायरल नहीं हो रहा हूं,5
351c409c-cc37-4475-9f09-803594a9f726,Viry nice chating app,1
34d66bb1-ecbc-4ef8-a92d-79719e6fbc4c,👍,5
a793c96f-d664-42b4-a423-27d1623b0899,good,5
f7dd81e0-711a-48e7-b080-fa3cbc45cf2c,good 😊👍,5
a0db355e-0666-45d0-8da2-85f4a9cb6660,gooooddd,2
cf58e945-f2b7-4192-88a9-e63b65d28020,👍,5
9ca68449-40d1-4c14-8c34-843e2844330b,good,5
319c1c7b-f271-463e-a905-e41516ada7ff,nice app,5
5541875c-94e0-460a-8473-dcc80c52b502,"I've loved Instagram for years, bite sized visuals",5
35e7d2c2-1c67-4c5c-9bb5-de36ba398faf,best,5
577a2e24-1bf0-4c39-ace8-b8b0a03d1e9b,I love insta,5
9659852c-ebf6-4ab2-9908-58e4d1c0ff9c,"Some features are now disabled or non functional and it says instagram must be updated first, but there are no newer versions available. So that's a failure loop. They seem to be comfortable with being a third rate hokey app. Poor design, poor functionality, lots of bugs. Just a very cheap feel. It's like a people-walmart. Previous: Get your clown app sorted out, insta. It doesn't even work now. Mostly I don't care because it is a clown app. But I dont like when things don't work.",1
7dfa8ab6-3c07-4f84-9629-dd8636b0b8f8,good,5
1f12081e-6974-4151-9697-cf1e123af103,Very nice,5
db5dc283-f065-496b-8612-c6104aa12a31,too much twerking not enough Yahuah,1
c29e55b4-ddb6-4af9-87e6-39ec60b1e8bb,very bed app many add faltu app hai bhai,1
d713110d-f366-4ad7-a3b5-7c07a5828d50,free 4k,5
a8fb6783-adb2-4a51-8d17-563a213a9d1e,😣,1
ca357858-2a46-41a8-8d9c-bbf7fadc5ac3,every time my account is suspended,1
347b1d10-c8d2-4f11-869f-dd83487c1d1a,good 👍🏿😊,5
d22c4c43-6ccc-4f75-98d5-a531f5f71f84,super,5
40452674-c3b4-4197-823b-affa2a621bbd,good app,5
02750c7a-1175-4681-9788-661b5117c29c,very nice app,5
7992c789-d257-4525-9fa4-954534a9148b,interesting and learning app,5
e462e21d-5397-4d93-a0e8-f3272750a977,This app is helped and fany..,5
15f8e33d-e527-4fad-bb7e-808df55ac9bb,Nice,5
d4ab6a14-cbee-4758-8e9b-bd4aac3b1fc0,🇧‌🇪‌🇸‌🇹‌ 🇦‌🇵‌🇵‌,5
b946dd6c-4780-4521-b429-eb353cfcc601,so bad apdate I can't post store video in template it's sucks,1
6134f694-323d-441e-9681-ed51e65ecc22,❤️,5
52d79016-c020-48b3-8e2b-07141b88327e,nice,5
c3392283-3de0-4983-9322-c7782966bf01,ok,5
38d48388-74a2-48d4-b49b-b9663123b608,upload videos,5
bf2d8dce-3416-4e42-a740-615910eab8c1,"Why can't we have a gallery view of ""followers posts""? i can see random reels n posts on the search section but not for the people I follow...",2
0c56617c-5eb7-467b-99da-bdb5f2464d6e,the best,5
4c457053-e5b2-47b6-80cd-8c8c9daef263,irritate,1
964ba948-e5d2-4719-b1ce-c7cfa47ea1e4,"Yes, I think it's good enough to make friends through this app and I also want a lot of friends.",5
b7095c44-ea13-46de-baea-9cbd175ff10c,best insta app,3
5b0a5972-ca1e-4aa2-b7b1-a4fc6f2106f5,mujhe kyon Nahin support karte,1
5df3bb5e-6ba3-40e8-9e3a-8c01594faf16,amazing,5
dd3b0740-36d3-49ae-8d32-f0c83cdbb60f,good 👍👍👍,5
7eb28644-aba2-4db7-98c6-a8f5937615ee,Bruhhh it's banning my account for no reason and other people's accounts too....so plz fix this ASAP and fix Instagram and make it better,1
bd9f1614-705a-4d28-8e45-79c00dbc22b5,Love 🥰,1
cb45bcb9-e916-45dd-ae27-8f3cc17dd5ee,this is not privacy,1
f578bd41-29ea-4186-83c7-71a54ca04f8d,great,5
d829d355-9fa3-474f-8a06-8be0c5d1f48e,Its super coll,5
3bfaf92c-b94c-43fd-b24e-30985a6887ac,Nice,5
7162ac72-53fe-44e7-9fd4-a88362fbad05,𝗯𝗲𝘀𝘁 𝗮𝗽𝗽💕❤️‍🩹❤️,5
6701b44b-3573-481e-8938-be7f9108355f,Always enjoyed content and apps very streamline....,5
7b4635e2-9477-41ae-b9bb-59cb577a44d7,insta is getting serious glitches my reel section isn't working it's saying retry again please do something asap,2
6792d3bc-8dfe-4ee0-a07c-c18d5f0f5a34,fantastic 😍,5
6d904fec-1a95-4c23-9a23-a23822235c76,always my id was suspended that's why iam give this rating sorry 😔,1
bbe88c1d-37d3-4953-a6a1-bcf979c5745d,good💓,5
616775db-3bcb-475c-a107-312f91f83307,worst app time barbad,1
95786443-6ba7-4fba-84f6-9bd9a76ad613,very interesting app i like itttt very much 🔥❤,5
46ffacd8-b053-4119-8e5a-18afa68f38e9,very bad aap,1
7984283f-c434-4630-96d9-4bc817d12722,amazing 😍,5
3e3dfd66-3ef9-4100-b74c-d31633f6ca2f,The first step toward becoming bad,2
7bd28f2f-f1dc-44b8-871b-183b8928d5c5,Best app,5
a3802e62-0975-4971-8a2d-b9216b57ded3,"Get the new update quickly, as long as this is a bad update, I will not download it, neither the reel is running nor anything else.",1
05b72a69-c7f5-466e-873c-5dd6a49ec7cc,super♥️♥️,5
2129ecf9-ee48-4d0b-a693-b4cf6f0c984d,it's pretty good,5
1694f431-935b-4339-9eef-8f60bf1ad315,bekar ki aap h account suspended ho rha sara sirph meta verify lene k liye yesa kr rha h ye paiso k liye sbka account suspended kr rha h mera account 2 mhine se bnd h mgr koi reply nhi aa rha very bad,1
e56265a3-da1a-48a6-942d-85101c326979,mostly lovely aap,5
21cea183-8e0b-404c-abb5-abe32c943504,very bad,1
f5ab47ca-a66b-408e-b3fe-69bdb6688f79,"i have a problem i can't send any massage He always tells me I don't have internet, even though I have a strong internet connection and use all apps normally except for Instagram. I want a solution to the problem",1
bb6bc8fa-591e-451e-9683-1211f5808cfa,ajay kumar 💪💪💪💫💯,5
4e55acfd-8fae-4e04-a2e9-c0d74068c9eb,I love instagram,5
31709b7d-d432-461d-acb6-3e7930a0557c,Great up until I noticed the filters I use are now displayed on my stories. The bottom right corner of the post is where I normally add my tagged locations or any comments I might add to my story. Now its getting blocked by with what filter im using.,1
aeed8265-d6a6-4237-ac44-e5135bb67322,super app,5
cd8516f5-7948-4739-baaa-8334257d682e,this is a very good app,5
ef2970d7-86d1-4b95-adce-423db93352e4,good 👍,3
4a240805-ce34-4f21-a94a-b8833e9deea6,i like it very much,4
4bf4ef35-c7ce-44ab-afec-82f5dfc727d0,my account got suspended for no reason very bad,1
0b979f0a-ed9d-489f-b3a8-ac491130d1a7,suspended my account for no reason. bro let me back.i can't even make a new account,1
dc6ca4b3-51bb-4eff-a8cc-a3e11703532b,I love this app it is so amazing,5
a0e39fb2-005a-450e-8705-b47588bafb50,excellent,5
9f15b43d-4359-41d7-9065-84a835b772ed,not letting me log in mu laptop wirh facebook and not recognising my password even though I could use it while logging in with my Facebook acc and when asked with reseting password it only brings me back to log in page,2
e4ad4e9c-667b-41b7-9c5a-e7446e4d95fa,"Instagram is the worst application, i mean they suspend every account you have earned your followers or everything they will suspend your account without any hesitation",1
ae0931ae-9308-4dd2-b969-d79a4b1cb49e,have no interest and yet you keep popping up like a bad virus. Didn't you just loose in a lawsuit because of your predatory nature? Stop infering with my other apps.,1
b01dd9b5-8432-414b-935e-a123c27d0cef,love it,5
c7460197-97ce-4eb6-90bc-6553943dd603,good,5
46dda379-6f25-4a6e-9483-7aa34f02ca30,my account was not opening but my another account was opening when I write pasword of my account but that account was not opening and same to same account opening,1
5e46b55e-e916-44bf-b552-db0efe9d0087,would love it better if my posts were pushed to bigger audiences,4
69f12a23-ffdc-4eec-879e-72837d21cb62,so useful 🥰,5
beb2b7d3-5181-484c-8a0e-f8673629f530,I did not expected this from Instagram my I'd is not accepted on Instagram I am not able to signup because Instagram deleted my many of the accounts 🙂and not letting me come on the app,1
378bba00-dea5-45c6-ae9a-fac805f1821d,this is a very cool app in Instagram 😎🥂.,5
30c7d96a-6fdc-4ecf-aca5-f26375565726,it is very good 👍😊👍😊,5
596570e4-0b43-4eb5-a400-55d553035085,nabuang nasad inyong IG,1
c54f7fd7-98a5-485a-8160-00f01e4c83f5,luv itt<3,5
76027a96-270a-49a1-a77b-1905d7cd3e5d,no so good,1
64fd2cf3-c54f-4477-8bb6-f9adc4a2b5fa,wonder 🌝🌕🌝🌕🌝,5
da13eab6-3429-4002-ab76-38c99843f381,"“Greetings Instagram Team, My account (vedgurav01) has been deactivated and I have tried every possible way but not able to get it back and I believe this is a mistake from your side as I have always followed all community guidelines and terms of service. I request you to please review/ analyse my account and reactivate it as soon as possible. I have put alot of efforts in growing my page. Thank you Cheers (Ved Gurav/vedgurav01)",5
ae8befed-1035-4da3-8d4d-3c02895d1871,super app,5
f379a9e9-5dfb-4453-b82e-676c0fe55779,I am so happy with u Instagram🤳🤳🤳📷,5
37602d32-92f1-49b5-aa23-ea2254356bc1,Instaram is the most best app in India this app helping on my inspiration,5
3355da93-4d3a-4b87-8f2b-4c8565f6814d,owsm,5
948749c0-ad80-458f-9a28-9384595dc04c,bahut badhiya hai,5
fe9cfa88-7d04-4d05-b2ab-f97198fe8f29,Halp me to find my account,5
6a724cb9-c63b-4cbf-a712-2131c5834ec0,op brother🌟,5
e0cfd2d2-155c-499e-be33-a437dbbcc301,"Great, Fun video",5
b687dd72-2f97-40a8-b2ea-954821ea8f82,nice app,5
cdcec666-d4ab-4573-8988-88e5b2d50a7d,A+1 App,5
456911a9-a58b-4340-a6ad-8e276a206f0b,carrier distroyar application,5
d240467f-3ad5-4050-86f8-6c6e4c4f8942,very good app so much,5
f0bb3f7c-63c4-4d8f-964b-7223de74d909,so good,5
b3f13488-3891-4840-8520-1d67da52165d,very very good... ❤️✨,5
c35e3d59-7a01-4c24-8b1f-3b7182eaba46,good for you guys,5
664fde93-6a40-45a9-838a-139ef8b916fe,the best app 🎀🌸,5
1385b378-dfe3-47a5-9651-1cc847cca786,👍👍,5
4d1c1e20-fe8b-4638-b494-c633e9238060,very nice app,5
ad808351-8e4a-4226-98dc-066e22e369e9,it is a very creative app for me I will prefer this app whole world,5
a1aefb4d-d36f-4596-9cfe-f866ba59333b,time wasting app to much 😭 time wasting in watching reels 😕😕😔😔,1
968e2492-b8a9-48c8-8bd4-014e6f03be72,why my account got suspended without any reason @harshavardhanchv I created another account it got suspended @harshavardhan_chv,1
81a12ab7-efe7-48c3-877d-cebea212d5c1,love it,5
bd4c7a55-5e56-433e-8e0c-7c4c90db2807,🙏,5
6934ff01-253f-4f63-a6d5-07eb2ff1a580,super. i like this app,5
882b644d-7b9d-4e02-9793-677da78dbae4,💞,5
b1a194c8-fdde-40c1-8c14-bf66476736fd,"It used to be a good app before but suddenly one day, all of my insta account (approx. 5 )somehow had a increase in no. of following like the people who I don't follow suddenly appeared in my following list and they were all very inappropriate account. so I just tried to delete them because in my main account I have my class mates and obv I don't want them thinking wrong of me.The next day however my whole username and bio changed.This was a bad experience for me so I had to delete it plz do smt",2
6a487c8c-8a7d-496f-a49a-76935b91c0db,this is a very interesting app but its takes so much of time to install😖,4
e1249230-5d85-4d34-8768-acc7e11913de,Wow verry nice app,1
62b44590-ce48-46d6-8b34-dcf725dfa826,love love teddy swims 💕,5
fb7d96e2-d6ac-4283-8b11-a33619893512,"Instagram is a visually engaging app for sharing photos and videos, with easy navigation, creative tools, Reels, and Stories, making it perfect for connecting, exploring trends, and expressing creativity daily.",5
6a579011-f69f-4149-bd68-be4d5d0a07ff,it lightens my mood and makes me smile,5
5a36750f-33b3-4521-991f-dc9f75d7bad4,U just have fun and post things about your everyday life😁🔥,5
3fa8cd7b-fef1-48fb-ad85-6ff3c7cdf600,good,5
fdd2b551-afa6-4cb4-b151-39a825ca01c4,Updated...error begin. Can not load :(,5
f9bece63-25b2-413e-b6df-808e8dfa48ce,incredible a fresh air long waited often imitated but never duplicated the one and only you can't come unless you're bringing something to the table give it all up for me 🐓 vs jaw and tail fool and barstow Nv,5
e1816b9d-76e3-490f-b65c-66fca874650b,banning all my accs for no reason,1
df8bc275-93cc-432f-b741-f05e7102f889,it is so supper app,5
bf47f4bc-af9d-4db0-9ff9-1d76e18b34c2,very bed experience now,1
680e4c6d-5f45-4c34-98c1-96f888953cf9,good,1
a71499ff-4513-4b62-9622-d3ea8d83da8e,exalend,5
e9a91dc5-c0ad-47c5-acdf-e8bd77daa76e,i can share my recipes and I love it,5
2254b6a3-b20e-4024-8fea-6202a0574030,nice.,5
c36cd940-ecf1-4a46-9540-d85c39133e8c,Ads will not pause in the manager when I hit pause. Signed in on browser and from app. Updated app as well.,1
1e4d6db9-c5be-448c-b650-1c44eacdd1a8,Excellent platform for connecting with existing friends as well as for making new ones!!!,5
b993320f-c5ab-4b50-b6e5-6d57d0a8ef9d,"A good Instagram engagement rate generally ranges between 3-6%, though this varies by follower count, often decreasing as accounts grow (e.g., 4.8% for 1k-5k followers vs. 1% for 100k+ followers). Engagement is calculated by dividing total likes, comments, and shares by reach or followers. Key Engagement Benchmarks (by Follower Count) Nano-influencers (1k-10k): Often see the highest, often 3%-6% or higher. Micro-influencers (10k-100k): Good engagement is around 2%-4%. Macro/Celebr",5
3b6beb19-3d00-4623-ab18-b5dfc4c70e48,oosam,5
f647074e-8de0-4298-a04e-046b8897fc3b,"I have been using this app very often.. I upload whatever I want, too much options to make the video look aesthetic. Do try it.",5
368b8417-79e8-470c-98b7-7a9a2e2695aa,Reel slop,1
82f32c81-4f51-4cbb-9c76-c4797a7de49a,its really good to keep in touch with the current trends,5
df7777aa-0760-4f0a-a7cd-eed3c87a53e0,The best thing 🖐🏻🥹,5
6ea091a0-d9aa-43cd-9a73-795785517e37,I like it Instagram please vote for Tvk support reels make to viral🙏,5
456e8b95-1bfd-4f76-b766-ed3af64d374c,The best think i have on my phone...,5
46afb752-79f6-4972-9e10-6d78fd04f725,good 👍,5
42ee5223-d99d-41fa-ae30-610b74447099,good app,5
412a4be3-204c-485b-8da5-960a8bc367fb,😭😭😭dont suspend my new id itz_abhi._03 plees help,1
c4bd99af-e34e-48e9-ae1b-0daf8df63f15,too many glitches,2
a7292d13-0699-40b6-b8a3-6826f19b6416,My heart💗💎,5
35bdcb66-4988-4d40-9a7d-54f38183cd08,"i deleted instagram for a week, it barely made any difference in my life",5
acafe2f2-67b0-4388-bd0e-cac2707639cc,bahut,5
dec152d1-577e-456e-b64a-fe7567b45729,excellent and thank you,5
b514af23-1966-442d-adf4-45ce9545a904,"first, Facebook steals our privacy, now we get forced ads. The app is too inconsistent. Too many bugs. Features are given to people and not to others with no way of getting them. Algorithm is biased, manipulative, save absolute trash. Instagram is basically a place to repost TikTok content, Reddit bullcrap and promotions of other platforms. It's even worse now, auto flagging and removing comments protected by free speech as violent and breaking ToS.",1
0b102388-989e-4d02-8a9c-906af748e1f3,"brooooo I luv ts app, Im on it 24/7 nowww",5
bdb24bc1-7be9-4f46-b781-6acae3b46d07,it's a good app to use,5
b1f15276-245f-4b4d-9c29-164dff406e29,They took away my unicorn horn on my photo. Please reflect. I'm extremely mad.,1
22fd4aa2-1100-4dd0-ade5-4fc1b0cb42c7,"This app just be suspending everyone on the platform at this point. Love the features and everything, but I can’t even experience that because I experience being suspended 24/7 without even breaking the rules. A good app is no use with this system",1
ba177e82-e475-4fb6-8ee7-122f083e1801,I love 💕 Instagram,5
9f26a473-edb0-4ab7-bae7-896ba4727ef7,great apps to connect love ones nd spent your time with fun,5
11de0e6b-8540-4215-a74f-c435f2d34804,great service,5
b3f574bd-feaf-4af0-9635-a1ce2ebcc8fa,good,5
78274b77-5a20-43ae-96df-4bbd291e4705,"this app is good!!! i won't lie, but it does have some downgrades... like how when you try to sign in after deleting, it lags.",4
3161241a-b37b-4f2a-afd3-a0d136323d70,i love it so much,5
8e2b2bcf-4157-40f2-87e9-f51ed2257b20,older now so more confusing but getting it slowly.,4
0e316413-576b-4ef1-b6c1-2b95fa09ffdc,excellent,5
8edf6b22-27f9-467d-9765-7235b15851d9,its really good,5
c4f2a7a8-a104-416a-90a7-3e6bc8bf47c5,"Amazing app, so much entertaining content to watch and enjoy.",5
b84cbb61-6b6a-42c1-a808-de056c4c6f49,super app and easy app to connect with world and easy way to popular to the world,5
be573688-b26b-4cff-b6b9-b44d34cb4311,V nice,5
3a047473-9d6a-4e99-ac01-d748544e24e0,I need this app,5
7d42f950-a98c-4969-859b-994066edfa95,very nice,5
096829b0-73a6-4a70-823f-2075bbc11c61,Supper application in playstore,5
5e4993e6-497f-45a2-b371-09f7bc534688,Ngl the app is soo fire 🔥🔥🔥🔥 but yk ts gonna ruin many dreams 😭,5
731193c3-5012-409e-bdb5-02eda6ffa5f8,they allow videos of people dying but ban my account for no reason,1
6ca04017-3b82-409c-9b28-d17e2fd136a7,"Updated my app and I Still dont have the ""collage"" feature when trying to create a story. Clearly an ios only feature which sucks.",3
01f9be65-08be-4bef-8e93-63afa2884eda,half the photo is cut off when posting cant use this app,1
e59ad119-5684-45cc-b380-4eac0378188d,aap is sukon.....,5
2052f8f5-b89d-4fc6-b904-7f0897275b57,you get the two star because you always suspend my account,2
a54d441a-71a2-41ec-8ba2-2753d75115e7,excellent,5
4d087b75-59dc-46a1-9ecf-d24af7863099,Most people have more than 4 collections. Why are you adding the extra step of having to press on a + icon rather than list them all like before? Do you dislike good UI?,1
d5941fdc-6c4d-4e23-b3ce-2b820e5b461d,🤩😘🥰🥰,5
8e254722-e918-464d-a7f3-a0f34c75ed6a,10 out of 10,5
4de8bfac-3851-4bf8-82c8-d44cc156f96a,I hate the ID verification thing it banned me for no reason not worth being on anymore it's old anyway,1
69015c4b-298b-45e7-9d5f-94488fba7185,"Meta has a feature that allows us to see who unfollowed us, because that's what's needed so far. please ya adain fitur nya",3
6be553ca-6103-4edc-9aa2-b24a499a3f53,meri I'd nhi khul rhi h pasward sahi lgane par bhi or bhut kosis kar li fir bhi nhi khuli,1
04bc92e0-0656-43a8-a2a5-11095132dd73,good app,5
627d0600-ae1f-4351-ad21-cf709662af56,"Instagram has disabled my account and have not explained to me why. I appealed and they have done nothing to help me. I have lost Facebook which all my overseas relatives would see my pictures of our family. Such bad service, no customer support to help you rectify or to listen. Enable my account please...",1
46d28b2a-7d4c-4a12-ad3d-16b76f137d91,"Why my account is still broke , help n fix this issue",3
bbab553b-a6a0-4563-a5ca-457442d2a2d5,"Like most content, Meta need to do a better job of screening advertisers and protecting their audience from dishonest sales though.",3
20578ec5-048e-47a6-b0b1-b245e1b9d0ea,"Instagram has a really easy to understand interface after you get used to it, and I like how it tailors videos more to your liking as you click on videos or if you let them play to the end. Keep up the great work!!",5
ec0027cf-d051-4b85-9791-09c54b7e506d,this is my 2nd life 🧬,5
2d1b2fe2-6eb9-45f2-b5fb-077d0e02625d,so many updates but not one that will fix zoom in on posts in the explore feed 🤷🤷,1
2cc2e6c0-39e9-456b-91ad-9fee46ac7f10,y bahot bura aap isme mere sare band kar de mere I'd kuldeep_ghunawat23 esi hi sunspen kar di 👀🥺🥺,1
7a5e0284-5ba4-4a54-8d02-02f78c1fd86a,"Viel zu viel Werbung, app wird instant geschlossen.",1
557d3e2b-11e7-4dd6-aac3-6328302274ae,it helps me get girls and huzz,5
00ead0a3-b5d2-4547-9659-f6d1183feb60,good,5
45e5ed0b-de4f-43e4-87f0-d7b40f2761be,"I love how I try to scroll and Instagram just says 'No, you actually wanted to buy this blender,' and opens the ad anyway.",1
c7f62980-4137-4d74-8e79-475f27a8edd2,"I cant logged in to instagram. it always say ""password is incorrect"" but I know I am typing the right password because i logged it in to chrome. WORST. APP. EVER.",1
32add30b-5a20-43e1-bf8d-9518a5b3ddfc,nice,5
37a9fbe7-e325-4df8-abdd-64f5be84a8a8,هو رائع لانك بسبب عدم وجود الخصوصيه سيئ,1
72f5e5bc-a68c-420a-b8ce-97a2c8757599,nice,5
3f39003b-fcf0-4751-afa9-a0c97744a37c,Good,5
07824158-a6f3-4404-8f34-bfafa2092a4e,ads are full of low quality lazy ai slop ment to scam their users and they just accept money from them with no questions smh awful,1
9a064067-62ea-4be1-a937-2d4daa6df1b8,good,5
90f52b92-184d-4915-bff9-4dde57cdff73,Good work,5
f499eb34-fa2f-4d40-81a0-e5d252241bcf,good for modeling,5
4d729d49-8652-4d09-a689-e322e6b01fc6,I just want the square picture tile to come back again!!!,3
c96eea65-880b-443a-b21d-6f7c6e421df8,functionality gets worse and worse. freezing on reels makes it essentially useless,1
15f6fc3e-c1eb-4823-bb5d-40ac8d40f0b6,Good,5
424c6d49-acf0-4a9d-9aa9-cede22809f44,good entertainment,5
54615369-1fe7-482a-9f65-2428dda342b7,let the people post what they want and the other things are not that bad,3
02a04487-8c63-481e-bb46-695c75a79167,I've had Instagram for so long and I had my account where I would communicate with family and friends and this app logged me out and didn't let me sign back in I tried everything this app is so bad mind you my account was checked and I didn't do nothing bad this app is so freaking bad,1
8546dbb2-2f66-40f3-a363-315f21d89ee2,I have a girlfriend og Instagram,5
4b4e9a49-d14a-4a59-8be9-59f2e24fc956,it's good app,5
b501a014-fb8e-4944-8a63-c8b13227f34b,wastes ur time better🤝🤝🤝🫵🤣,5
7241e242-e0bc-412b-a793-1659579ab8ae,it perfect,5
2de71093-b29c-4d30-9c80-b3c44605681b,The app is just a front page for OF models and is full of AI slop. Best thing you can do is uninstall it.,1
873afead-03a8-4364-938b-116418f45f3d,🔥,5
7a3c8aa0-3928-4143-b194-225c93542f8f,"Many features should be made available to Nigerians. Also, if meta can bring in performance based earnings on Instagram as it is on Facebook, it would be great.",2
e7ea0b4a-a4b0-4cb9-aba7-eac23ae6eb0c,nice 🙂,5
4683f5d3-16d1-4af6-99ab-34f14d766a94,Net problem,4
6cc72073-4abc-4906-9693-5f09be27a87e,bad app,1
ac512fb3-2ecd-46ea-81f3-88a50eaf1212,"with friends ,following and followers",5
c1bd2daa-f723-434d-b2ae-f0a8187a0f12,I can't login into any of my accounts and when I try to recover it it won't work.,1
b83340d3-9819-4bc8-a7d8-380b1b569ef9,very good,5
745475cd-8185-43f2-8c5e-b42e4c67f49b,I love spending time with instagram,5
8c1c81c7-0255-46af-88ba-e39b85e1e1ae,its takes our much time.....I got a my fake account... I have been reporting this account since 2024 but ...still no action has been taken by instagram...my fake account is still operating by someone,1
12e8ca6b-35dd-4ca1-bcd6-cf9cf3fc99d0,good apps,5
9c8612d6-9bf9-458b-a159-45c4f4721666,nice,4
33cbb8bf-597a-47d8-b602-8f29c4d0e3a6,"I have a request to all of you Instagram users, please do not suspend my ID now. I don't know how many IDs you have suspended.",5
a0dce1d0-4c5a-4c1b-b6e5-089ddc929135,I love instagram it's the best time of me hours on instagram crazyyyy🫶🏻,5
d965bb3d-4607-4e7c-8c24-86ced54b9302,عاللیییییی راستی چطوری پست هام بره اکسپلور هرکی بلده بیا دایرکتم @cukur.mokhtary این آیدیم,5
396a8292-2778-456f-91df-3dd44afd0c2e,"APP IS VERY LAG ISSUES FROM YESTERDAY APP UPDATE, PLEASE CONSIDER AND SORT THIS ISSUE",1
cb1db789-6586-468c-b3eb-c57ac6281da1,thanks for everything,5
c6d91c5d-f842-4b49-b280-8ea4fef41252,Instagram is very interesting and enjoyable to use I really like the reels feature because the short videos are quick and everything to watch anytime besides that I can easily view my friends live when the share their story the app was so friendly and makes its easy to stay connected with friends and share their good memory and the last one it's the fun and have smootb social media experience ✨✨✨✨,5
310d7ac3-7b96-4b81-99df-8eca8cbe10db,i cant put a song on my note ...i can't receive calls ....no repost button ....and many other problems and the messages take time before I receive them please upgrade my Instagram it's bad,1
5d3a2201-889e-4386-a248-217688ec17a2,This aap is very bad because he is suspendeding my all I'd and I can't login another account,1
5dd20a77-4eb5-4eca-b91f-c4234c3c90b9,not working right 😕,2
73be033b-4ba5-4a36-bc61-d4ba84f7159e,perfect,5
bb83b7d2-08cc-4d87-8cea-eaa537a6f81d,good app,5
cfd690d0-d3aa-4b07-9e3c-ff280cacfab7,"Currently experiencing a nuisance of a glitch where I comment on a post, then immediately afterwards get scrolled back up to the top & lose my place. way too many ads included now",1
352f5e86-b959-4eb9-aa0d-6daf82510eb4,ماعجبني تطبيقكم لعدة اسباب منها ١ - التحديثات تجيني متأخر والتطبيق يعلق ٢- ماعطيتو خويتي تحديث الاصوات,1
e5a85bd2-798d-43d4-bfe6-f2f904786035,very nice,5
4b587a04-116e-4a3a-bd4c-2890f1995368,mari id suspend kardi hai tum logo ne mari id shi kro 💔,1
2dd1cabc-e769-48f2-9421-9426986e396f,It's fun to use Instagram and entertaining,5
7d1fdac4-740b-4f3f-bf0c-191647e588c2,I love scrolling and chatting with friends,4
275028b8-bc9a-4713-bd1a-1c96b580f122,good,5
9aa3f7c5-a8f5-48f7-a3f3-4e5c9e81ef59,the worst app I really loved to use it but he suspended two ACC of mine out of nowhere.Like What the hell,1
3da18cc9-3896-47ca-9c1d-34285aa411dc,“My Instagram accounts keep getting suspended repeatedly and unknown accounts are automatically following others without my action. I suspect a security issue or bug. Please investigate.”,1
649ff406-6937-4aea-9eae-b104ed2d7b72,Some bugs here and some malfunctions,1
2071bd9f-243b-4bb2-81c4-e98eaffc789b,"Instagram is a complete joke. i’m entering the correct password, but the app keeps saying it’s wrong, while the same password works fine on laptop and chrome. resetting it does nothing. this is basic functionality and you still messed it up. the app is broken, frustrating, and honestly embarrassing for a platform this big. fix your login system instead of pushing useless updates. it’s honestly embarrassing that a platform this big can’t get something so simple right!!",1
529c8579-b7d1-40a1-a9ea-adf3584e1bfd,Super fuun,5
c2a2c7c1-4c7a-4090-8a56-245bd053a3cb,nice 👍,5
c4135f73-16a8-4958-9396-6410e2f667eb,best app ever,5
8abf2d33-034f-4a41-a1bc-c05be07ae42d,👉😍,5
677678d9-0722-49cc-9bec-eea6cd5a1f0c,too much add nowadays and can't scroll easily. disgusting,1
27811da3-7825-433d-bc8c-38582aa5e877,nice the app🤍,5
933aaf99-bda1-4d31-85fc-131d4ba044e5,the best social media app,5
80139dc7-290e-4480-94c7-583ab23882f4,it was really good 😉💗,5
13921fef-4987-46c9-ac81-7d77cdcf3ff2,good stuff,4
359c8dd4-0fca-49b5-b40d-652e3a88d1cf,best app,1
09391c0e-0945-4825-a299-0f2f37fe480e,love it✨,5
a55e96e8-21c3-443e-ac5f-c8bae8b9d30c,"It is absolutely genious: if previously I was just intentionally ignoring any ads in the app, but now with a new Ad break ""feature"" I just close it, put my phone away and go about my business and see no more ads guaranteed. Love it!",3
7a1a1a34-4bec-424d-afe5-2d69a1a1e95f,Vuelvan a poner el acceso directo/atajo a los Chats desde el longpress del icono. Ahora solo muestra contactos frecuentes.,4
a8da9e16-9690-4a85-97f1-7d5c97c269ee,"This app is not working properly. I can’t log into my account @heyalizain, and the password reset is also not working. I have tried many times, but nothing is fixing the issue. I had two accounts, and both are now inaccessible. I have also emailed the support team and developers, but I haven’t received any response yet. Please fix this issue and help me recover my accounts as soon as possible.",1
f985174d-3df7-422a-9c9f-db16817ee8b1,positive experience,5
f22ec09a-6a7e-4d29-be58-d913333d1f32,"""Greetings Instagram Team, My account (yuvrajsuri.__) has been deactivated and I have tried every possible way but not able to get it back and I believe this is a mistake from your side as I have always followed all community guidelines and terms of service. I request you to please review/analyse my account and reactivate it as soon as possible. I have put alot of efforts in growing my page. Thank you Cheers Yuvraj suri",5
a895582c-dd56-4dd3-a45c-0a3e61c2ee4b,nice just nice 👍👍👍 freaking gud 👍😊,5
7e4a74da-7ca1-4b6c-b767-1e294f482292,Good,5
d6c77e4a-5530-4229-ac1b-634afd657ad4,instagram is not installed how this instagram,1
b142e0f5-704c-4f3a-bfae-ef1787bbfa55,Instagram nuh stp tek mi account dem🤦🏽‍♀️,5
94266bcf-947c-4865-b908-aa39a587da42,This is a very great app I'm proud of ig,5
16c0e868-0058-4c7f-a0b9-e3f19105df79,my account get ban without any reason and I appeal and they say disable name of acc badmintonphile_,1
cd9e5fc0-7693-493b-a0a2-5c75860c4d20,Perfect,4
12e0b4a7-34d9-4c17-9d74-7ac9831b23af,"I see more grey slop AI ads than I do actual posts, it's hell on this app. Half of the reviews I'm seeing for it are also likely artificial from how lukewarm they are and vaguely describing positive uses for Instagram we've all been seeing for the last decade. Instagram feels like the best example of dead Internet theory. Update, April 2026: They're just pushing Meta AI stuff on the main feed now, I'm fully uninstalling this and not returning",1
a9eb6b9a-ef0f-4342-bc51-76960cf84483,I mean I get to know people whom are around me but didn't knew them before,4
248b9ddf-ba4d-4da7-961f-4eb62eee68eb,ok,5
b2cf0029-4d60-4911-8f65-2642a12b545e,good one,5
50fe3941-beb1-4cc6-8e61-0b1a254dbf48,awwwwwwwesome,5
073b161a-0534-4402-9b02-e05229e7448f,useful,5
6c883cf6-7b33-4221-b808-719a1e14f1d0,fun,5
152fcb47-61e1-48ed-9b89-ababcbbb570d,"not sure if it's my phone or the app itself, but I can no longer press and hold when viewing a to remove acc name etc. which means I can't read most of the captions people put on their reels etc",2
cc8e6d37-3118-48c7-bb02-d8472a9878cf,Good 👍,5
54d586af-49ff-4ffc-a58a-a8a06a6c3644,j'aime bien la Vibe de l'App,5
d8379742-84a0-4cbb-85c3-88ccf710fbc9,my feed is not refreshing and it not giving me more content it is limited,1
e8bf5d8e-c2af-4c34-adda-83fcbda1219d,😊,5
1324a603-cc82-4962-88a9-fd7c40da4b97,good,5
c56c03c7-e6df-430c-b682-cf7e9f77ea8f,no alternatives,1
e7245aaa-a0f1-4a21-b62c-92a2d094c4c8,nice,5
4e1dfcaa-5384-441f-8c6d-3d508c9f2bb8,growing in social media 😀,4
b03c8562-b283-473a-b063-c7378a2e1ab9,Nice,5
80ad6281-4b6c-4a3e-ba3f-497a1ee73ad4,please insure 2x auto lock enable as soon as possible,5
1c267efe-99f7-497a-b729-e1ae5ac458a8,apno sa dur Nahi hona data😘💗,5
c61bb067-b63f-48e6-91a4-fa7383f667a4,"except nudity and sexual dances of Olympic, still I rate Instagram 5/5 . That's all, i don't mind people. I mind their nude character of mischievous deeds. Anyways not my job. I like Instagram more than threads or Twitter. see ya 👋🏻",5
fd92ea56-4871-42b9-966a-ae7dca56b7c8,wrost app in the play store meri saari I'd suspended ho gyi sirf ek abused word ke chakkar main or Mera mobile bhi red flag kar dia h itti si baat pr this is wrong mark,1
f75dff0b-7c6f-4708-ace3-a9430f8c1b1b,this app fantastic 👏 👌,5
1e06128c-41c9-482b-a11a-0c35af2d9bba,best app ever got Gen Z,5
c526c806-312c-4a6f-b18f-7304e532df65,good,5
c0aa292e-5c51-4da4-bae9-30f179148a89,Good aap he,5
b1499ffe-ec60-4a27-a1bb-789173e3ee9e,incredible,5
780363c7-2c23-48e2-a63a-801b0770f228,Best app ever!!!,5
a35e81ca-6eb6-4b5a-8641-b9ae3a616c5f,good apps,5
97544e47-a587-4f2d-8153-b24091193092,beautiful 😍❤️❤️❤️,5
fffc4e7a-b851-4686-97ea-b2394e0aca24,watching reels every time Instagram is home for me,5
2193fa40-bded-4cc4-b848-7f9ee07cd2ce,very bad app,1
c63f64d7-f087-4ed9-bb1c-c60ebbb1f287,nice,5
4f4279de-e1df-45ca-acfe-75e7fd7e3599,very very good,5
49ffce18-2d3f-44c9-8559-6f08652b90f1,I think it is okay,5
742d82e4-e27b-4056-b2c7-774e321e8096,it is a great opportunity to spread your positive vibe in this universe,5
1c20da38-fc42-43fc-8963-88d952409f1a,very nice aaps,4
f120d126-158c-4ffb-992c-e37f2dedab75,"Forced ""AI breaks"", i.e. forced adds in your face when you can't scroll before it ends 👎disgusting",2
9d57f59d-98d9-4822-b865-ba0f501d8d48,best social media apps,5
aaf6733d-f231-4c1f-87df-7d03bc2347a3,"0 STARS for INSTAGRAM because I'm a photographer and i post photos so whenever I upload something, the sleeping timer or the daily limit comes up and all my work is deleted (like the caption music etc) Instagram should work in the ignore button so while I'm doing my work and if that limiter screen comes i can ignore it can continue with my work...",1
d00b5608-6149-4201-b257-189072f606fc,gjh helpful,4
aeee2e6a-a73d-497b-a3a4-dc8eb550ad0b,like,5
56d485ad-5d7c-4bc7-afe0-b61d86f5c8e8,good,5
95c91c85-822e-47a8-ac3a-60b0dc14f8af,Nice,5
990558a0-0558-4160-b32c-1fbf2b11b123,supper,5
999dbff2-53b9-4cc9-9d49-5382e0599a6a,good 👍🏻,5
4fa17529-ffe3-4a30-9a82-c60b3a0894aa,Lalpa chu tihla sual kalsan rawh🙏,5
8bc7cd8a-6a20-487f-bbf4-76eb1b50ad72,"Instagram is literally a great app but I came to a realization that I do not have that thing of sharing a song in that ""note"" thing it only recommends that I share a note only",2
1a4b1bbc-49f0-4983-9066-555a0e27b41b,good app bad user no clips going viral😞🤚,4
be8007c7-328e-4fc7-a003-0a5e959a02ee,very nice palt from,5
de71db79-3eae-48e1-80f0-323b584a1c07,bohot acha hai Instagram,5
512de338-06dd-452f-a606-c72f88245dba,You are so stupid with your stupid reels and posts!,1
66ebd914-e9a3-4865-8cca-1b64bc8dc781,"for this whole day its kept closing automatically, even though i re installed this app but the problem it kept continuing",1
433a273a-4f5a-4d4b-8258-6417ef28a7c9,❤❤❤❤❤❤❤,5
d57344b4-af52-4e49-ba14-ad7a84cc934c,ek number,5
9f0e632c-3b93-43ea-98a7-a6428d19709d,but my view' not increased please help,5
fce8d801-8126-4cfb-bd26-da0ec8ebd593,I love it,5
6c907844-af85-4e59-bbba-4d0cf6db0af6,Instagram is 100 time better than tiktok,5
043046da-7970-4ca0-bfd8-3f3fbddd37c0,😎,5
e332cd6d-1299-4e16-9cf4-ab2e285270a7,loveable great experience,5
e029005d-c565-4ddf-9b5d-e117930d430d,good 👍,5
62614eb3-2921-4ab0-8503-0f782b226fa8,same issue happing with my id it logout automatically and after I try for singin with the correct password or email or my phone number . its still showing wrong password. today is 10 april and its happening from last one week ... I am trying one more time because my id is 3 year old id I have many imp chats pic on it even I am login an another id its still showing wrong password I request to INSTAGRAM that please help us for it 🙏 otherwise its a very good and safe platform for joy😊thanks,5
44ddc0d2-462f-4aa9-8a3c-6e33848dd112,very great full,5
8dbf7d17-a2a9-4824-b31b-ebd4970910fa,great app,5
33417433-6256-4236-aaea-3727e41aa75f,it is good for teenagers because it gives them knowledge and motivation,5
d79cf771-c4a3-4fb8-b22d-c47540b64fc9,very good app,5
897bc5b6-e42c-4d82-aecf-83ba89769689,worst experience my account was suspended without any reason,1
0eb45e46-22d8-4482-803c-35c4958bde69,good experience,5
1a8d13bd-5aab-4805-88e3-0ef432bb9722,"mast app hai bs meri sari I'd ki reels ka like, seen aur followers gain ho aur jo mai post karu vo highest upload ho aur sabke feed me jaaye....",5
80d5a161-31fd-44e0-b87c-10e4c8afd00c,this app is crazy,5
cd28bc3d-f861-49d5-bab7-b602a6002deb,I am not happy with the service. u need to solve the logging problem now or I'm gonna case against what I paid for instagram,1
a049a098-f726-437f-80a9-8b40988e478d,addictive,5
0f09aa6c-99d6-4155-8946-534a59d71ce1,good,5
97ce04ba-b445-4233-a802-d5a015cef534,worst consuming time always plz focus on studies,1
1b640c63-6f48-4f34-afd6-f52bf76e0435,amazing and connect with all person,4
9f2a4b01-31d9-4833-b677-5b93277644c1,"you all delete my account, I don't even do nothing, I didn't break any rules, since I was a ""bot"" when all I did was repost song reels. ??????",1
584461ae-f60c-4f11-97c5-ade32dba6c87,very good 👍😊,5
011dec34-6856-4973-9e66-291677319890,full entertainment,5
89b57486-dd41-4a2b-a3ad-b3cec0b03f31,perfect 😃👍,5
45b0ca8f-4d7c-4d86-a6a9-0cfc3a306ea0,nice app,5
7d2f814a-99e9-462d-8313-8697991b630e,stop changing your UI,1
cbf71a8c-325d-4e9e-90d3-a10d1f5da523,super,5
553145c7-f004-4350-93ab-3c87b1517fe8,giving good reach to new influencers,5
b1df9825-606b-4e9f-9fb6-5c8ae0fb494e,"this app has irritated me my main account got suspended after that my all accounts suspended and after that I am making new account that all are suspended Instagram please fixed this problem ,🤬😡😅😅👋🏻🤬🤬🤬",1
428e2bdc-572d-4f55-9f94-fa14128d7e7a,Instagram is a very very good app you can communicate to anyone anytime you can share posts and rise your followers,5
1432d85c-f685-4d45-971a-c28b39592996,excellent experience,5
b7f91d55-3bd4-4a13-a179-ccd99c39223c,nice and easy,4
2fc406e8-7cee-4281-891f-f76a9724e8a4,hate how it crops pics,1
b5ed8aae-8cdf-4788-9aa2-d24a67ef9db6,this app is good app use name a apps Insta I rate insta 5 start,4
17cbcea0-ddbc-43f3-b78e-5e07caca5be4,"“Dear Instagram Team, my account (@thvdyna) has been deactivated. I believe this is a mistake as I have always followed all community guidelines and terms of service. I request you to please review my account and reactivate it as soon as possible. Thank you for your time and assistance.”",1
993e127a-09fd-422f-9bdc-c7d18d6209a0,nice app,5
d8e521cd-4432-4259-9164-2ab747a0d7a9,I like it,5
9e246342-85fe-4ff5-9e8a-7d5d0250c3f1,banning account without any reasons weak support instagram is trash rn,1
a1ae494a-90fc-4cae-8b54-1b0ad93ab1af,"I got back in touch with my 15 year old son, and Instagram thought I was doing something explicit with a minor and deactivated my account, which in turn deactivated my Facebook account. I am devastated. I have lost memories, milestones, records, many other things that I have technologically recorded on my Facebook account and I am devastated. I no longer have access to the email account that the old Instagram account was tied to, only the Facebook account, so I cannot get the reference number.",1
84882037-7552-4a17-8f49-833853f1328e,I can't change my password it's showing unexpected error occurred please fixed this and the correct password also showing incorrect,3
0e889d0b-55d0-4663-9740-63a9389ed24b,it educational and entertaining,5
550a536c-1116-46d4-af15-733c86d6c3d0,they do not manage complaints well!,1
0708486b-d3c7-42dc-a07d-2778a055dc08,nice aap,5
7526a8eb-3ca6-4aca-bcb4-bc1e47f058e8,"They aren't sending any code and just saying to enter.... how it is possible? tell me, they are very frustrative I didn't liked, so disappointed 😞😞 i",1
f2a290fc-9160-4768-9415-c7041221cf16,always my favourite,5
4b3e6ab3-a45d-4319-8900-33bf7e73ca8a,"guys what's wrong with you, Instagram is full of bugs now",2
4dfcbede-781d-415a-8058-88f50b75d839,I made an account and had it up for not even 30 hours. It got disabled and permanently deleted for absolutely no reason. I read all the terms and services and I didn't break any of them. Can't even talk with my friends now. (I was patroclusmp4 if you knew me you can friend me on pinterest with the same user or on discord with 009n9),1
add316ff-304b-434c-842a-bb90486fa497,once u get addicted then u are doomed,1
2b4abb28-0339-4e7e-9b48-7e896d261ca3,exelent ♥️♥️♥️,5
79f396c2-3a07-4c0e-acb6-a845acfbd551,my id was suspended without any reason,1
eda3d04a-e305-42ee-8b1d-182d28f17a9e,GREAT APPS ❤💥,1
e049532d-3524-46a5-8975-1f556fde0305,thi app is so cool I like it thoda dangerous bhi hai but acha bhi hai 😁😊,5
2f16d3aa-c07c-42bc-8bd8-b62543a3e4d7,i love to create content on Instagram but algorithm should increase reqch people to create all type reels not specifically for niche associate with account,5
7342909f-0f32-4d95-b7ba-e64d181882fc,I was unable to upload video in Instagram,1
236d4520-fe8c-4066-ab37-348c1876db60,You have created my ID,1
58e8e943-9032-44cd-96dc-51b3d667b012,poor quality service,1
a7bbebe1-3079-4e4b-a94a-ab3a1d8dfa56,excellent,5
80329ceb-386d-4f91-a8f8-7958fef17fcc,best app,5
cb55521b-d42b-4c45-a8fe-9f8027dfaea7,good 👍 app,5
2e606e08-f6dc-41b8-a6c5-a8d622dabb60,super 👌,5
25a76c88-7d93-4ad9-aa5d-f42da6f89341,incredible,5
b4c29bca-8ff2-4a80-b0e6-dd414a04f198,it soo good and perfect 👌,5
cf76c488-3de2-4dca-b562-9e39a56fe235,Some glitches are during in app,5
42cca6f5-379e-496a-9f53-2e0f15f32500,good,5
6f68f393-5a5b-4672-ad48-b8d37128319d,chhhii 🤮🤮🤮🤢🤢,1
6902f39f-4785-406f-8cdb-86c543542eea,meri I'd apne app band kaise hogyi jaldi se sahi kro meri I'd ko pls 🥺🙏🏻😭,1
a799860b-c1ee-4b05-b103-990f6829af6b,👍 good,5
887a678a-49c8-49f7-9930-14b03bd43c8c,but disabling account has become a disease,5
0da9a0c0-85ae-444f-b1c3-58cbbf60eac3,"Dear Facebook & Instagram, Anyway, I used to it for just for fun and following years. It was kept showing 6 months babies. After, I followed some artist there and sometimes, I cannot save or download if I wanted to online. Since I was there user, After, I've followed the owners it seems like they don't have experience to have son or daughter. that's was interesting to me. I've noticed many celebrities out who are famous like millions. Even me, anyways. I want to delete my owns there.",3
64df3f12-d0cd-4721-ab8a-b2d15b83c9f3,"Destroyed since it was bought by FB now this is It's a great antisocial platform where you'll mainly see infinite ads, be manipulated and will be spied on including your private conversations, your browsing outside app and on it, then to be targeted with even more ads in the most creepy way. You destroyed what was good for communities and sinisterly used our data to sell it to advertising. now that the app is dead you want people to pay for no ads.",1
1be05ec7-f1d8-4ab5-9bea-f7961364b28f,"ads, ads, ads",1
b195cf73-163b-456e-a681-1ae38a42aba9,"it's a fantastic app for the best working on education, businesses as well",4
50f1f5fd-778c-4bf3-8169-ce395b37843e,it is very good app 🎀,5
0595d9ae-4bba-4819-809c-f2c22d2d04a8,helllw Team i was create many time instgram id but your team is suspended so i was uninstall instgram id,1
32480e3e-8a20-4060-b3fe-e8a3ecce7283,Love everything,5
77c005c8-b045-42ed-9b6f-0370819f6ab1,good 👍,5
17bba17a-3827-454e-83ad-1c2f15013fb4,zee pest,5
7c47fa17-5184-4175-a3e2-dc62c20c0fcb,very good,5
5316e96f-5eee-4898-984e-1f97fcb2926e,love 😘,5
f92c2987-1394-46a4-b218-f4a2786c5cab,nice,5
246969c1-1997-4696-95e3-86873bb99aa7,Too good 👍🏻🩷,5
0345e407-4316-4eb5-93a7-2a20b55385b2,fabulous,5
fb4dfda6-bed4-4f7f-b286-ea0ca3991784,dear sir ad problen solve plz sir,1
dbd1767e-be08-410b-8825-af7a7ec8c3bb,just owww,5
57ba9209-a00a-4e7b-b655-79bf8802f9fe,vere nice,5
740f882f-fca4-4e09-8478-7aad6fd63ba4,best in the universe very thankful,5
9bd8b232-23e2-4f65-a2e7-0b9a650297b6,good work,5
5196bd3c-d2a3-454f-85b9-fb968144d7a2,This app is not staring in my phone please fix this and after I login my account I sent my all videos and images to my friend it is not showing now please im requesting to Instagram and Instagram team fix this please as soon thank you,1
99570438-9915-4489-92c4-9ba122adca48,hard ✨,5
f202201b-22e6-4078-8bce-58ddd734c2e4,This is best🙏🇧🇩,5
051d6d76-be93-42d3-9296-ec63ef860d67,great,5
688ceb70-c557-4e6a-8fd1-85dc0e558a3e,good,5
86a5a34d-150e-4553-8f0e-5ab9cb97a423,best application,5
846ae478-968b-4530-a263-05c331c5ecdd,MY ALL ACCOUNTS DISABEL CHEATER INSTAGRAM,1
a09caae6-fa30-4573-913d-d28bc193001d,pissed about the end-to-end encryption msg being taken out,1
0915521f-c307-468a-8636-ce64ad0a23b6,👍🏻👍🏻👍🏻👍🏻👍🏻,4
5b011cf2-2e3f-4900-a8f2-d53def691171,Worst experience,1
81d8d93c-f6a6-4985-9cbc-246439ae2a36,How many filters,1
00377638-0670-4a87-8a06-b1912f795a6f,"really good app, i really really think that the pause button was really useful",5
14d65b7d-f0b8-4d93-bc58-c13f41282a95,why can't i avail my voice effect even though i updated my insta?,3
b81f28f9-b3d9-46f4-a941-af2105731ff4,This is worst app,1
cfc281e4-ce2f-4f56-86a8-99038837f6c6,nice,5
507668a5-78a4-42e2-854c-bba826bee97e,vayri good express,5
152c1b22-65e0-4a6a-8d29-a30400683044,excellent app especially for entertainment and knowing every news of world,4
32d5e356-0fec-45fd-9cd5-3ce40f6d2277,👍,5
36fa22cd-dd02-48c7-8041-b583bd90d1b9,I'm not a big fan because there are so many bugs please fix them ever since the new update I have been getting the bugs can you please fix them? uther then the bugs it's a really good app I definitely recommend it but there is a problem there are so many kids on there and I think there should be a thing to change the settings so that it's safe for kids to use - thanks you 💖,4
128f1b2b-8847-430f-9e52-536c6680a71e,good 👍,4
acfbb3c0-a075-45af-8bc3-9009ddf3a616,"The app is full of bugs, both functional and visual. Comments don't load at all until you refresh the screen, lists don't properly load likes/users, and content is duplicating, crashing, or going back to the beginning instead. The repost feature is poorly designed (dumb), with no option to disable it, and the positioning of the repost button is criminal.",1
d3a4a195-1eb4-4a16-8a5b-cb96d0f33786,Great platform overall. But please improve the profile interface because it's too generic looking.,4
b097dede-b0c9-453e-b3fc-251d0dc90ea2,👍🫡,5
5ee89333-9d1d-441b-bf07-7087a975a717,Meri video per views nahin a rahe hain Kya Karen Meri Instagram family,5
873d19a7-ee74-440a-b051-f1c3342db54b,o Instagram e eselente muito bom.,5
da7d7a14-1fa5-404a-a4c3-eeee2cd2986a,love it,5
76224760-3343-4ef3-baed-8d2dfa82509b,Thanks for this App 🙂🙂,5
e1502883-10f5-4610-adbe-23b81357cff7,lost something so important to me 😵😲,4
15ebf5fc-ab72-4c76-a184-8284529a190d,very good,5
d029704d-cc3c-460f-b034-b1a038bb974e,viral my Chanel please please,5
a1fd3925-c079-431e-b6e4-d053bb979bcc,Good app,5
087ab9e3-123d-4120-ac6e-67b4c30cf801,nice and easy app to use.,5
b88b1535-1a78-46d0-bf61-74aea58a4344,clock it 😅🤏,5
b3f6a79a-c971-4399-82be-c32759b8d267,❤️‍🩹,5
44a735a5-4ce8-432e-90ec-2107fe1ee295,excellent,5
d7937589-fd26-4c23-b94f-4d310485a244,most used app,5
d9e3c3e7-c062-4572-b5bf-dce40a273fa7,"I'm having this issue. So basically, whatever, if you upload a reels, it just uploading. But however, sometimes the reels cannot be upload halfway, leading the app to crash, and the video uploading process to reset. I try submitting report problems, it did absolutely nothing. If you're seeing this review, I recommend uploading reals that are 10 minutes or under.",1
469fea5f-45c3-4d62-980d-5c8af0eb02a2,after updating instagram desnt shown updated features why ? it will show one time after closs insta tab it wil not showing anything,5
221615be-0a6b-4ff5-9889-f3c6f11cee9b,"Hi Team, I have accidentally selected 'Business' instead of 'Individual' as my business type. Now the field is locked and I cannot update it. Please reset my payout account or allow me to change the business type so I can provide the correct tax information (PAN card). My account is personal, not a registered company.""",1
5a5b2f12-e407-40d5-9382-965762b19e13,best social media app,5
32a37393-0fcb-4441-b99b-30ea1abb2fc1,Id get suspended and not recovered 😒,1
d473a91b-b43d-43b1-b374-5325401c0873,good,4
c3152afd-574c-4b5a-98cc-424e8bed5812,best' app,5
027862a4-ed39-4886-bf56-1be4da07dce5,This app is full of bugs and glitches. Everyday there is a new glitch and it's so frustrating. My one account is updated and has new features but the other one is outdated and has no features... Please fix the bugs ASAP!! This app has pissed me off !!!,1
6aaa69f4-b16e-4be0-8506-6e45bc33bfd6,beakr app meri id sunsbend krdi hai,1
e9dbe1b7-e844-4b97-b0ed-eb34f1edfb7f,good,5
7a7bef30-57eb-4577-9710-f598fdfca598,it is an advertisement app that occasionally shows content. literally every 3 videos is an ad. not worth the time,1
c2d82205-601b-41ee-bb65-603aef145018,viral kro bss,5
30d8476c-8fa8-455f-8619-2904d8e43b08,nice and for quality 👍,5
c9455d67-c9e6-45aa-9c3f-fabf1f464c72,the best of insta app,5
d11ce120-19ad-433f-a558-324eb12a9fac,I love instagram 😍🥰,5
c4714534-17e8-4bed-b923-146734972e8a,amezing this aap,5
ac2b8884-ba4b-41ba-ae01-148c8a86834b,nice,5
4cec6829-7120-488d-bcd9-fef9fd3c696c,excellent app,5
5cec4e68-886f-4d3b-9279-b2ad3ba5a61d,it takes time 😭 to get installed,1
86c56ea2-7542-4bf6-af8c-2e0f838cdb66,"Instagram is a powerful platform for visual storytelling and staying connected. Its diverse features, like Reels and Stories, offer great creative freedom for creators and businesses alike. While the algorithm can sometimes feel overwhelming, it remains an essential tool for building communities and discovering global inspiration through high-quality content.",5
cf5d2367-b5b5-4329-99f2-61bf64c94240,nice,5
bfaccffc-aa0c-418e-b5d3-71780d184a7a,very much like this app,5
d2f51c37-c30c-4355-a102-c59f1d60057e,Nice app 🫶❤️❤️‍🩹❤️‍🔥🔱🫶🫶🫶,5
d2f583d2-6363-414e-a9e3-16dc34dfa6f9,had my account I used for years with thousands of followers and a blue check get randomly banned by the new AI. support hasn't done anything in over 6 months. My account is gonna be permanently deleted in about a week and all those memories left on there gone. Meta ruins everything they touch,1
4ae57104-75ab-429d-87e7-8bd0a1ce7b0c,a very pleasing and user friendly app,5
77df9e2d-a29e-4d66-96d6-c1cb9244d351,Ok,5
d2223884-885f-4f69-9e2b-0d33c54adfe6,this app is very bad 😬😬😁,1
f7072f3c-e24c-4b10-b597-09486b160649,"it's really nice, but you guys should minimize suspending people's page",4
80076e08-6d86-4c6d-80bb-ab783f626c5c,jindagi barbad kr rhi h isne meri,5
bb07a755-bef0-4053-bc94-3d9045c81cd2,Instagram helps me find new friends and know more,4
9cde5fcd-00cd-401e-9211-4e8110dba81f,nice app,4
cf18a28b-22c7-43f0-b372-384001885351,Nice ❤️‍🩹,5
34be5782-8f2c-42bc-b0e1-dc287f7e5b9f,good,5
a101387d-eacf-45d7-a754-6e79010837f5,good,5
08a281cb-dfe5-4722-bb0b-b3a8bd035eff,best platform for success,1
940c78e9-8486-48e0-9d79-551cd58eb4c7,fantastic and fabulous,5
d635a50c-a59a-49e3-a978-16370bea941b,good app i am very happy 😊 with enjoyable platform 😃,5
c2ccc8c9-57d8-4730-aa1a-9b1c77081ca9,good,5
e6d29b5a-3c81-4cbf-abc3-79d7308a6080,no words 🩷🫶🏻,5
a2b4221c-e682-471a-8002-ea687799375f,its a great app,5
2d5e49e9-4ef8-4a65-bfcf-7859f18b13cd,Fantastic.,5
f1fb3d7e-776b-46c6-a900-2a7d357be9b7,this app most interesting contents in the app,5
01f1dd62-bc1f-4b6a-84ab-8466f0978a90,it's fun and helpful!,5
7146f2f3-5a51-4797-8baa-4140eec85285,nice,5
931d6f4e-1fd9-4b29-80d5-575fa77918cb,very good app,5
2d622262-6591-4cdc-8ac8-87b0f4ece14d,❤️‍🔥,5
df7533e2-ada1-4a17-ba05-d2b440d7a27e,🎯,5
966be40e-c512-41d2-9f30-acb6719192d6,Iss app ko install karne se acha kuch kaam karo.,1
d5ffdbbb-b317-469f-b2c0-d2226211a3dc,nice app,5
feef8cc5-fa0c-4efd-8c7e-ea765984554a,good,5
485d8bf8-6bda-439e-afba-1e3f80ec167d,very good 😊,5
e0b48ba4-1fb7-446e-b58b-957bb416c54c,MY FAV APP,5
f7ddef12-017d-4300-84a9-1acda1fccdd0,"features like Broadcast channel, img in live are not showing",3
2f623fe8-1c38-4ded-a8dd-e5139cac9946,"I have tried for months now to look / share my memories, and it won't let me. It's getting ridiculous",1
4c62c767-a207-485f-bcb3-ad98b031b667,ONE AF THE BEST APP FOR ENTERTAINMENT AND COMMUNICATION AND A LOT MORE❤️‍🩹,5
6edfb5b6-001d-462b-91b5-aa6504da4e9b,"I am literally seeing reels in between my ads .what a wonderful update can you please remove the in between reels that shows up, then it will be better",1
43a32e98-a411-4058-82be-100c60b0b754,"Instagram is very selfish, the Instagram team has suspended my Eid, don't use any Instagram without any reason, it is very useless, Instagram, give me my Eid back otherwise I will drop your rating and everyone has uninstalled it. 😡",1
c116764a-6e28-4cc1-82e9-edbdbf0ef752,my account will be band please help Instagram community and recovery my Instagram account and help me please,5
a00241ea-cda3-4046-90eb-4d4a50cf8b71,I spend my time here and there but when it's was insta it's always a blast,5
9bfad1c0-1c10-4f50-a167-e88001aff22f,"This is the worst application because no matter how many accounts you create, they will be suspended.",1
26434e85-0b77-405a-ad47-ed525eb9536f,those who uses this app is purely abnormal,1
800c9452-74c6-405a-bed1-74849e13327f,Greetings Instagram Team My accoount voidvibez.wav has been deactivated and I have tried every possible way but not able to get it back and I believe this is a mistake from your side as I have always followed all community guidelines and terms of service.,5
d66b0290-ac78-49c0-9120-0294a9957a12,best app ever since I downloaded it I never stoo using it my no.2 most used app,5
11848947-26d0-4365-a909-20a1b4f45193,this app is very useful for me.,1
31972914-3127-4c17-a79c-25fb1eefb863,good,5
2eae9c33-7ba8-4305-866c-4b0b9b0cc8f7,It's good for timepass but reels come consistently,4
5df2abc8-7717-429c-951a-398181409429,good,3
2291129a-b51a-4d87-9c63-aeaf4bf9b051,nice 👍🙂 apo,5
8a4695d2-685b-4c54-bd34-6bba7d1fe33a,wowwwwwwwww,5
dcf1249d-7e42-4834-983f-c68541d13aa6,i think it's useful for me and others to make friends and watching some reels it give some knowledge,5
b301977b-8fb1-48cb-a7bd-dcc7afcd62f2,Super app ❤️,5
01a7502b-4f93-421c-bc1e-137c88838144,Acha hr,5
1ac4285a-66e1-44ea-bebc-aabaeb9ee0ed,the best reels app,5
a0dc7388-2ac0-4e0b-838b-2459e238c34e,very good apps,5
bbc65023-aa7b-49f7-a28f-54d5994d5f4b,100k view,5
a766d9aa-a4f6-48af-860b-d6433d4ad8a9,nice app in india,5
b415e85f-09a3-49a0-94af-8b2b17d2ffe1,best app for photo sharing and time pass,5
f3f78677-4403-4414-9e04-f471ce52d223,🎯,5
cfad3c9b-a6d8-45c8-bbf4-1e2b43985d7a,I love you,5
1fd90b9e-6d01-491e-9255-a53269787fc9,it won't log me in on the app but will on the browser,1
6c01a86e-5016-4701-9f09-40b40e31e926,nice,5
5d074a0e-0d0f-4c31-9136-2370690fc6e5,it's amazing than heartbreak 😁,5
19267f22-d315-4452-8545-4e97813edb55,nyc app,5
818f76ae-95df-43cc-aed4-e3a243ef508a,the best app,5
588eac3d-a60b-4b73-9ff7-8feda62d266f,having so much glitch like i can't see the repost option on any reels or posts and not getting views even when I am not against the community guidelines please fix this issue.,1
a42f5515-8ee4-412f-a304-b46e86ac52c9,🩷🩷🩷🩷🩷🩷,5
77cbae54-d440-428d-bef8-31fb9e2a7d9a,so many update,1
df22c8bc-7a21-428f-891b-8a8bf30d99ea,Better Content 😀 I really like it 🤞,5
35883362-609f-4b73-860f-a557d9053cce,mst time pass,5
a9dca749-ef9f-4a9a-ad11-9c066efbe4c0,good app...but not viral my post...plz viral my post and views 100M+ and grow my follower 100M+,5
f84dad74-ee48-49bd-b2ff-4e3d55ad8714,satisfied,5
5c0123bf-242d-40ce-ace1-9a58bd67eae2,nice,4
239f2102-b772-4a6b-a640-855fc01dff36,Instagram is a interesting app✨,5
60a4d785-9709-4787-8e08-098e2d3374bd,nice app,5
8ef29314-ae6b-4f18-8b8b-7d28d58817ca,"5 min ago password was changed on desktop, now mobile says incorrect pass. Really Horrible!",1
3134216e-81c2-4a4e-84d1-2668341dc9b9,wow super,5
5d3d04a8-8759-49e0-a54a-3eea27db2a7c,account vaspas able kar,1
87ddf634-6b6b-4d33-a756-e5be74e3882d,doesn't update,1
6bd3a5ea-fefd-4c83-9129-5006272164c6,hello instagram i have a big issue. my instagram id abhinav.is_live is not opening please help me and give permission 🙏😭,5
a9902ae7-42a7-4754-85fa-dbe15a431c16,for some reason I'm no longer able to pause reels. This started about 3 weeks ago. I'm currently using the latest version of the app.,4
2ee5b140-1ab2-4aa9-be6f-24fa5f3ad6b5,ye ap bhut timee waste krta h use krne lgo to time hi na chle pata,1
83d0da24-a010-4e27-bc24-6757e6bde518,"My Instagram account is currently caught in a persistent loop where it is being disabled repeatedly without any clear justification or warning. Even after I successfully appeal and regain access, the system automatically disables the account again within a short period. I have followed all community guidelines and have received no communication regarding specific violations. I am requesting a thorough investigation into why my account is being flagged incorrectly by your automated systems",1
09d86292-0e99-4c73-82ec-6aeae721ef4e,Instagram is only way to be enjoying watching a short vedios and photos that's why I really like Instagram because Instagram is the best 🤩,5
0736fde0-6970-4c16-a68b-d28750298978,wow this app,5
245c6aa1-52b9-465e-9264-ed0dc30d7c1f,"After the update, it always exits the apps suddenly and can't come back for 5 minutes.",2
4a7febcd-8318-4af6-a9f5-92bee99a80ff,"""I don't like it because Instagram only lets me use it for one hour and I can't go beyond that.""",1
df29d213-0f6f-46ab-8ec6-89d903a34fa0,bhaut accha hai ye app,5
d64c2743-7033-4a07-8563-6f0e18ea4efd,cute nice,5
ad9ebeac-0901-4bc7-b731-d2e18ca6b4b5,it's good,5
57d60663-a72f-48ca-80a3-96dd32329b15,in al qawlu qawlu sawarin 🙂‍↕️☝🏻,5
ee561e27-1647-45bb-9f1b-ddfe129af9c2,bhai yaar ye bahot kharab kar raha hai ab k time me mera account ban ho gaya sirf is liye ki mene 2 account banaye the esa nahi karna chahiye tha yaar mere bahot sare important contact the sare chale gaye meri to like identity chali gayi or ab me sab logo ko vapis dhundh raha hu nayi I'd le kar 👎👎👎👎,1
326a00c5-0c20-41be-9820-797054fb2bee,I don't like this app because the algorithm didn't push My reels and it did not give me views in my reels,1
1d21e166-5597-4343-a140-138f7c868294,chal nhi rha hai koi bhi id nhi khul rhi h,1
bdccfe36-d8c1-447c-99a8-1c1c97d72e6d,it's an greattt app but I want the vm effect chipmunk+other I've alr updated but still it's not available on my insta please i want that,5
4a38da5b-145c-48e0-bd3f-d99c821f73c2,super 😍👏,5
0d8dc4e1-2c38-411f-9935-db02c0450f9d,Great,5
933dd9b9-61ac-45fb-98a8-0a1762997ea2,good,5
6bb9e61d-57b8-47f9-a272-9a3fd3b81f2a,best 👌 online app this app is very nice and this app is good working 💪,5
1bf5b489-6905-41c3-83db-5ea617d5974e,wonderful experience ❤️‍🔥❤️‍🔥❤️‍🔥🫡❤,5
ed9f021f-4bce-4c94-830a-a59eba2798cc,💞,5
33561150-4a44-4beb-ad9c-3eeff93857bb,best,5
043986e2-a1ae-4af6-8768-de0b7faa4cf8,There is not music option appearing in story option. Please help us,2
179e62ac-40ca-4933-887f-5649970d3405,very good,5
9802d9a8-2487-401c-b892-ec5d1e6e8b75,lovely 😍,5
3577656b-6c4d-498e-897d-0856889cece3,Great for artists and photographers,4
471fe407-fa09-4ca3-93cb-30e8b4657ff0,The best app,5
2eaff6cb-4a1c-4f74-b8a4-62f2a7fed197,insta ke bina din hi suru nahi hota,5
c3203b0b-1fe0-4fc3-882a-71f73537b534,very usefulllll aap❤️‍🔥,4
37dc77e4-4850-4cd8-90dd-186d29dda38e,good,4
7e0e7142-7fe7-4d4a-85cc-8966f7cae298,గుడ్,3
2c1025a0-6eaf-4293-8db4-92446292ba0f,Good,4
b960c587-2726-43ab-a51f-74b5d0416772,Just started with Instagram kind of hard to review with a new app.,5
80eec510-437d-44bc-9b64-bde48845aa9c,my emoji & reactions not visible to me when I use this app,3
8834eef7-b07e-4d9f-9f7a-1950cdd1b46a,good 👍,5
7463ae5e-d543-4bdf-a181-287cbafd5845,fix it right now because you are allowing other people to do it and your not looking at your employees and also your rules because there are other people doing it besides me so remove where I can't send a message until tomorrow,1
d44fcb6b-358e-4ae0-9a2b-3c39e3f2ceb3,"fix your report mechanism, I got suspended for no reason",1
bb035bde-e50d-4923-b543-35a702c8e548,It was okay until they implemented unskippable ads,1
aaa52cc7-f7b6-481e-b7a6-12f6d2fa6169,habit,5
d8ad6842-2f56-4f86-8b9a-c858d74cac9c,🤟,5
f360b855-7588-4928-bf97-3de63f8a664a,not happy features,1
8241395a-1a9f-4b59-be35-df99c9825b6e,Excellent app,5
d22c8869-19ca-4b71-839e-197b16424084,exilent,5
9256fbed-5854-46d7-b87a-4a58e5915039,supar aap,5
3999642d-3522-4646-a165-4e62d0ca2216,Nice,5
3dea9b84-28cf-4856-a55b-c2d7fadb3408,good,5
f71949e2-f124-41b3-9e61-4cc258174a28,naic ap,5
3d5d8139-b48e-4fc9-bab5-ff5f1137528d,Best,5
4f458aba-f4e6-479b-a069-4a1dda88083f,good,5
b66e459f-7193-4e72-acc1-206bc175b042,lovely experience...but now.posts are not.getting views,5
d3fa3e0c-14f9-4655-aa2a-6f85e452ae69,Adipoli,5
50dea127-e37d-44d5-86b0-3d47f0427399,👍 👍,4
51908551-4420-4728-9026-695521231b73,good 👍,5
1e6e4f87-a785-42b4-9f54-e8586adef4c8,I like it very much,5
26f5cf5d-ef9c-4e48-ab3a-6f5f3d8aed8e,bekar hai,5
cecc3064-6607-4fd6-9cb4-6e11dba46ed1,best app,5
7d8c12a3-f33b-470d-ad6e-e186b1a31b99,good,5
fc3c95a7-e7ad-4d4f-ae88-33b8ded0bf03,very bad app... wasted a lot of time... keep your kids away from this apk,1
22612c2f-5290-409e-a6bd-2fdd36fd6a37,It has tight security and it's adorable ☺️,5
7c52fedb-d049-405f-aba6-45c00f4f4268,🤌🏻,5
8b0a0d00-685a-424c-b643-426d3b843e3a,wow,5
b5d38a9a-dd55-45be-812e-cef466e46904,my account not start on 2 weeks instagram please help my account open and support m,1
14474be9-9648-4f9e-8f9f-b93efa984f97,v interesting informative and enjoyable app as well,3
d4d14336-9058-4eea-b0df-1eea5237579b,love you,5
4a650fe6-3db3-46bd-b265-f2a60ee4cb1b,Mera login nahin ho raha hai,5
f6edfd9c-2ccf-4c39-9a31-2c81f65ea37f,bad app that I have seen ever,1
e7a5ef7b-ed96-4dbe-bd63-e72be8045c87,Good,5
4f084fe9-08f1-459a-9129-8579d2070ef5,very bad is the Instagram is not used please guys very harmful effects,1
372067a3-57d1-4152-b646-886ab0749b4b,Nice 👍,5
18f4c9e5-d719-444a-81e7-0fb0cf442a74,"This is the most disgusting app in history! I don't know what's happening to Instagram!!! It deletes all accounts under the pretext of protecting its community and claims you violated its rights, but we literally didn't do anything!! It deleted all my accounts and my friends' accounts, what the hell!!!",1
89fb999f-ef5b-432a-a444-f927135f345e,As being a teen i rate this 10 out of 10🫶🏻🎀,5
172702d2-f053-4520-8b67-aed359a6f379,my account was suspended please help yng.gatishh__,1
4e337b12-a019-4590-82b3-27eab12a1d96,3rd best app on the planet(my opinion),4
7c514e00-7103-4976-80de-109c21201d3e,this app is a true base aap we can find our partners and many more things,5
ac7e8266-8000-493e-9a1d-ac805b58025b,too Mach good experience,5
3b3f9d75-8020-4384-a731-7c7cf6aab531,nice 👍🏻,5
96c83f1d-222b-4b90-a82f-e642ffb9411b,it deserves 5stars,5
ad940850-3b39-4ab7-a8fc-851f771c4236,The reels progress bar is glitched it doesn't show up until the comments are opened and closed.,2
8f6f61c9-4d36-4d3b-a91b-78e9c8a5f5b3,it app is best,5
2e700ba2-d78a-43a8-9766-a69ee40c91c7,i have to get distracted by seeing who liked the post everytime its annoying,1
8f6af2e3-43b0-4b31-a862-32a8d6699949,nice,5
ae829cfd-564c-4c40-ae3b-cfadaa738e1c,A lot better than FB,5
2b4faeb8-a156-4f35-82f7-4a2c1e6c02c8,I really love this app,5
1ae1483a-07c3-4fcd-b378-d046b86e0300,I can't login my account please help me,1
5bec05c3-7375-4e44-8f3b-343b170cccd4,do how many times I got hacked in this app so I preferred 2 stars .,2
00aa322f-f20b-454d-bebc-6d0f0eb17422,love it🤍,5
388ad935-d555-45a6-916d-97fcafddd4cc,"​""Absolutely loving the platform! It’s the best place to share creativity and connect with like-minded people. The new updates are smooth, and the interface is very user-friendly. Keep up the great work, team Instagram! ⭐⭐⭐⭐⭐""",5
a3d6cf97-f739-4f56-836f-37ab9644703d,"my account was suspended, i barely use Instagram. I'm considering deactivating my account.",1
d43ba5c2-87bf-4272-a2b1-3ae6619fcf69,Editing of photos.. poor. Spam constantly and sites for Border Collie 'etc hijacked with porn.. Don't bother looking at a follower site.. Ha good luck dredging the constant click bate and mis direction.. It wasn't ticktock because it wasn't but no more.. Sad but true.. An art and picture site ruined by greed.. I suppose it could be worse barely..It nearly is though.. But I'm building a bunker and putting tape over my camera like the boss Mark.. But apart from that Meh 😕.,1
1d7645c1-17a4-480d-a184-44f025072a50,"“This is the worst app, just a complete waste of time. But earlier it was very good when there were no reels only memes and we all used it to chat with friends.”",1
6bea360e-cf05-4bf5-9d93-47269c48408e,Super,5
f9f026c3-cc10-453c-9730-4e0c71262fc3,Hi guys love the app💫🫶🌹,5
d6e362bd-d8ec-401d-b517-3f5a02ee0dd2,not work,1
7a260dae-ec28-4968-87fa-00247c767874,"My Instagram App is closing by itself. I did all I can do to fix it but nothing works. Please fix it, ASAP. I need your response, ASAP. 😞",1
3d80b87f-3e96-4c8d-8478-c24fc5510c36,🤢,1
8efac60c-7762-4e82-b0a1-8a7af0f42487,This is app us good for beginners of editing I loved it ❤️❤️❤️❤️,5
ec5f8be7-6ad8-447b-aef8-18fda47d2838,good Instagram,5
3746f0c9-1ec6-42ae-b1f8-3f019e1e47c3,amazing app 👍,5
05795bd2-ce1a-4ae8-8e80-b1dbe9fc89c9,good app😘,5
7e653814-bc66-4ed7-85d2-91da728f235c,this is always supporting me,1
2167048f-b48f-442f-a28a-72a09d917c2c,waste app this is my account is banning allways but iam not do any thing mistake waste app,1
a0a039f5-e12a-46da-849f-ba5aafe1342f,मम फ,5
04cc95b7-d2f8-4977-a675-7f98a43fc048,very nice app,5
40f68f02-6fe7-494d-a2de-2391ade3cffc,"I don't know why this new update brings a new problem, when we click on notification form any page it's not opening.Also in older version has new notification bar but its not showing now please fix as soon as possible",1
198c2f04-d3a5-41ce-ae56-2b33ae2230cb,hahah my account got disabled bacause of false accusations,1
df5a4a35-72fd-4093-bc0c-eb27705d51c7,so many ads are coming on this application,1
8956a30a-4595-446e-958c-471d6b089471,"""Dear Instagram Team, my account (@spideyy_zoneff) has been deactivated. I believe this is a mistake as I have always followed all community guidelines and terms of service. I request you to please review my account and reactivate it as soon as possible. Thank you for your time and assistance.""",5
ee0bd654-1a38-4416-a973-151f879b09ad,it's such a great app for reels and best for communication,5
2356175d-85a4-41b6-9312-0d3bb38a03ef,"I am disappointed with Instagram. My account was disabled without any clear reason, even though I have always followed the rules. I have never posted inappropriate content, sent abusive messages, or engaged in any harmful activity. Despite being a genuine user, my account was suddenly banned and I was given no proper explanation or support. This kind of action makes the platform feel unfair and unreliable It's hurts my ego, and that's totally unfair Very poor experience. I never use insta",1
501024a2-4784-4d96-8ec8-339d5304192c,instagram is a great social media app 🙏,5
28c195c0-192c-41f3-bce5-34fc58eca70e,very good,5
7076c3ea-02cb-4e36-85a7-dd7ee2f6b9ef,instagram team not showing comment section,5
b4cc1081-d69b-4a12-9f92-823a3cb6ea00,Heyy why are you always suspending my all accounts.I request recover my suspended account please 😭💔,1
1ddcbfba-a075-49c2-9a74-93f1dd4d993b,the app is running smoothly,5
14fe320a-de90-4a4f-a42a-e73af2b62da8,very good app,5
3889f540-eebb-4861-b49f-e53ad362f714,not vad,1
35b57e5c-07ff-46b2-803c-283000dcd16f,Rewarding,4
781bd561-007c-4b39-ae53-d972e40eade7,loveee,5
cd5be342-1f47-4344-874a-20acaef0f899,best,5
5079b6e1-457f-46a3-9a76-4ef7f5c36141,my experience is good but isme chahiye and lock karne ka bhi option hona chahiye,2
16db3f65-2dd2-4a3e-afae-b9d0fe3a935b,Good,5
9624ac11-8e21-490f-9d2d-5824ada9fb19,it's app very good 💯,5
fef84116-efac-42e2-8e89-3eb71d99bf12,Nice 👍,5
86b5e98e-b175-45be-9d07-95e36b52e6e2,ดี,5
cfcf0c54-66c3-4e87-9e7a-4336b5c2ab85,"The app allows all kinds of fraudsters to keep their comments up but they remove my comments saying its spam. I literally answered a question in the comment section: ""will you kilI your favorite person to save 100 people?"" I just replied to this saying 'no i won't because im born in this world to live with the people i love...those 100 people won't be grateful even if i did'. And instagram said its a spam where im trying to gain followers and like! Wtfff???",1
da1dfd7f-2470-4408-8aa3-8aad54f4c372,more data is needed so I don't like it much,3
064398e1-c189-4f47-8029-5052d4b5e3ae,This app gives me a stratified while I am using it. It doesn't have many ads.,4
28309dbe-ca12-4978-aab4-ebbfa93e6ae2,nice app,5
962a3657-5280-485b-879c-0a54478391d9,good like 🫀🫀🚨🚨🧠🧠🧠🧠🧠🧠🧠🤔🤔🤔😎🤳🤳🙏🙏🙏,5
13936ef3-ecb0-42a6-a0d1-439fb0fc5aba,very addictive 🙄,1
293785f6-ffe1-4181-a9bd-48ea3efb5308,Excellent 👍,4
6f2b61d6-e153-4a51-9e6f-ba7061e0b3cc,♥️,5
7c1f1006-0a26-4c8d-b692-6fd6e2403f40,this good app but this all peoples fake but app real 😂,5
4adf6986-10f9-4b92-a4cd-7d8c7c9aa476,good experience with it,5
01ddbc55-0d84-4aed-ba64-f25f25cea86b,best app ever ✨,5
d3786a0d-a31b-49e5-86cd-3e02e0251196,goob,5
43c62819-790e-421c-a68b-ace2c9125ba6,mujhe acha lga insta use kr ke,5
30350a80-77f1-4d21-83d8-1e90f588a208,it's the best app that kills stress,5
6893ec50-7497-4518-8fae-28da5fda03c3,the best app,5
8ac7c9c5-b6c0-49f2-8fed-59e32bc3a05d,nice,5
8fa26a6c-90ac-4243-bd52-46f36a78351e,This app is good for every content creator's because it has a lot of downloads,5
c41a558e-38ac-484f-9a06-8ad62350927f,this is amazing app never I seen in social media helps us to learn relation everything,5
1b269e4c-d7b6-41f9-8229-b3242c96bf93,Good,5
6ae0b1b8-ac74-4e34-9229-226ef2b917c7,I hope if instagram created a feature where publication of likes and comments on posts/reels was optional. please bring such privacy features!,4
4f12c648-f86a-4cfa-abb8-656927bc3466,This is a good app I agree but it has to many bugs and it needs to fixed immediately or I'm never going to use or support this app like I used to,1
4b89d18f-30f8-4c1b-acb5-baed5496f814,nice,4
98127157-a6d4-433d-8a43-c9af1982d4e2,good,5
69de121d-1ce9-4e78-a187-ca6d5f14b563,best app,5
e2e0677a-8361-4d91-b92f-f61484a08dbc,good,5
28a3b1dc-0e67-46f4-8bd3-d2f26deeb273,eta onek valo,5
5efb435a-c720-4b40-993b-5b0d234640ef,kindly remove new update plsss tea without screenshot. 😭✋️,1
4c6316b3-8936-45ab-8ad1-e466b2945937,good,5
f6c234c1-3cab-4969-8971-ef78d58eb756,cooooooooooool,5
9d4c3c96-39f9-4010-b5a6-2fb68030b198,reel are stucking without internet issue,1
0d6edcda-da29-48fb-ae6b-7d9d01a9de2e,Good,5
584ca600-bdf9-45c9-8f77-0b30c79e88ec,nice,5
a3788e73-017a-4e2a-82a9-db602333d039,like comment,4
95ba42ce-a4bb-4fba-a2c3-500a65b67bca,best,5
88b80313-383b-40a1-a124-f6450c3644ba,best for chatting and influencer,5
e5047348-42b7-45c1-85c4-c1064e1b61eb,💞 I love insta,5
72e83d01-a84b-46ab-9086-bb523ba2e22f,Good bt It will be good if the chats remains even if you are offline...,3
d6eb4b7e-f445-4d7a-ad77-2cbfb9f0bcab,This app is extremely annoying with its ads.,1
ddb85792-636f-4bad-b925-01b1b989e07c,"i wanna talk about a really serious problem. basically I made an Instagram account I was using it and out of literally nowhere it got suspended? like hello? I made another one this happened again. I kept making new accounts I make it my main I have my highlights,followers, friends everything and it gets suspended for no reason at this point I have made so many accounts and they keep getting suspended and it's getting annoying it literally happened just now. I need my account back.",1
9ae9ad83-bb0d-4d72-a441-ed07e1a6d224,good,5
d09d5da3-5fb4-4d69-bf5b-5c1a2daf19c4,weast your time,5
4319c996-f889-406a-8302-c4ba5108aeca,"Lags alot and always restrinct innocesnt acc, my friend literally did nothing and got her acc banned 4 times or so, i suggest u stop banning random acc and actually take a look before doing so",1
f2fbde1e-6485-42af-b058-d656a4ccb860,good application,5
8bad1b42-c70e-4ad8-ae60-d9e65a29ee00,good,3
e221508c-b0bf-483c-b123-d40fe7c6bb37,waste Instagram account What happened means i have account but in account i have old number and gmail address can't recover my instagram account now how to Link my new number and gmail address i want my account back also please i want account back please trying to recover my instagram account,1
34e0fb51-872b-439a-8e4d-249183734af0,I love this app,5
f6c6def5-3c29-4c78-bb2c-92c1964e1cd6,good,5
fbd449b8-86e7-40e6-8058-79831d103381,very very very very very bad spp,1
1d2463ab-0fd9-4557-9898-8c83407eb879,I can't hear the singing sound when I'm trying to call I don't know what's happening.,5
a1296a14-2766-45cb-a36e-4b4ddd90e597,good,5
3ad4dd41-a2be-4304-870b-fff7ee0b3fd1,the ap is not the chod dond use Any student but this app is very bad app so use and don't miss use,1
65ad9ce3-a7db-4975-ad13-80bf4d63a75b,nice,5
a694c3f9-0f8d-48c8-9a1a-a1f6e0c50aec,wonderful 💯😊,5
350dd20d-f02e-4dc3-b3a0-37c3bc313e03,"I really don't like that your friends can see now which reels you've liked. Since I did't want them to see it, I had to go to remove all the hearts. Manually. Another thing is that almost every post is AI slop, misinformation or deepfake. it's disgusting",1
4f7da7b4-90c3-4ef0-9ccf-9a4cf50a36d4,too many ad's,1
6c56f0fc-c3ee-48e9-ae4d-83bce6874565,best,3
dada0be5-cee1-42ce-9931-f10ecc286dd8,super maja aa raha hai 😅,5
2e06ce55-1bac-40e4-9f59-61321d35b90a,mind blowing app,5
8cbf18f2-a1bd-4f6f-8863-495e80bbad2c,I have good experience i love this app,5
4d4e1ccb-7683-402b-9ada-4a90795d1785,very herd work,5
c8366096-181a-4a21-b3e2-31663a840033,kaam dande par Dayan do ye app apko raha se badhaka hai my opinions 143 joke,5
a719a589-b677-4724-95e3-b3f81e027b3f,favorite,5
382acfb8-cc27-4ab7-99dd-2a0ccca5dacb,nice ap 🥰🥰🥰🥰🥰,5
ab40879f-90d4-4450-8956-0017ead89d9d,very nice,5
084a88a2-23a1-41a4-afda-bb70734eca5a,best ever,5
c9856ee8-07bc-4fc6-8dcb-a6c5031fb5d2,good,1
71af0c4a-5460-4cbe-83b2-2f12c8973d3e,love it,5
b3a1e827-13e0-4b61-a349-311dc3531c5d,too good,5
a71976d5-c12d-4615-a704-58078ddf4262,very good 👍,5
b93b6018-4c47-4fc9-a4a7-fbdf12f49b97,zero rating deserve insta gram no reason but disable my account,1
4e5eea32-ec1b-48ef-b1c9-2a08aade4c4d,🤍,5
4e493c97-e67d-4ee1-9c26-49beeb476c3a,best social media app in world 👍👍,5
9ff2912e-1ee8-4790-8f24-8f7d38e937a1,best social media app but my bad I'm not use instagram.😥,5
b8cae534-8062-4861-bbf6-a546db8fccae,Bhot hi Bdiya app h ye.!!,5
3e6530e4-46e4-453f-bf8a-7239ee76f841,I love this app,5
7560528c-2546-46db-b23c-b27d9129ffcb,plzz support,5
33bc0b0c-f4d9-4329-bcd4-097ba1fea3b8,I love the app it's more better then tiktok,5
db4e80d5-f050-4e9d-8553-3c7faa503f76,👎👎👎👎,1
e272b4e7-3715-4ca8-9ae8-afa28081953f,Nice,5
61df72a5-bbdf-49a0-a014-2072b5005130,very very nice social media app,5
6e4078d9-25e4-42ad-a07c-113812e95fed,"Reporting comments or accounts does not give any results. it's a very non transparent system , especially if people are abusing in any language except english, instagram doesn't remove those comments.there is no accountability,even if you appeal ,there is no place to explain your grievance and who is looking into it? Instagram is basically encouraging bad people because they know action can't be take against them. especially when they are pushing ai so hard and they can't address language issue.",1
b78e9cb1-9f6a-4120-8482-accf1e9d9265,★★★★★,5
13b95002-d6c0-49b5-95e6-14cc4740988e,oru nalla app eathu,5
0dd0c986-705f-4b93-98a8-0cc982701e12,like you,5
a56d8d11-3745-47cf-8cf3-525a37c93e42,Now i lost all my dm..what the heck?!,3
dd543a31-b0f7-48aa-ad88-7c8887757a8c,Instagram gram best app and free fire best app,5
165afdfe-8b5f-4dd6-bcab-a7c0677dd84c,very good,5
9d4ff470-274c-4ba4-8e39-84721e704ccd,muy buena,5
30244c7f-c306-4db3-9704-68f93b8e8bce,nice,5
c6466933-fe43-45d3-8a74-1b4f9e00e536,instagram is best,5
b12afa36-6ed1-49a5-a6c5-120fcac1bcdd,they recently removed the on this day function and I'm pretty bumbed about that,2
8f921680-5747-474d-b018-85c17ce9569d,no word for this appl very very good,5
d9878cce-457b-4fff-8ead-b687a68434be,good entertenment & share filings this so better,5
e76ba4be-98e6-46c5-8ba4-067faa5218f5,"They killed my account for no reason. It was literally just 6-7 photos of my car. I had to upload ID and verify, then nope, still gone. didnt even share any posts, just my car.",1
9a80ad8c-693d-4361-a7ad-d1c09e9938e3,nice,5
7c902d0f-6dd4-4c36-8462-4c2b6cddcf61,Are ye bhi koi poochne ki baat hai?,5
ad827ad0-f034-46ac-9f51-928a563d2868,one of the best app for entertainment and learn somethings,5
a04dd1da-2303-4f04-9c52-90c0d81347b0,this app is very good social media,5
81a911b0-158b-4429-91b7-58dae2b0cb0c,😯,5
8c7681a0-b899-472e-9c15-9befd6a9c11e,good app btw,4
d1efc566-728a-4de0-ad4d-0ecf89278af0,👍💫😊,5
ff176ae4-d74c-4f9b-a81d-116c45f67120,This is such a good 👍 app because This gives to much protection privacy policy and good settings this encourags us to do some creativities.❤️👍,5
ca139f0a-b72e-4d45-8753-2ba2bd9f116f,please remove the repost feature from reels,1
aa2d4650-4d1d-442a-9b4a-355b51ff9507,Instagram is very good app,5
5d14b128-cb64-4b8e-8350-7b7f11f10ae4,Best chatting app,1
de1a3451-7244-41c8-8cf0-b81ab02b8308,best app of play store,5
963c0492-6570-427a-beb7-fb3a007e5cfa,💝,5
9ef01e75-e3b0-4f91-8028-f04df9a74a66,🙏🤬 small kids also useing,5
ff6be349-120d-4a92-953a-d0295db4f3c9,Is the best instagram,5
d28c34c8-0882-463e-9081-d224509720c6,GUD,5
c3b6281b-8304-4a72-b41a-0947969aee85,best reels,5
26ba6517-0751-439e-a5ef-a886ffb27d0c,good to grow everyone,4
87bea2a1-f25c-4de1-871e-34954ffe6e85,excellent 👍,5
9644c2ae-a1d7-4266-a6fd-ba58101cf8d4,"simple, I like it",5
2382c4dd-9c1b-421e-814c-501995cdad4d,i will salute really whi found instagram please keep it up and run for more than 100 years becayse this is not just a app its heaven to me and here i will msg with my wife and share photos,5
ea76eb3e-0391-4b82-adf8-0735546d61e7,"Quality pictures and videos, image editing is good",4
9b2d93ca-7215-4061-8d42-f7cb7b72e2d1,not good,2
3bc89061-ff8f-44cd-ad84-8331626c8c84,ok ok,5
cd2e82b1-986d-4ea8-be89-1d9aab74a5f0,video viral kar do,5
cb562621-ab6d-45aa-820a-74064a0ab88b,am very good and sociable app❤️💯💯💯💯❤️,5
9b66b210-caf7-474d-978b-bae409534997,Please add a note feature to Rails Note the questions,5
edf78431-1f08-49e8-a9c9-183e7b8a9c3e,fantastic app,5
fc4154a6-d5ea-48d8-bcac-78628e426f67,My insta app didnt work help,1
c0f16d22-8faa-4e91-8e03-95117c152111,best app,5
60e09c06-8f59-4b1b-a8bc-416c1b26fed1,why this app is not getting updates????I have been logged in for about a year and not yet updated.uuuhhhhh so bad,2
b008405f-a64b-4ee2-aaae-0f28b9b2e7c6,Aacha hai,5
804df374-0da4-460b-9b83-09a8fa46b380,good 💯,5
a4647fa1-c7b7-49d6-8d96-64f23ff03d0c,goof,5
737256c1-8ae5-43cb-aed2-ececd110e881,😗😄,5
1094de77-215c-4b0f-9440-69ef3ba4e340,good,5
444e0969-7704-41dc-868e-65d0e2436538,This Is Very Useful For Knowledge And Enjoy by Video's,1
684c3b74-6681-49e2-b45c-1fc77262a288,nice app.,5
9074efa5-54e5-49a5-bde0-a90c56e53ba4,informative.,5
84fad8b9-ea14-47a6-8d94-3af10ee2d38f,best,5
c68eed1c-28bd-4c2e-98a3-06153504664b,good,5
eed06ca1-c597-45df-8fb1-7d30e62c6b30,This app is known as mini chrome,1
43fa8546-8fbc-415d-873b-d1a4a1340457,This is my fvrt app. i love it! ❤️,5
c2a9297e-1a62-4009-a248-5704026725c3,plz fixx 90 •/•percent reel uploading problem . my humble request to meta team fix this problem 😕 immediately,4
ea06d664-a486-4939-94d2-d71457ff4e57,best app I ever used ❤️❤️❤️,5
1ff47299-4281-4138-89c2-20784aa54af3,describe the extent of area is good in this field of a Market I like this app reels is so good but too many ads pls fix this problem by the way this app is too good i recommend this for 17plus👍,5
f6ea3288-7756-415f-8651-cbc30418c02f,very nice,5
3a7ad557-5170-4cf3-85b7-3fb4a838a7c3,please viral my reels 🤧 __grik__z,5
9f0d3323-e684-421f-8587-a296a96ff103,"Instagram is a very interesting and enjoyable app to use. I really like the reels feature because the short videos are quick and entertaining to watch anytime. Besides that, I can easily view my friend's live when they share their story. The app was so friendly and makes it easy to stay connect with friends and share their good memory and the last one. It's the fun and have smootb social media experience.+++++",5
3ef73816-36d9-4431-996d-33777d6325a7,this app is enjoying when insta feed is clean,5
76f9271f-7fb0-415f-b742-d53f77cc7364,why are you suspend my I'd with out any voilention,1
0e0ea62b-49dc-408a-8a53-7b4dc6d9cf8f,It not gives blue verification,3
3dddc4ff-b6d6-405b-b021-564f8e0a42d4,awesome,5
72dc496c-1bd4-4a8b-aa80-f351ed35a11e,best,5
6aae663a-f3e5-48d7-b723-37bfba46d319,🥴❤️,5
95239b3f-3771-40ba-bd2a-c0fe908837d8,Instagram is The Best All Are Download,5
08755526-958a-43bb-adf1-a1888881e269,best best app,5
94797795-1952-41e5-b406-04d57b5b6b92,This app very disappointed me because the team of instagram are suspended my account due to no evidence and reason 😠 and whenever I make new account it will also suspend for no reason,1
68bda0ec-775d-44b0-bd91-257b686757cb,amazing aap for my small business,5
e82f4045-7ec7-4a96-9ea0-9d23d02e786a,mast app hai ho ke banaya hai isko 🤣,5
b2f397c0-510c-4f2c-afbb-ba886e97eb69,💖💗,5
8c300806-9a07-44e0-88a8-83f32dd8fa41,reels viral kardo,5
6df8c078-e27a-41f2-a966-e063aa9fdfa1,nice,5
fb043960-0f74-4ccf-96cb-ca536b89ee13,ok ok,4
0b8670f9-e773-4766-bed1-2307290d26b0,good,5
acad6db8-009d-47fc-8092-61d1e7ee62fc,বেকার 😂😂,3
a7d5ee81-62d2-46f6-8843-57d890e9d4b8,now i hate this app so much! i got disabled for no freaking reasons! and everytime i try to login with right password i says incorrect everytime!! so frustating,1
d414a131-95d6-476e-b3d7-383028f58c2b,nice app,5
57ae4465-8a52-4e65-b9c0-daefaad8ae10,it was so good,5
f6b50d30-4707-4209-a041-c033b5bfe140,network connection problem,1
4b2e70e7-f4ee-4713-867f-d660dc37df19,i hate the new ai bots,1
417b756a-c044-4c1d-946c-5ade50c30a4e,"My 3 Instagram accounts was recently suspended on April 7, 2026, and I would like to respectfully appeal this decision. I believe this may have happened due to a misunderstanding or an automated system error.",1
d584089e-1c87-4be7-aa2f-963697e29807,👍,5
42705a9c-98ec-4e09-ac93-99c421b4d1a4,my favourite apps,5
c8e0bff1-3b17-4073-8caa-21c64504d538,Very good entertainment app and also earning app,5
a72b16c0-3714-4bb0-b3ba-4cc602f5313f,very nice app,5
5168c669-19e4-450c-8a98-05047d202b02,plz include ip emojis in instagram,5
dfecd624-2e3f-48dc-a7e8-5eb2476ffab0,so... nice story post app,3
093c24d7-79d0-49a2-8fc0-bd90b01b8bd4,thanks for me for viral,5
6ba65c8c-7bc9-4b78-be9e-4f7ff2a03eea,life something better than nothing,2
aea41500-10f9-49a9-8cc6-affb4c721db2,nice app 👍,1
b964bb99-d80b-48e0-988f-472328254a25,👌,5
6fd69aac-2c25-413b-a227-59494852f48b,my id rekabar karo dangarousravi4,1
e5242dcc-008f-4f20-9f52-5f5c7a892a43,plss id recover I'd name funny_vlogar_3537,1
b141999a-2936-46bc-b8d8-cbaea1fe8728,okay,1
f6fda819-18a3-4994-9250-96278fa409c4,everything so cute,5
5fc39a59-6439-4c0c-b568-eb4336fb13fe,1 star because they started forcing adds on me,1
78f3b5c8-96de-4e66-b4ef-dfc6fe3dc169,passport Dene Se kyon login nahin ho raha hai Instagram,2
5fd06297-8074-41b2-99a7-db537530de70,🥳,5
d9116b4f-c29c-4e59-82bb-626d76d84d37,can i give a review without a star,1
5a68ec9c-9e69-4638-94d3-42b13d0791e6,it's good but definitely not children under 9 yrs or 13 yes,5
6fbdd91a-b093-4c9f-b1f7-67281c6067de,😊,5
da5d384f-7eeb-4a40-815a-01232e995942,so nice 💯💝,5
eb29318d-7893-4340-bbde-509607124ea4,Its more advance,4
2b2cf3f4-7bfb-4d17-92b5-037398d4eecc,Instagram bahut Achcha Laga bus ismein password change karne ka option de do,5
98a1b0b7-2280-45ae-8572-b79c489a0436,update issue 😞,1
09294020-285a-410f-8d74-c36282e1d4bf,good,5
e9392224-7e4d-49d4-a594-d2044a1234a5,it is good it shows entertainment video but sometimes kids see the videos they don't see but I like this app,4
51b007a4-efce-4928-9467-5ad60fd342b9,excellent,5
83802b70-32b3-4bdb-830f-3a1a705596e0,It is good 😊,5
b5a521c5-3771-4bcc-b8d5-1452012f38a2,good,5
4de50537-bb72-4898-a374-70ac19b0e350,nice,5
11b66c7c-f864-4319-b91f-c0be36d56f42,nice app fo enjoy,5
4861c093-e08d-4122-bdab-5be8eeb730a8,best aap,5
69d16cb1-ae7a-4bc0-b4bb-608d1a5e1f8e,chill man,5
6ad0b32f-e87a-48cc-b03c-d74134ca6edf,why the hell did you suspend my account for no reason?! Like I just opened my Instagram and you just suddenly suspend it!!,1
a7f16d2e-9294-4480-94ba-23cd9d5f71b5,this is wonderful,5
e0bd7f4f-1b2d-4d67-9e3f-cca359e3805f,this app too good,5
1eff431e-d380-4353-a684-854bc126a963,👍,5
b3a5aad8-1334-4547-9fa0-c2fdf9c15da4,👌👍👍👍,5
d81f4e9d-69df-4dab-bc18-87246ef89a47,There is a bug where if someone dms you a reel it will not load.,2
8c36d5ba-ea6c-4ad3-b55c-1e786471bf6d,nice,5
411733b2-1829-47fb-a76f-3c30e9bdb3c4,nice app 👍,5
72906d98-612a-49a5-888c-ddd878853dcd,"Amazing app helps connect with friends and family, generally entertaining to use",5
61911e69-ea62-4073-8c21-c7914763826d,bro good,4
f49ff17c-610c-4802-9493-a2623890adbd,"Please, Instagram should add a feature where when we have blocked someone's account, in the block feature we can also delete the account that we have blocked, or the block feature can be hidden directly.",5
a34ba5ac-6c17-4191-b3a6-52165c9f08ec,meri reel viral hui to tujhe rozz rating duga aur rozz use kruga 😁,5
8f5487e2-90fe-403f-be38-360b2f925830,🔥🔥,5
7d35e472-4edf-434a-a7fc-32792dfd5ffc,loving it,5
da60e993-c708-416a-a116-0da234be0bf0,👍🏻 𝘷𝘦𝘳𝘺 𝘨𝘰𝘰𝘥 𝘷𝘦𝘳𝘺 𝘸𝘦𝘭𝘭𝘭,5
7187aae6-81e4-4460-bc94-75cc7e9d537d,bekar app h,5
0fb30569-db05-462b-831a-033450917cea,Best,5
53572e5b-ba55-4974-b840-0c661b2e80f3,this is very poor this app specially designed for your time pass,1
8e65e6b8-3397-4bde-9787-d26d19f3a357,very good,5
3b95a888-27b3-44b8-b85e-94588f5c19c2,good app but security issue,5
03abfc24-dd01-4c63-9828-ffe7d58689ca,good,5
8863cce1-0af2-43dd-a886-64d87a241b2b,good,4
56bde675-871b-4fe7-817d-3b727e7df998,"The app is good, but there are too many ads now. Sponsored posts appear very frequently and ruin the user experience. Please reduce the number of ads.🥺",1
de688d38-e383-4505-8b62-ca929a1c1464,"I love, I like and I enjoy the instagram",5
36830aa0-4d0b-4084-b448-090281758242,I loved it,5
ad4adbff-eb1e-4360-a271-ce111370fdaa,best for me,5
8e264eaa-eb1c-40cc-8278-50891666e59d,very good for be famous ❤️,5
0222ccb2-6edb-4f8c-834c-704bc3c073bc,nicee app,5
a0cc4917-7052-49fc-9977-d15bd671ae61,nice,5
ef61d68a-81fe-4244-8517-d94af8faf731,nice app best apphi is the best app in the world thanks you instagram,5
aafa2932-795c-4773-a781-74c52f2e298e,not loging in,3
bf7d3e00-97ea-4597-97aa-86fc3894ae46,it's a good app but i don't like the new update and why the hell i cant repost things and there some ppl so disrespectful well ik that almost all app have those ppl,2
60bebedf-a690-492f-ba58-b30bc15c8919,bad,5
3315f4dd-e119-432e-9cbd-e050c279beb7,it's really good you can also engage with your fav creator and you can also earn money though your content you will also get to meet with your new friends and able to know about new things,5
20c5077d-76e4-490a-b946-e464f811611a,with out any reason they disabled my account,1
bf395e80-dedc-43c3-8292-cc419897e3cf,it's very fantastic app I like to use it's has very funny and horror and dramtic and emotional I love to use ✨✨❤️❤️❤️,5
abf9c239-f926-4449-b6cc-74e257f9d94b,bahut acha,5
73587aec-fccc-4ed5-b677-9ded2082e388,story quality automatic down 😶‍🌫️,1
9c1a6bcf-b904-4f56-ab2a-912e0afdb2e0,Good,5
376b6f1b-bfb7-4021-bba6-6dbe33c5333d,"Just like gaana this app also getting worst and worst by every update, first asking why u not interested, then asking everytime saving and now asking everytime u unsave post. Also new algorithm for reels is just worst like it will show so many reels which i don't even like and no matter how much u like your interested reels still it won't last long like 2 or 3 then again they start showing rendom reels,im just getting bore in inata.reel was only good features and they ruined it too.",1
78675ae0-b9ea-4812-9b4d-6df57cbf2e23,"Instagram is fine but it shows more advertisements than reels and my feed is also useless, I don't know which reels come, I don't like to see whatever reels come. I would just like to tell Instagram to provide good reels and reduce advertisements please 👍",4
246d550a-d49b-440c-9b3d-429abbb33cd9,nice 👍 to,5
adb2e9ba-4838-4f23-94c9-4ff0260092a6,ok,5
57a821ff-937b-466f-a149-a9860eeb9199,exalted,5
58f807ce-1e82-451a-88d7-4574d1c14af8,an unexpected error occurred please help my account back please insta next time I will be never post again please my instagram account is back 😭 please instagram account fir se dila do @_99.ro,4
bd847a78-98bc-4a70-a7ce-7262a5724c32,the best,5
b132fb35-6ce1-4cd1-9d09-11190d09eed4,very good,5
e681e39c-e00d-471a-8cbd-65843ecbbe0d,nice,5
e96fa8f4-d2a5-4f10-8ac0-ef6d302a4000,wow,5
c93adc4c-4b40-4e41-b07c-68c42921a398,nice app,5
c7e8796c-fc80-4294-aded-7e39b478ab5f,best for time pass,4
3cc0fc17-06fc-42fd-8c11-4260f7779036,currently when the reel is playing you can stop ot by clicking like TikTok I don't want that option just play it continuously,5
9fe84b73-d944-414f-97a3-451b846f890d,"So now you're forced to watch ads - wasting time on the app while already wasting time on the app. ""if you don't like, uninstall it"" I totally agree with that.",1
30893082-dcd2-421e-a384-bff7e6f89a41,my favt app😚🫶,5
0a9041f4-2862-41d8-9fed-a8d0b6c0c40b,logo se baat karne mein bahut achcha hota and apna bread built kar sakte hai apki pecha bada sakte hai,5
54496f13-bf92-444d-9ce6-6ee2bac144ac,dear instagram my account please back me,1
38eb710e-e80c-477e-af4c-506a5d4e50e9,thanx bro es aap ki wajh se girlfriend to nahi bani par galt friend jarur ban gye hai,5
c2682978-8054-4915-90a0-0b2247c7735e,v.good,5
d1dd59d3-aa55-4949-aa95-879465fbd2b0,Good 👍,5
4e09bde6-dfc4-4a6a-a7d8-3934bfddf6a6,its a fun and creative app for sharing photos and videos. the stories and reels features make it exciting to explore new content everyday.,5
604b0b74-409f-48c9-b0f4-ae6e948351f0,send my reel to public,5
91731bad-cdf8-40ff-b2a5-53951c3723f9,app not working,1
40c56310-e267-485c-8f9b-aafaa0f144e5,very good 😊😊😊😊😊,5
aec00975-b767-4e58-b591-f8fc515a47a7,why my account is suspend for no reason? this is 2nd time my account is permanent disabled. why this happened? thake action on it.,1
9c6a0958-f118-4694-9ae9-936ded622bad,lajawaab 👏👏👏♥️♥️♥️♥️,5
d23085b3-f229-4aac-a267-d864157282d6,many complications to use now,5
08a17c47-e3c5-42de-9615-beb14b26fdf8,"This platform is extremely frustrating. My account was suspended without any valid reason, despite not violating any community guidelines or using any third-party apps. This kind of unjustified action reflects poorly on the system. Please improve your review process.",1
ccbeb887-b9bd-4840-8c7d-bb02e39e301e,good,5
b3513347-825a-4add-b941-65d7c2e5d38a,awesome experience I love instagram 💕💕,5
a46ce366-460f-465a-851c-db28160930fe,outstanding picture video and quality,5
a497052f-14e8-4b53-a73b-e7d02f983cb4,my favourite app,5
984b8612-68fe-4d41-8afa-37237aa80ed8,"I can’t log into my account even with the correct password. It keeps saying “incorrect password” every time. Username: __aditya_o9 My account is still visible, so it’s not deleted. I already tried resetting password but still not working. I don’t have money to buy another device . Please fix this issue.",1
4da01171-d3ac-46f1-a80a-13e4e0bf924f,nice,4
b1ee2762-7a70-4df6-983b-a76d98060987,I really love to scroll the rells and I had made many great friends online here 😉,5
d94f0c9d-d7d8-4a85-8b65-910f0c0cb6fa,account on ni ho rha mera,1
897658ad-5922-4cb7-a95e-dbc67284d9af,good,5
34e7077c-c5e4-4e95-9ab7-551820c838a2,it was veryy entertaining 😌 good for private messages and relaxing reels,1
e4323b4f-914f-4c3a-ba73-5dabc8c18896,nice,5
02df022f-c8d7-47d3-b957-3a2fba531c80,okay,5
8d3076a4-d877-4cae-b721-23e5405fce87,best,5
a3e782bc-b097-4266-9d13-f40674fabd84,best app,5
67ad68b8-2061-4f99-bf1d-a3256c683eb4,it's okay 👍,4
807a5bb3-691c-4790-bc54-9bc3931efa87,enjoying app,3
19d62973-1ffc-42d6-a5f5-a1ba83ea04d4,best insta,5
af6806c9-4747-4699-bbdf-f401a5bea2ba,good 😊,5
8a464556-db87-4c2b-b030-2435fba5add8,my account has been deactivated by instagram for no reason.why?,1
e467e8f2-faf2-40e5-b6f1-444d4100bb0e,excellent version,5
45c452dc-bb66-4e7f-88ad-ba63c1247379,"Instagram is easily one of the best social media platforms out there. It’s simple to use, visually engaging, and constantly evolving with new features like Reels, Stories, and messaging. I love how it allows me to stay connected with friends, discover new content, and express myself creatively all in one place. The interface is clean, the app runs smoothly, and there’s always something interesting to explore. Definitely a 5-star experience!",5
d6bfd131-f8b7-491d-a3f9-d85e93a0a400,i have 7H screen time on it....now think about is it good or bad,5
7215c497-d284-413a-a171-577369a858d4,good 👍👍👍👍👍,5
d058c261-091a-4d06-b1e4-8a2214f4b640,very good app,5
5710604b-1fdb-4abf-bf25-a13f2ae93c72,excellent service,5
e10e8527-9a52-42da-b1be-321a08cec11c,Hello this instagram app was good previously allowing creators to support but now became bad worst not even me to allow a load a reel or videos If I'm creating its not working any thing I upload it not allowing to upload though I has net it making me fool no net problem app fedbut my account problem of shooting a video no sound alsoi I make report they won't see n won't care like YouTube asingle time they resolve all problems here no care for any complaint very difficulty with my work reels all.,2
7ce08e3d-7607-4950-a65f-f60a5d84bea2,good app but hearmful,1
24249f0a-2f45-48c3-8eeb-7880b39a1100,it's very useful and I used this appp when my mood is upset💜🌍🥰,5
bd85ab92-292e-4644-97f5-b97a443699a3,best app,1
619ec59e-3f5e-4f3f-b84d-d5362aedd59c,this app no 1 app,5
d5914416-f7d2-4e8b-b9ce-04f593850513,amazing 😍😍,4
278b37d2-d528-4fa3-9145-fe5fa922c5f5,"Instagram keeps suspending my account even though I literally did nothing wrong. This is getting frustrating. I’ve followed all the guidelines, didn’t spam, didn’t violate anything, and yet my account keeps getting flagged for no reason. It feels unfair and stressful, especially when I rely on the app to connect with people. Please review your system because it’s clearly making mistakes. Real users are being affected for no valid reason. I hope this gets fixed soon.",1
c978b873-d39d-4e32-8b81-c7bac213327b,good application for reels,5
b068ee5e-f747-4ceb-8f0d-146c0fdbd5f9,good,5
f4906a90-feab-4394-b28b-f8ab7cb23dc3,Faaaaah,5
721805bf-1ef7-4eaa-8449-208c3650bc5b,good,5
82d92ce0-26d3-401b-b76c-4a0046528e5a,nice ❣️❣️❣️,4
eb5fc582-ef02-43e0-bac8-b8f9f8d6bdb6,Favorite app obviously ❤️🙌,5
1a222201-3791-43ba-b085-588d2c8e2418,very nice 👍,5
37922eb4-e060-4c8d-bc17-28190d5cb1e6,very nice 👍,5
79f64003-69a5-44c4-9ff1-e63442287ab1,❤️❤️❤️,5
a43cae87-4da0-4c95-af93-24d7d6535f80,loda mashli application,1
6dacb16b-38e2-437e-93bc-2c02755729ff,best app,5
d2d01de1-d848-43f8-94be-b6cc849359ad,it's a good app for me but they disabled my old account but it's okay,5
ec7d55d1-39d6-431b-9792-eaafd07ed351,good,5
8ff601d8-27f0-4df6-979e-a44aea73cd81,good service 👍🏻,5
c2e76c35-7fec-4d08-892b-b3f333440107,excellent ❤️‍🩹,5
b4f034e5-3638-45f0-ac08-11f4d8a84610,Best instgram in india,5
81912e3c-8a47-490b-8901-41a160724730,Instagram open Nahin ho raha hai kar do please,5
e0f22d55-84aa-4533-9a3b-ba7bc7f70e42,💗,5
6658abdb-9429-409e-a2c1-f52e5ef85fcb,Instagram is good 5000 followers my account,5
420f109f-0b4e-492d-83b7-5aa7e2809f67,mere liye ekadam mast,5
6ff2744f-bd70-4837-b161-8e6aa5b11e03,bekar app,1
db46ebcd-67a6-4ba8-a61f-a70496509ca4,very good,5
3825fbe5-e40d-4764-b6b7-dd9b54ce3a17,best app,5
ad87606f-8425-45b7-b65b-cd1546daa54f,this app is very published,5
f2773d80-cdec-485a-b0be-7e897a050584,it's time uninstall instagram because of instagram end to end encryption,1
74082ece-7073-4e13-a24e-a46f3e13490c,amazing,5
1aca1165-ca44-42ed-8e11-7d65cbf1c848,very quality,5
2e8bbc1a-71b3-4bdf-8b54-a26211279ff2,amazing,4
51eb09e8-758e-4dd6-a4ce-846295679107,woow,5
e0352683-7db7-4ad8-8a12-560d73240dd6,Insta is not at all spprtive I have been trying to lgn 4 the last 7 days but am not getting any reply to my email and am not getting any OTP,1
15a38a6c-6208-4102-9706-819edc3df80f,very nice app,5
2135963b-1169-4eea-b6f5-2a354474c8af,wow,5
82048519-bc4a-481a-a619-a9b1a8a025d0,this app my no reels scoroller option not avaliable,1
bed7f777-7eee-4fa0-a58f-1f686a32ae13,so beautiful 😍,5
5e4e7ad9-534c-4f4a-b940-6a38a2bd5585,not good settings,1
4aaf0eac-de4e-4386-a408-0c813b38c7e4,cool,5
7389d24b-a916-4d3c-939a-5ccbdba8bdea,good,5
00207ae9-da0b-48d8-98b7-267caafa94e2,vgood,4
608e82c6-92c0-4767-bb6b-ca2f141730f5,"my instagram id suspended without any reson And I also appealed and then my ID was disabled. I am not happy with this thing, please everyone delete your Instagram, there is no benefit in running it, they are closing the IDs without any reason. 🙂",1
e008906d-e574-4b10-9aaa-d5a2754f7302,fek Instagram,1
32d2df62-e8c4-4c5e-b153-fe2a49d25271,"Subject: Report on Instagram Login Error Despite Correct ID and Password This report addresses an issue encountered while attempting to log into an Instagram account using the correct user ID and password. Despite entering accurate credentials, access to the account is being denied. I experiences a login failure when i trying to access my Instagram account. Even after verifying that both the username (or email/phone number) and password are correct, the system does not allow log sagarmittal03",1
dbc84ce8-efe1-46cf-8d40-077427ff820d,Govinda,5
93728591-f08c-4a79-9d27-5f3b6cdb84a6,best app,5
eb10129a-38f9-46ec-b61f-1f72dcb4e7ef,nise 😘,5
33e7bc6c-d8d2-4518-b29a-b0231309ea1a,Basta maganda tumambay sa ig,5
2752862c-b9ee-4eca-8579-1401aae3bb1a,The loading is not even slow—it's non-existent. I can't go in any profile without lagging,1
d4705231-b321-464d-a7e5-53f4720f1b22,"i'll give it a 2 because its so irritating that my second acc got all the new updates and my main haven't even got a single update, ALSO I CAN'T SEND VIDEOS. plus effects won't work on call",2
ff38f06e-830e-42b1-bde6-40186027e635,amazing 😍,5
2fb0ad56-933e-47ee-af4b-6a59ef4f9d4e,amazing,5
6681be6f-487a-485d-af55-02442172d8b1,bahut sundar platform,5
b60e7984-52f8-4780-aaa4-000703e75ad6,good,4
58c60081-ae4c-424f-9d6c-2634c6e0da68,One star no apps work,1
f0b65bcc-5df5-433d-b621-67b6b79d8d41,REMOVE META AI! stop relying to META AI that much! you guys keep on suspending/disabling everyone's account. Fix this problem. i hope you all know how many people dont wanna use your damn app now.,1
4cfe398e-039e-4a05-acb7-8d7a88afe6e8,good,5
ba4a52b8-c033-49f0-b89c-5f2057c6f0ec,it is very amazing app I love it 😀,5
0e48d1dd-8234-4cc0-8fbc-7eb27ee72ff8,awesome,5
71c9ad82-5bac-49cb-8995-e9a1e5ed6dc7,instagram is very useful in our daily life,5
1a57b2a3-f645-4322-83ac-061006ec68bc,"Difficult and counter-intuitive to use. I have no idea how to simply access reposts. I feel like they make it difficult to navigate to get people to use it for longer because user time equals money. However, the muddled app design it made me use it less",1
9bc1246e-b474-46cc-93b0-4ab3b00db182,this app is very good,5
b346e132-0d87-4859-a27a-d1861b6f9b22,thank you,5
e2bcaacb-85c2-4d7b-a02f-25a6004a521e,very bad application,4
4cf82dc1-c23d-4928-946a-3f6e025f9191,super 💯,5
60a1642f-e605-4fea-947b-549aeff63240,🤣,5
0da52290-42f8-4c9f-be30-2532870b75cd,great 👍,5
8008956a-aaa1-4c34-8007-c23ad99aee28,it's really awful! I got banned and lost all my accounts for no reason!!,1
e9da448d-f1ff-478e-aefb-b23849145f99,the comments can't be deleted unless done from a desktop computer.,1
e38b9c54-83b7-42a0-9eac-ec3c2bbd69c8,Nice app 👍,5
c7b0f722-74b2-4016-9a28-18171f5a9680,This best platform real creator,5
7eb0ee4a-8a86-4f87-81c0-62972b95aae1,Nice,5
f829922e-a816-4b0d-8816-4415c8c73e17,NICE AND EASY TO USE...BE READY TO PAY ME IN FUTURE ❤️✌️,5
40feb877-ebb1-4b5c-8daa-e2814ed8fc82,wow,5
c661be2d-f571-448f-9e1d-709075f55001,the instagram is very useful app I like instagram,5
5c7f9488-9008-447e-9cdf-0770a3e2c071,my dream100k followers in Instagram,5
0d7c24bc-8886-48d4-8a6d-7ebb0e7abfcd,its good but no more views,1
cebba1fc-e2af-4317-8140-b61bd583fc90,This App is very good 👍,5
b2c69320-070f-487d-a8fe-837f7e381037,nice,5
aa7c4c99-1a6f-4c52-afe9-b974ed2c8760,good Great experience,5
76d37083-c27b-463d-bf53-4a26734b861b,Thank Instagram😀. For Instagram I can connect with my friends,5
3cc855a1-30e9-4e95-93bf-cfd58752a4f6,worst service,1
97ddf6d0-3994-4134-b498-7405b96de7e2,good not bad,4
c91a6584-9f84-4adc-aa20-5e1d66526fc5,Good Experience,5
17162de4-2a1d-4b59-82e3-e343a2c9cb0a,This app is so amazing i love it so guyezz downlod now 🫶😎🤞,5
06cfb4bb-36b3-450b-bb34-34d49469f4c2,follow me 🙂,5
b203b8bd-c230-4dc8-be9e-814679d52939,i love you Instragram 🥳❤️🥰,5
02365d63-3f19-49ad-834b-8233e9e35879,with out data ke bhi chalna chahiye insta kyoii kabhi kabhi imoortant batein karni hoti h,5
c5574859-babf-4414-9159-d5dacb2efd7f,nice app 😍,5
dfeb2d9f-cb8d-4317-94a0-2c1804120204,over lag this app,2
842531f8-0164-4a00-bd9f-820c65664023,every thing is good 😊,5
2146e209-c22a-4b89-af23-fa154edf2e35,thank you,5
ae5f006f-3a09-4cb8-9501-ebfa32dd61f0,very good,5
8803a311-300c-456e-8c8e-08093b922c0a,insta has worst adds like sexual promotion. prostution promotion and adult promotion.. and I fed up with these adds. I have screenshot some adds for post here,1
1df0e025-53f9-4b0f-80bd-07db0306b73b,"i hate the ads and non chronological flow. was much better when there were no ads and things showed in the time they were posted and not by what Instagram thinks i wanna see. 4-9-26: the ads are so I trusted sometimes I cant go more than 1 post before 2 more ads show up. I've started blocking every ad and I'm upto 500 blocked, who can beat me on blocked ads....",1
8ce7ae70-9e01-42c6-a94b-070f5a533539,not updated,1
56906a1c-274d-4d6a-9f87-a76ba28ad240,amazing,5
0ea3096a-e078-4a17-a880-4bc9078c3a35,💕,5
15835cc5-1e84-4e2e-911c-161dab02879d,"everything was best nicely entertain , but why not instagram make a download button only for public reel/story that people posted ?",4
474230b2-b4f1-47c2-9157-55f5577ab9d1,"my acc was disabled even though I'm doing nothing Suddenly they were disabled even though I wasn't doing anything to violate their rules, suddenly they were disabled! Very trashy!",1
2fd66a32-b5ee-4a75-a877-71414672f1f3,"I am using Instagram since 2 year and I dont have any issues by using this,the platform is to good 💯😊",5
8fe4b880-d86a-4a9a-bd05-b5c2a176cd5a,i love to use this app i share my posts reels but they don't reach to peoples🥀,5
2de6e34b-3085-40b5-89ee-f9abaf347dc2,this Instagram is everything to me it's like combined of TikTok and Facebook really good 5 Star for meee,5
9fbd6226-0416-4714-a7a3-e31b89c7cc1a,cool,5
4a5e58e9-3cad-48b5-869d-492f9c9d5dbe,🌷,3
e938d343-b534-4e71-bf93-bc1e503413e7,good,5
3863b847-9237-45ac-9967-683369f4b094,awesome dude,5
b6e1b460-d1cf-4fd9-86e4-af38a8619eba,"nice,😊",5
7a288cb8-bf5d-4627-aa0b-fed0f4afc756,how do you change your algorithm Instagram 🤷,3
12f93204-707b-4e30-914f-7cbb2be10fbe,bahut kuch nahi🙅🏼‍♂️,4
8a76be75-5c50-4bed-88f6-8e1b7f012d09,good,5
891a221a-d53e-455e-b46c-ac8d53dc6ddf,my account Instagram bar bar suspend kar deta hai,2
48363b0d-215b-4772-8faa-9c014a454153,plz remove block option,4
c6a2bf59-daaf-4d3c-b3ee-9a420d249e01,love it,5
6b9eee79-7f9a-45f7-a58e-97373e31da74,so good app,5
6f62a834-acee-410f-b955-2945cd023771,nice app 😘😘,5
cff261a5-473e-4095-9419-fe65596b1193,nice words 💯,5
028d7038-fe7a-4d05-96a8-315ec91b1d1b,దిస్ ఇస్ టైప్ పాస్ యాప్,5
1dabf9d2-dc2a-45b1-879d-c1ab2906bc9d,nice 👍,5
4b2a5db5-4b3f-4956-b152-aec104b7e45f,All problems one solution ...in the field of fashion is my dear Garima😘..keep your efforts up.....best wishes from the bottom of my heart..(kavita chauhan),5
090dcfb5-0d0c-4a71-b2b6-f99d315634c3,It is great!,5
2ab4b859-4940-463c-b248-4cfce3a20b85,nice app,5
3cb7d98a-ab0d-494c-8303-eda400986802,this app. allmost best,1
2accac0e-73c2-47f8-a573-745bc66521e8,the instagram is an inspirational app and helps you to move forward in future through reels according to your emotions.It has the most unique experience and has the unique ability of the high tech and digital content to make a difference to your audience,5
2d19fb73-7164-4264-97cb-d5f1e086664c,this app is superr❤️‍🩹❤️‍🩹,5
dee596c8-aff1-4ea9-a848-799315fa8ad2,4/5 because of views,4
83dd46df-e1e6-41c2-8111-e3c69943b4d3,good 👍,5
7d093030-b9ab-4543-ba38-08198689cc1b,this even deserves less than a star. The security is horrible and they use ai for banning accounts. I had 3 of my accounts banned from an unreasonable reason such as child sexual exploitation even though I've never did and they use the same reason to ban many users too. this app is so bad that they had to use AI. they had a rule where you cannot make another account once you got it banned this is not okay especially to the users that they randomly banned for no reason at all. META SUCKS amen,1
468e9c99-bdf7-4104-81f9-07e9083e9bd7,fun to use a bunch of funny stuff I like food in cars too,4
d4658903-fa9b-4aa2-a271-343b149f5c0c,اعفن برنامج,1
699748e1-545b-4310-9480-e58750518298,🥰🥰🥰,5
eb0f2e3d-a195-42e8-b50b-b0f14b5c7501,"Hello Instagram Support Team, I hope you are doing well. My Instagram account (username: heykrish_090) has been disabled or I am unable to log in. I believe this action may have been taken by mistake, as I have always tried to follow Instagram’s Community Guidelines and Terms of Use. This account is very important to me as it contains my personal connections and data. I kindly request you to review my account again and restore it as soon as possible.",1
93ddd302-19f4-43bb-bee3-822f02e1c04f,Nice app ☺️💯,5
d9b86dea-793e-4647-8ea0-6acb5e088c88,very nice instagram,5
bea49e8a-42e2-4703-9f0a-b992e0609af9,The app with the best visuals to use an very aesthetic photos.,5
5de4deeb-27ac-4e54-9eb7-c0ad6c32ce09,satisfied,5
d5eb16b0-23c5-4806-a6d4-49b6d440f068,good,5
f9dbb633-d828-4955-b0fa-c631ffabd45f,"Neither I am able to repost reels not I am able to see repost of others. Also, I am not able to reply to the comments of my story. Why is Instagram discriminating me? Is it only me?",1
f0d802fa-1ca5-4088-bbea-2ff111beee11,good experience,5
345b2997-4e72-40ac-8a93-5a82a571070a,🌟🌟🌟🌟⭐,5
572ac94e-ce8c-4eb5-8431-4fea5fefc219,Not able to share reels as my WhatsApp status directly...instead of it only reels link's are been shared in whatsapp status...,5
f5800a1d-da80-468d-bc5b-945f6bb064ef,most dangerous,5
a1460cdb-dd8c-4407-96c1-c7e9626ce44b,"I keep forgetting I'm not getting it. The OTP isn't coming, the ID isn't being logged in, and the I'm password is automatically resetting. What should I do now? This is an Instagram problem. Please solve it. 😡😡",1
4acd8341-91c9-46c5-90d6-b5f80dbe3220,Instagram me Acha he,5
a4dd3f1d-9f84-40e1-88d4-f298db072ee7,onal time pase,1
501c6e03-96c4-4ee3-be08-304f158a72b3,very good,5
64ad7380-6247-4a78-98ad-2dfc22606e84,very good app,4
7fca2aab-72bb-4848-8b35-7e4b6926e95b,nice,5
7b591834-56db-467f-9a59-70632b3bb66c,very nice 👍,5
02b6a57f-537d-4f79-8929-64111bd2458c,"sometimes racist sometimes not, sometimes funny sometimes outrageous. love it",5
44ea3ec0-9f04-489e-9ef9-43a42d8011bf,vera level,5
81368d5b-3509-474e-b386-35a9ede3f92e,🥰❤️,5
d0a720f9-c0db-4fcc-9779-034a2d3ddd57,nahhh,4
f5f40235-1250-45a9-8653-2f56ada693d9,😎,4
551f588d-0118-4920-9a91-ea97eb765717,👍,3
ec874a7f-a112-4114-85f7-900b6d92328c,my account was suspended without any reason who's I'd name (anujsaini190),1
47713e03-a67f-4f3b-993f-177d8db4170c,ok,5
50ae4f4c-31f6-4356-b628-c3df15e89160,nice platform,5
955e152c-5c32-4271-a81a-8d2fa9d2e0ac,incredibly difficult to use in 2026,1
dda35d51-e0c7-4410-88a0-3e1ba2d09222,super interested time pass app,5
e640641e-d6ac-4bbc-a4fa-9374db8624e3,good experience,5
2072a9eb-2386-429e-8b38-6a4448607aca,ye app mujhe ignore kare raha hai fir bhi me ise app ko like karta I like this 💙💙💙🥰🥰,5
5c3c0568-d1b0-4a80-810a-1a3be70fda21,"Glad to have the app, I learned many things and it helped a lot. Thank you.",5
6f34ab62-61d9-47e5-99a1-e05284253c01,it's nice app,5
8053db30-4113-470c-a7e3-7144e71e5bf3,Good,5
c5b5aa1a-0b33-4d25-a5b0-edead32b7fbe,not able to login to my accounts. one account was suspended by your mistake and I have lost all my data. now I have created a new account and I'm unable to login to app. I am able to login using web browser with same credentials.,1
c669fe3e-e72f-4ab9-a5c9-4bec4cbc4b8a,bad😔,1
6a3ace6e-e080-4891-82e2-54f4fe2833a4,sooooooooooo good 😊💯,5
30486a4a-22e2-48ac-8dfe-87fcb92dee1f,mast hai but mera reels viral nhi hota🥲🥺,5
02127658-f131-4dd8-843d-a090b07264e7,Excellent,5
e3b7c302-ea10-46a2-b934-b76d76ecc272,best app,5
d8edb73c-2c67-4b27-a1b4-c9c18264957b,This app is my favourite 🥰,5
93eeea1f-469f-4884-937d-62c4739e4087,"i hate it, even though the password is correct it still says incorrect. i hate it so much it make my blood boil, this app is so ugly",1
1751ecfe-bafa-40c8-b19c-9fb8cdd9f8b7,"not feel the right plateform for entertainment or any purposes, totally disappointed with this app. anyone can't express his opinion and feelings. it has a lot of unnecessary restrictions. I hope this is a useless app",2
8cff51fa-9dbf-4425-b5bb-8f06859dacdd,password shi hone pr bhi incorrect bta rha aap 4. baar uninstall krke install Kiya phir bhi nhi ho rha and I'd me jo no.and e-mail hai vo bhi mere pass hai phir nhi ho rha login instagram ke khud ke send kiye sms dalne pe vo bhi incorrect dikha rha vahiyad aap hai instagram walo ko email kr diya ki ye problem hai phir bhi solve nhi kiya,1
4cced1b2-e44c-4487-a2e2-8fc84265ef08,better post and has updated the bar to using photo colleges instagram you're instagramous application. lots love in Sharing.,5
1d73d306-2ff9-4d77-8701-a8163b8ba54c,"if i make reels, after making reels i am unable to use the effects, it's totally irritating",2
5a6a9df8-9d9a-4cf2-a675-469fc10fd0a1,very nice,1
6c883127-f411-4795-b599-fe2370e88771,best,5
70e8390e-9cd7-4371-92b1-3ec3bae65c89,wow 😮,4
ad23e2f2-d131-405c-8f42-8c2f4139a3bf,nice ☺️,5
955f5116-4ef4-4f3a-b800-7194b4a45bbf,Addicted,1
bedfdf03-4f8e-4f4d-b0c4-de6f2c4bfd57,this is useful app this is very good for our time it is necessary to consume more time and happy also 🙏🙏🙏🙏💘🙏💘🙏💘💘💘🙏💘💘🙏🙏💘💘💘💘💘💘💘💘💘💘💘💘💘💘💘💘💘💘💘💘💘💘💘💘💘💘💘💘💘💘,5
f467257e-18ae-4aec-b53a-5173900ae6cb,This is a good app to have conversations and connections with frnds and family,4
f27e97cc-8c86-439b-844b-f021821d05a6,instagram disabled my account permanently without any reason. why? I was submitted my all information and IDs. instagram is very bad application I hat instagram. I hope Instagram application technology permanently crashed.,1
bed9350e-1e00-4431-b7bb-8b9d86af1218,very bad,1
f433ae82-1176-41e5-9528-3cd06f3fc66a,IT is a good app,5
b4ff9ef8-ef51-487c-a51d-1c7db2747f58,Very Nice,5
4c0e162c-ba81-4665-a114-79d4c7546ecd,Good,5
3886d1c4-9576-44f5-9c59-f515520440a4,reels viral nhi hu rahi okay 🥹,5
f45b01ae-969c-49a2-b31e-192135b35705,it's very fast and addictive 😂,5
5b869980-ceb9-4ae7-ab47-18b6a0344578,its excellent💯💯💯💯💯💯💯💯💯💯💯 7,5
24517a1d-f6c5-4fbd-bca4-eabaa95695cd,This app is absolutely useless. This app has suspended my ID three times and it is just a waste of time and now I will never use this app in my life.,1
d2c33735-7d69-4acc-8b4d-4d0f5927796d,me Instagram ki hi aap se aditing karta hu dusri aap se nahi bat fir bhi like nahi aate reel dalo to Instagram se hai original addit karke na ki dusre aap se I'm so happy Instagram aap good,5
c8693539-da17-4e2b-85d5-4da6cc5a14b5,it helped me meet him,5
ad14bc13-b6bd-44af-8235-26be049d7fd5,good,5
edc8c776-c53c-4001-b12b-d1dc55df46de,nais,5
46b22525-0dd5-405a-a521-fce4129fe3b8,best on earth,5
9fcb3b69-64df-4bdc-8290-cf08bb237263,my 3 I'd suspend and My girlfriend's ID is not getting logged in. I have the username and password but still I am not able to login. Please help me.,1
d691cd86-722f-4f1f-b35a-783edf24f192,❤️❤️,5
9a298b74-b779-46b4-bd44-2bc11ec843a5,Good PRO OOOOOO,5
0cab3ea3-1b41-4f85-93e4-95a45beece10,Kto to pisze? kompletnie nie intuicyjne i zbagowane. nie da sie cofnac tworzenia posta zawsze te same zdjecia. odwieczny problem z proporcjami zdjeć...,1
699e93f7-2eac-43bd-9257-70827ab75242,Fairly professional,5
88402d4c-cd26-427e-8051-a7aee46b3216,i really like this app🫶🏻🫶🏻,5
8e66e5a4-c382-42e3-ac9f-6a2d66ad9262,very very very very good 👍🏻😊,5
63614a83-b586-4ae6-998a-97357eb5a269,"Clean design and fun features. Perfect for sharing photos, reels, and stories.",5
a2679856-f596-4d43-83cf-faf0240587ec,super instagram,5
3e38de97-98e0-4452-8929-1a42ee492717,kenapa app instagram di hp saya tidak bisa login semua akun ? padahal sudah saya uninstall lalu saya install ulang,4
68cc554d-9f4b-4c4a-abe0-c76645821ea8,No views at all,1
5441a94f-699b-4349-abe5-f90bf68f9736,Instagram dawnlod,5
89b66413-fd29-489c-aaea-3d1f982f5a31,Enjoyable and entertaining,4
7307b5cb-7c13-4d54-b9e9-73c5edbd8dec,please fix the following buttons it dont working,2
e0181910-06de-45e2-96c6-a41d9c631e94,good,5
e9611681-c3bf-4822-b7d0-7aa5f823363b,banned my account without any reason and i appealed 2 time then my id gone,1
1ad94bf1-6da4-4c25-97e8-8c7e2a92f79b,cringe aap,5
ae67abc5-d0ed-400d-9c88-fb9744e5d596,😉,5
ac91fbd2-bab2-460a-a0b8-199e9d660c25,My instagram followers,5
c6f3f92f-2e0f-4344-8d4a-29f0ba350dc8,Not updated,1
5ae10809-bb5f-467c-b56d-3abbd05ef2e3,i get what I want,5
3654d0df-ffb4-4564-be8c-b05dc244afa1,it is most most joyful app it is an extraordinary,5
ef16c39d-e4f7-4aba-b122-cae587956cf0,out standing..enjoyed all posts..well done... 🏆🏆🏆,5
b3e3306c-80e6-47f7-a601-82255b3c1612,trying to get more views,3
9b3b683c-ff30-4fe1-b634-1a20f4ea4435,It's not getting updated!!!!!,5
04055055-66ab-4a4d-94f3-d4f5cd4f13ee,That is good 😊,1
f4e5f31d-5ae3-484a-a284-02030fb4a2ac,mandatory ads unless I pay? no. I close the app every time it says ad break so congrats,1
99c0c07d-20e5-4e9f-bb75-3cb3115fbc54,nice👍,5
9829ee9b-356d-4229-a605-7839c5bda8e9,so sweet,5
61bbf3ee-ef2c-4a38-881b-71f1a55ad186,good app 👍🏻,5
323b9a20-5422-4a7d-8d22-a54265f99d90,Nice,4
ae58ed0a-ee69-4efa-9daa-fd114f1edb9b,best,5
1a585082-cca1-4aa9-8f75-1c42fc02a126,a very nice app I enjoy and advertise my business,5
2f67cd92-4a11-4a16-8f9d-84f8f01ef665,good,4
6128708b-1a85-406a-a677-cc8f5362205f,"Dear Instagram, when I post a reel on my story and I watch it after 2/3 hours, it's automatically deleted. I clearly remember that I didn't delete it.",3
6507f136-b8ad-4c8f-86d7-b028ca75b4ce,this is the main source for creators to be viral,5
9069f07a-5fba-4b04-8765-73bd5ca57028,best app,5
5152122b-d7b3-4815-bd48-7ccb94d1ad94,i have started a new journey and instagram helped me in this❤️❤️,5
3b236aca-6c41-412e-96e3-a5f03d55035b,I think it's cool 💥💯,5
ea7ea994-bf61-4ee3-af0e-33ac6582896a,Excellent,5
dbfaaecf-a070-4289-b5a8-4e11bb3012d3,nice Instagram happy,5
aee3e39e-20b3-44fd-a081-fada14342cd2,mast hai,5
7271f563-f239-4fcb-adc8-c97e17fd8945,this helped me so much I love this app 10/10,5
c62bb387-6f99-4062-badd-4ad43c15ddf7,"Most disgusting app ive seen ever .. my instagram everything is normal post, they have no reason to disable my account even i open a new one as well...Cant find anywhere to email them about the issue and seems they are not care about it as well ..",1
1bccc00b-15cf-4a58-8a9a-c28b207a8a32,Fantastic app for socialising,4
eca0d261-a670-432e-bb07-b2d5e16e523d,good,5
582275e4-50e3-4a72-9838-a63600737657,My Everyday Time Pass,5
0da96818-f881-4659-aef9-1d8b40c4e3a9,viral my reel,5
1c82cf31-4540-40e4-85fa-2bb75e2f10b8,i love Instagram,5
1b5d026a-2c22-445f-9e57-3a70f48ee63b,best,5
79a11dae-9da2-4483-b57d-c08412499a3c,Superb and amazing 🤍,5
06b1503e-e7a9-4009-bafc-6188772da779,not good very much,5
657da6ed-7037-4e23-85e4-a66275ea6dbd,Excellent 👍,5
9b8a498d-b16f-4104-8f0e-916a58e62ab7,this is useful for reels,3
9cd46097-49fe-49de-8168-ef56956dbda2,your new explore feature sucks. sucks real bad.,1
d438a3d7-fc0e-49a2-9e5d-0f4a14f1e20e,"nice,but sometimes it becomes more cool than me🤭",4
e54782be-d531-4676-9b2f-635b4e6011f8,my experience is a beautiful filter and video is very clean,5
c36db326-6d42-4a35-b9b3-54d501c2e2ca,nice aap,5
b6994404-16a6-464f-b0fa-ebe89fa7e42b,nice entertainment website,5
aa1ca293-4e22-486f-9785-44eef1478326,Thanks for providing that much storage now I can see my very very old picture easily,5
37d34314-6a89-41c0-aa64-4db1786c6c8f,good,5
afb1d55a-cef5-4e81-ae77-89de4becad82,excellent,5
05c6e916-b82e-457a-b16f-79e7093bac25,amazing,5
4d853706-c3bb-492d-8796-323e846f5031,besttttt,5
bb8438db-8c82-49d9-836c-d24dddedc4b0,Nice application,5
ebfac52e-9270-46c0-bed7-36373067eddf,my account is disabled from the instagram please instagram sol my problem,1
01d6bbd5-1121-4b4d-846b-b37af9dc6503,very good app,5
9c0bb39c-f539-4c1d-86be-29e41861ed5a,excellent,5
4142e499-9764-41d3-9cb9-90f453b2ff0e,it's a best app for talking friends and being a social influencer,5
264ab75f-d983-4903-b5fb-3e70f14adcb9,can't breathe without getting suspended,1
dd5df7a0-20fc-4b1d-ac26-b6c2976c9b33,Instagram vall kore di yaok Bhai I'd is khola jobwa nai please instagram vall kore diyaok please instagram,2
3e2f58e2-80fc-4081-9cca-d5884a892230,I like Instagram on Google pixel bc it's less addictive and it's better than dope meme iPhones personally. iphones are addictive towards doom scrolling. Google pixel is different. honestly Instagram is a really good app on here.,5
dd464c36-f2f5-48c5-be2c-b8331dfc9f77,Good,5
0af89890-2b82-4587-8c20-288e2e8ef51d,"I'm living in Kyrgyzstan these days insta here is so bad ,like from previous 2 years I wasn't able to upload a post with music without vpn ,and now I have saved all my fav music to post them later on my post bht they aren't showing even I connect it with vpn , plz solve this problem u can't post on insta due to this reason",2
3b1a1a5e-8bcc-4642-bb9c-a8876c347f48,"Hello! Team Meta, I think due to some reasons or maybe community guidelines violation you've shadow banned my Instagram account but in my knowledge I have not violated any guidelines or maybe did some by mistake so please review my account and fix this issue. I'll definitely read your community guidelines and never make any mistake again, and also I've uploaded a screenshot of my account so it'll be easy for you to review it. Thanks",5
342d91df-c716-41f6-b586-152474093a38,my feed is bast,5
f6968ac0-e97d-4df9-b429-ae18d361897b,this app is very good for time pass,3
888bdc93-a07e-4bf1-a8fe-394f98f7bf0c,nice app 🤗,5
38bdfe96-f4be-4548-a6d2-6ec24bd875e9,"""Greetings Instagram Team, My account (yourusername) has been deactivated and I have tried every possible way but not able to get it back and I believe this is a mistake from your side as I have always followed all community guidelines and terms of service. I request you to please review/analyse my account and reactivate it as soon as possible. I have put alot of efforts in growing my page. Thank you Cheers (Yourname/ userid",1
e27e3d04-7f78-4b1a-b60a-0bbba5628257,very very very good app please install it 🙂,5
122ecaac-e28f-4371-817e-cd91641d2f8a,auto scroll not available,2
5bca8924-8dfd-4230-8bf0-eea84fe55b8f,glitch app,5
b0211817-20c2-4294-ac86-c82415558b21,the algorithm is trash and my followers do not see my content,1
1fa8b5da-1aca-4f82-a002-c6ac7b7d39d1,"very very good, nice and interesting 👍 app 👍 😀 👌",5
e79335ef-7530-4a8c-92e4-61cbbb7ece98,just love it 🤩,5
42d0e935-ed6a-4562-9d0b-5c064e65e488,5 star,5
dafeb6f1-abd6-43dc-b748-1baec9ae76b1,please turn on the 30# features 5# aren't getting views please bring it back🙏,1
1d80078d-6f91-40a8-9c38-a0873bd696fc,"This is a good app for good people, but it is bad for bad people. The way you use the app will determine whether it brings you benefit or harm.",4
b00f6c0c-33e2-4e92-87e4-a663f588fb28,best app,5
2e7467df-8d2d-4262-9e0e-a3375ae1cd2b,Good,5
4d3d1eb5-dd7e-421c-bfe5-641c858946b8,very very gorgeous app🫣🫶🏻,5
5e905b4e-865d-4535-bd47-0444eab01a75,good,5
d247fa9d-2cc7-410b-adc8-f302a88357cf,this is nice,4
e53422f0-85ab-4131-9678-aa785b5630e0,please help,1
c44a1b38-7e47-4b6b-bb6d-3d4a813958af,i just love it,5
11658457-7171-4e59-8b6f-84c0bb66f2d8,nice,5
bd279d31-04b0-4036-9fb1-bfd61da6ca8c,my account is suspended without any reason,1
c34b7772-674f-47cf-aea5-1434d2d2ba47,good!!!,5
7e4a33ee-9af7-45d0-9029-5b440f0bd448,good,5
4f97d8d1-a6b8-4776-9a65-f9fd16e6c198,"Instagram needs to take stricter action against spam and adult-content accounts. I’ve recently seen many fake profiles with names like ‘Flipkart’ or random usernames posting sexual videos ads . These accounts often use misleading links to Telegram, which is unsafe. Reporting helps, but such accounts keep appearing.",1
d6236857-8609-4ecf-9736-79051abcf97f,nice 😻🌟,5
139f68aa-3857-44a8-ae22-4688c8140559,This app is amazing and special for business 😃😃 😍😍😍😍😍😍,5
563a1c99-c3e0-420a-9cd1-ee29d0dd42f9,best app,5
2366be16-e2c4-4c45-a11d-fede9231d203,all are talking about app problem but this app is the biggest distraction for all students,1
e2fcbc2a-a55d-412c-b329-540576754844,shut me down on threads for no reason,1
16a1f737-04ff-415a-9acd-8b61e8440210,best app,5
c580f52b-fdc7-4ddd-9409-19dc23047c84,Instagram hang,5
54e5e849-774a-4ee8-b13a-206c47c6ba0c,its very useful for chat and reels sharing 😁,4
35c103cc-7290-4f25-8432-874ca6a6a840,"data saver for reels not available (there must be option for low(240p), medium(360p), high(720p), hd (1080p). please🙏🥺😭",1
2ec5cbc7-a7d9-4604-83b3-f1e23a1d2d64,intersting ❣️,3
9c39e54f-8a36-4188-817b-0376f2c9b00a,This is the most incredible 🤩 app I have ever used. I love it 💝,5
6df1e521-c385-4800-ac3e-7a0d3f8aea3f,good,3
239fd63e-d080-4c83-9f04-6a2af3c9fde3,I just loved it.,5
26794a11-085e-4d05-8a49-dd7621a724e5,good,5
6a3e25a8-97bc-4c0c-8640-480b4ab60d47,",😄",5
0a1a2bda-dbb0-4179-ac0e-ab1f1b821439,best of Instagram,5
ca84c8a3-0fba-47c2-b00c-308eb9fe2aef,super,5
448897a4-1d34-42a7-a887-a3e3872e6652,very nice good 😊👍🏻👍🏻,5
68126db4-0904-423b-bdc7-6430fc6e97fd,Good,5
371b728d-0fd8-4bba-a5da-7cf1b8dc861a,very powerful,5
5483b495-f910-44ab-949e-05c352a1723e,جامد فشخ,5
db66a9cd-eb08-499d-ba35-ab9859f99554,excellent,5
e450ad44-3b83-43be-9367-36cd6ea40eae,I'm in love with instagram:),5
ffed941c-5aee-4be6-bb0c-e8372ed21442,Better,5
0a558a01-5c08-4296-8bac-df8f6b6cde8d,best,4
2065e8ac-a303-4bd7-a13f-52d98955b0ad,good experience and good features,3
0b9215a6-a068-493c-a410-c6772d3b347a,this is so good,1
9615c53d-b9b9-43c7-9801-4d5fe1cf2de2,"good app , I love all of the features 😍",5
ec5f6eb9-1da5-42fc-a89c-b5ee7fbab929,I need a solution to the problem of repost activity not repost up in my account. Please reply or provide a solution as soon as possible. Thank you.,2
d250203c-da5c-425e-9558-ff6fd0159a56,private account is very bad,1
9a213598-816b-4740-9015-0bcc4d24abcb,superb 😋,5
e70e3dc0-6945-4bd6-8623-4dbf669758e8,add side edges option on post,3
fd9ac67e-a10c-471e-8180-dee69ccf1f11,very good experience,5
9da4c8d1-dc45-4188-9131-cb37ce57db09,good,4
7d355164-9cf0-4411-b731-04109dd75b3b,Too many ads,2
9149f4d5-4edb-4d20-9ff2-39f2533b0d75,l need an update,5
1b496228-f154-473c-9011-8888c7676994,I love,5
8003be09-7244-46ed-95e3-4a4983a630cf,superb good nice to handle and usefull to connet my frinds thanks instagram fir tjis app,5
11219760-3102-4366-932a-3df550725c44,"You took the pausing feature off again. Not good. Also, when I get a notification and I press it, Instagram opens to the homepage and doesn't bring me to the actual notification. Bad. Even worse, the obligatory 3-second ads to resume scrolling. Take it down. This ain't YouTube.",1
d64e4a96-3298-4c9e-9c69-a01b97c062f6,som better,3
d672d346-99a7-448b-9e20-e30458a671dc,"This is a good app,",5
3afc133c-0c61-4ea6-93fd-e9b7980b735f,"hey Instagram, can u not like not restrict me for reposting too much....like unrestrict me, yuh would really appreciate it 🙂👍",4
7fad3552-667e-4546-91bd-1797e8cffd06,One of the favorite app,5
cb99cc7b-496e-4154-844e-1ca164f34f0b,best,5
595f66b1-f872-4169-a565-00f444652476,bakwas,1
cfb47440-5628-490d-97e3-7767590852dd,"Instagram is one of the most popular social media platforms today, built around sharing photos, videos, and short-form content in a simple and visually engaging way. At its best, Instagram excels in creativity and connection. The platform makes it easy to capture moments, edit them with filters, and share them instantly with friends or a wider audience.",5
df80d9d6-bfcc-4f07-bf0b-92a303a3c6e4,I cannot open my account for no reason. Its been days already. Please fix my instagram. Such a bug company yet so many bugs to fix. It ruins my everyday living hayst such a waste of time ahhhhh!!!,1
7e289d65-a748-4d8b-a896-9fd8c35e71a6,"this is good at all but chats will be deleted before we see ,so correct that rest all things in instagram everything is good 👍",3
21344a7e-7755-4a67-906c-a3b5ed3fc072,very happy,5
f7290f94-6277-4a1b-a570-a748637540be,superb 🌟,5
0c5ea46f-f03e-4024-9339-8172f8011de2,I really liked the features of this app and the upgraded system of this app.,5
c49745cd-c12b-4089-bc6a-dde7857314ad,it fries ur brain but atleast u make new friends,3
b2b7d87b-8172-42d7-b0b4-2ad04a31aa15,bahut acha h👀🫂 my love,5
10d0fe2c-8f69-4051-90ea-1a8da46a7b8f,the app is too good for me including communication,5
35e5b94f-a921-40bd-986e-50c30ede9f41,it was good 👍,5
ead2952a-1e62-48d9-87cb-43a62d0659d7,perfect,5
098ec2de-fe6b-4bec-b6b3-a42d755a574f,good,5
1f34dc3b-802b-42ca-a3cf-e0c3ddaf814e,very bad 😔 kyunki time wasting,1
05d6e90c-47b8-43b9-bde8-0dfcbbb2f091,good app,5
